drift_event_id,control_name,control_type,baseline_value,current_value,change_type,severity,operator_name,operator_email,approver_name,approver_email,change_date,change_reason,status,compliance_impact,is_approved_change,is_ci_cd_change,is_emergency_change,security_rule_score,rule_risk_level,recommended_remediation_commands,ml_risk_score,predicted_risk_level,ml_confidence,anomaly_score,anomaly_flag,anomaly_confidence,priority_score,priority_level,priority_reason,event_type,source,event_id,actor,approver,metadata
DRF00878,Control-78,Network_Segmentation,enabled=False,enabled=False,Rollback,High,Kenneth Wang,kenneth.wang@company.com,Sophia Huang,sophia.huang@company.com,2025-04-20 10:55:00,Performance Tuning,Mitigated,ISO,0,0,0,0,LOW,[],52.61,MEDIUM,59.75,0.0128,False,69.29,28.81,LOW,"Weighted rule, ML risk, and behavioral anomaly signals",,,,,,
DRF00801,Control-68,Cloud_Security,enabled=False,enabled=True,Rollback,Info,Amara Mishra,amara.mishra@company.com,Larry Reddy,larry.reddy@company.com,2025-04-20 13:05:00,Policy Change,Under_Review,PCI,0,0,0,0,LOW,[],42.85,MEDIUM,60.47,0.0252,False,49.18,22.37,LOW,"Weighted rule, ML risk, and behavioral anomaly signals",,,,,,
DRF00918,Control-94,Network_Segmentation,enabled=False,enabled=True,Rollback,Medium,Stephen Jo,stephen.jo@company.com,Paul Sharma,paul.sharma@company.com,2025-04-21 02:16:00,Performance Tuning,Under_Review,ISO,0,0,0,0,LOW,[],52.66,MEDIUM,62.67,-0.0061,True,100.0,42.0,MEDIUM,Unresolved medium-severity review floor applied,,,,,,
DRF00660,Control-63,Endpoint,enabled=False,enabled=True,Update,Critical,Sofia Sun,sofia.sun@company.com,James Kim,james.kim@company.com,2025-04-21 02:49:00,Policy Change,Drifted,NONE,0,0,0,0,LOW,[],63.47,HIGH,64.21,0.0164,False,63.54,78.0,HIGH,Critical unresolved drift floor applied,,,,,,
DRF00628,Control-40,Access_Control,enabled=True,enabled=True,Update,Low,Mark Weber,mark.weber@company.com,Paul Williams,paul.williams@company.com,2025-04-21 03:11:00,Security Update,Under_Review,GDPR,1,0,0,0,LOW,[],42.16,MEDIUM,67.56,0.0346,False,33.83,19.83,LOW,"Weighted rule, ML risk, and behavioral anomaly signals",,,,,,
DRF00574,Control-44,DLP,enabled=False,enabled=True,Enable,High,Michael Sanchez,michael.sanchez@company.com,Charles Martin,charles.martin@company.com,2025-04-21 07:26:00,Emergency Fix,Drifted,NIST,0,0,1,0,LOW,[],64.81,HIGH,67.46,0.0245,False,50.3,30.23,LOW,"Weighted rule, ML risk, and behavioral anomaly signals",,,,,,
DRF00550,Control-66,Logging,enabled=True,enabled=False,Modify,High,Stephen Huang,stephen.huang@company.com,Leila Anderson,leila.anderson@company.com,2025-04-21 08:39:00,Performance Tuning,Mitigated,NIST,0,0,0,0,LOW,[],51.81,MEDIUM,48.13,0.0328,False,36.82,23.66,LOW,"Weighted rule, ML risk, and behavioral anomaly signals",,,,,,
DRF00572,Control-21,Endpoint,enabled=True,enabled=False,Update,Low,Richard Lewis,richard.lewis@company.com,Nadia Connor,nadia.connor@company.com,2025-04-21 11:38:00,Security Update,Drifted,PCI,1,0,0,0,LOW,[],44.61,MEDIUM,71.16,0.032,False,38.13,21.33,LOW,"Weighted rule, ML risk, and behavioral anomaly signals",,,,,,
DRF00684,Control-82,Endpoint,enabled=True,enabled=False,Disable,Low,Meera Wagner,meera.wagner@company.com,Larry Williams,larry.williams@company.com,2025-04-21 20:29:00,Troubleshooting,Under_Review,GDPR,0,0,0,87,HIGH,['re-enable endpoint protection for the device and initiate a full malware scan'],65.55,HIGH,50.31,0.0029,False,85.4,79.25,HIGH,"Weighted rule, ML risk, and behavioral anomaly signals",,,,,,
DRF00949,Control-78,Vulnerability,enabled=False,enabled=True,Update,Low,Amara Guo,amara.guo@company.com,Ronald Choi,ronald.choi@company.com,2025-04-23 00:21:00,Emergency Fix,Drifted,NONE,0,0,1,0,LOW,[],43.07,MEDIUM,63.99,0.0303,False,40.79,21.19,LOW,"Weighted rule, ML risk, and behavioral anomaly signals",,,,,,
DRF00635,Control-67,DLP,enabled=False,enabled=False,Disable,Low,Riya Xu,riya.xu@company.com,Stephen Lopez,stephen.lopez@company.com,2025-04-23 02:01:00,Troubleshooting,Mitigated,CIS,0,0,0,86,HIGH,['restore DLP policy from policy-as-code and redeploy to sensitive data repositories'],54.8,MEDIUM,62.51,0.019,False,59.28,71.07,HIGH,"Weighted rule, ML risk, and behavioral anomaly signals",,,,,,
DRF00847,Control-9,Endpoint,enabled=True,enabled=True,Remove,Critical,Timothy Quinn,timothy.quinn@company.com,Brian Rodriguez,brian.rodriguez@company.com,2025-04-24 09:55:00,Troubleshooting,Compliant,PCI,0,0,0,87,HIGH,['re-enable endpoint protection for the device and initiate a full malware scan'],69.94,HIGH,56.22,0.0395,False,25.81,71.85,HIGH,"Weighted rule, ML risk, and behavioral anomaly signals",,,,,,
DRF00581,Control-1,Access_Control,enabled=False,enabled=False,Remove,Info,Anthony Anderson,anthony.anderson@company.com,Elena Davis,elena.davis@company.com,2025-04-24 11:25:00,Troubleshooting,Mitigated,NIST,0,0,0,0,LOW,[],48.66,MEDIUM,70.08,0.0522,False,5.21,17.81,LOW,"Weighted rule, ML risk, and behavioral anomaly signals",,,,,,
DRF00560,Control-48,Data_Protection,enabled=True,enabled=False,Remove,Critical,Larry Sullivan,larry.sullivan@company.com,Larry Lopez,larry.lopez@company.com,2025-04-24 19:48:00,Emergency Fix,Mitigated,PCI,0,0,1,0,LOW,[],85.23,CRITICAL,62.99,0.032,False,38.05,35.54,LOW,"Weighted rule, ML risk, and behavioral anomaly signals",,,,,,
DRF00638,Control-55,Network_Segmentation,enabled=False,enabled=True,Enable,Info,Vikram White,vikram.white@company.com,Sofia Miller,sofia.miller@company.com,2025-04-25 11:19:00,Performance Tuning,Mitigated,NONE,0,0,0,0,LOW,[],18.21,LOW,89.99,0.0475,False,12.8,8.29,LOW,"Weighted rule, ML risk, and behavioral anomaly signals",,,,,,
DRF00895,Control-65,Logging,enabled=True,enabled=False,Rollback,Critical,Robert Clark,robert.clark@company.com,Amara Anderson,amara.anderson@company.com,2025-04-26 02:00:00,Performance Tuning,Compliant,NONE,0,0,0,0,LOW,[],53.25,MEDIUM,50.07,-0.0081,True,100.0,33.64,LOW,"Weighted rule, ML risk, and behavioral anomaly signals",,,,,,
DRF00659,Control-99,Vulnerability,enabled=True,enabled=False,Update,Medium,Timothy Quinn,timothy.quinn@company.com,Sofia Robinson,sofia.robinson@company.com,2025-04-26 06:18:00,Performance Tuning,Mitigated,NIST,0,0,0,0,LOW,[],42.01,MEDIUM,55.78,0.01,False,73.89,25.79,LOW,"Weighted rule, ML risk, and behavioral anomaly signals",,,,,,
DRF00561,Control-55,Access_Control,enabled=False,enabled=True,Disable,Critical,Ronald Park,ronald.park@company.com,Anthony Hernandez,anthony.hernandez@company.com,2025-04-26 19:09:00,Troubleshooting,Compliant,NONE,0,0,0,0,LOW,[],72.52,HIGH,43.46,0.0212,False,55.59,33.72,LOW,"Weighted rule, ML risk, and behavioral anomaly signals",,,,,,
DRF00718,Control-48,Data_Protection,enabled=False,enabled=False,Disable,Info,Christopher Miller,christopher.miller@company.com,Robert Fischer,robert.fischer@company.com,2025-04-26 20:23:00,Policy Change,Under_Review,GDPR,0,0,0,0,LOW,[],68.06,HIGH,42.4,0.0049,False,82.22,36.15,LOW,"Weighted rule, ML risk, and behavioral anomaly signals",,,,,,
DRF00741,Control-62,Firewall,enabled=False,enabled=False,Update,Medium,Karan Sullivan,karan.sullivan@company.com,Vikram Fischer,vikram.fischer@company.com,2025-04-27 13:52:00,Emergency Fix,Mitigated,NIST,0,0,1,0,LOW,[],41.43,MEDIUM,54.62,0.0276,False,45.22,21.28,LOW,"Weighted rule, ML risk, and behavioral anomaly signals",,,,,,
DRF00837,Control-32,Vulnerability,enabled=False,enabled=False,Disable,High,Elena Murphy,elena.murphy@company.com,David Gupta,david.gupta@company.com,2025-04-28 13:41:00,Troubleshooting,Under_Review,ISO,0,0,0,0,LOW,[],77.58,HIGH,61.78,0.0283,False,44.09,33.77,LOW,"Weighted rule, ML risk, and behavioral anomaly signals",,,,,,
DRF00715,Control-33,Network_Segmentation,enabled=False,enabled=False,Modify,Critical,Fatima Yang,fatima.yang@company.com,Richard Burke,richard.burke@company.com,2025-04-29 04:17:00,Troubleshooting,Drifted,NONE,0,0,0,0,LOW,[],72.6,HIGH,58.85,0.0147,False,66.33,78.0,HIGH,Critical unresolved drift floor applied,,,,,,
DRF00709,Control-35,Encryption,enabled=False,enabled=False,Enable,High,Jonathan Verma,jonathan.verma@company.com,Riya Bhat,riya.bhat@company.com,2025-04-29 13:12:00,Emergency Fix,Compliant,NIST,0,0,1,98,CRITICAL,"['aws kms enable-key-rotation --key-id <key-id>', 'gcloud kms keys update <key-name> --protection-level=hsm']",41.41,MEDIUM,62.5,0.0235,False,51.97,93.0,CRITICAL,Mandatory priority floor applied for Encryption Downgrade,,,,,,
DRF00809,Control-87,Encryption,enabled=False,enabled=True,Modify,Low,Jonathan Sanchez,jonathan.sanchez@company.com,Diya Das,diya.das@company.com,2025-04-30 23:04:00,Performance Tuning,Compliant,NIST,0,0,0,98,CRITICAL,"['aws kms enable-key-rotation --key-id <key-id>', 'gcloud kms keys update <key-name> --protection-level=hsm']",25.7,LOW,72.49,0.0001,False,90.0,93.0,CRITICAL,Mandatory priority floor applied for Encryption Downgrade,,,,,,
DRF00633,Control-67,DLP,enabled=True,enabled=False,Update,High,Elena Garcia,elena.garcia@company.com,Eric Schmidt,eric.schmidt@company.com,2025-04-30 23:23:00,Performance Tuning,Mitigated,GDPR,0,0,0,0,LOW,[],50.3,MEDIUM,58.37,0.019,False,59.22,26.49,LOW,"Weighted rule, ML risk, and behavioral anomaly signals",,,,,,
DRF00661,Control-63,Data_Protection,enabled=True,enabled=True,Enable,Low,Kevin Xu,kevin.xu@company.com,Fatima Menon,fatima.menon@company.com,2025-05-01 04:44:00,Troubleshooting,Under_Review,GDPR,0,0,0,0,LOW,[],37.79,MEDIUM,59.12,0.0157,False,64.63,22.92,LOW,"Weighted rule, ML risk, and behavioral anomaly signals",,,,,,
DRF00816,Control-95,Cloud_Security,enabled=False,enabled=False,Modify,Critical,Nikhil Schmidt,nikhil.schmidt@company.com,Raja Clark,raja.clark@company.com,2025-05-02 04:00:00,Security Update,Drifted,NIST,1,0,0,0,LOW,[],83.04,CRITICAL,54.39,0.0232,False,52.39,78.0,HIGH,Critical unresolved drift floor applied,,,,,,
DRF00727,Control-20,Cloud_Security,enabled=True,enabled=False,Modify,Medium,Jonathan White,jonathan.white@company.com,Riya Perez,riya.perez@company.com,2025-05-02 11:20:00,Policy Change,Under_Review,CIS,0,0,0,0,LOW,[],56.93,MEDIUM,58.48,0.0532,False,3.54,42.0,MEDIUM,Unresolved medium-severity review floor applied,,,,,,
DRF00534,Control-60,Logging,enabled=False,enabled=False,Enable,Medium,Nikhil Jones,nikhil.jones@company.com,Neha Johnson,neha.johnson@company.com,2025-05-02 20:32:00,Troubleshooting,Drifted,PCI,0,0,0,0,LOW,[],48.08,MEDIUM,69.99,-0.0009,True,91.61,30.57,LOW,"Weighted rule, ML risk, and behavioral anomaly signals",,,,,,
DRF00699,Control-98,Access_Control,enabled=True,enabled=True,Remove,High,Charles Das,charles.das@company.com,Fatima Yang,fatima.yang@company.com,2025-05-03 07:21:00,Security Update,Compliant,GDPR,1,0,0,0,LOW,[],63.15,HIGH,43.36,0.0249,False,49.55,29.53,LOW,"Weighted rule, ML risk, and behavioral anomaly signals",,,,,,
DRF00605,Control-99,Data_Protection,enabled=False,enabled=True,Enable,Critical,Edward Choi,edward.choi@company.com,Pooja Chen,pooja.chen@company.com,2025-05-03 19:13:00,Policy Change,Under_Review,GDPR,0,0,0,0,LOW,[],65.73,HIGH,59.77,0.0259,False,48.02,30.21,LOW,"Weighted rule, ML risk, and behavioral anomaly signals",,,,,,
DRF00806,Control-60,Cloud_Security,enabled=True,enabled=True,Disable,Info,Paul Hernandez,paul.hernandez@company.com,Neha Burke,neha.burke@company.com,2025-05-03 22:28:00,Troubleshooting,Mitigated,NIST,0,0,0,88,HIGH,['restore cloud guardrail policy in policy-as-code and redeploy the policy template'],53.35,MEDIUM,53.42,0.0094,False,74.9,73.91,HIGH,"Weighted rule, ML risk, and behavioral anomaly signals",,,,,,
DRF00898,Control-48,Firewall,enabled=True,enabled=False,Update,Low,Edward Sullivan,edward.sullivan@company.com,Shruti Menon,shruti.menon@company.com,2025-05-04 18:45:00,Policy Change,Under_Review,CIS,0,0,0,0,LOW,[],42.47,MEDIUM,70.44,0.0219,False,54.53,23.04,LOW,"Weighted rule, ML risk, and behavioral anomaly signals",,,,,,
DRF00924,Control-61,Access_Control,enabled=False,enabled=False,Remove,Info,Deepika He,deepika.he@company.com,Andrew Nair,andrew.nair@company.com,2025-05-05 15:11:00,Performance Tuning,Under_Review,NONE,0,0,0,0,LOW,[],53.47,MEDIUM,49.07,0.0346,False,33.87,23.79,LOW,"Weighted rule, ML risk, and behavioral anomaly signals",,,,,,
DRF00862,Control-75,Endpoint,enabled=False,enabled=False,Disable,Info,Harsh Verma,harsh.verma@company.com,Eric Choi,eric.choi@company.com,2025-05-06 19:51:00,Policy Change,Compliant,NIST,0,0,0,87,HIGH,['re-enable endpoint protection for the device and initiate a full malware scan'],36.52,LOW,45.91,0.0254,False,48.88,63.61,MEDIUM,"Weighted rule, ML risk, and behavioral anomaly signals",,,,,,
DRF00698,Control-64,Vulnerability,enabled=True,enabled=False,Disable,Medium,Joseph Reilly,joseph.reilly@company.com,Diya Wagner,diya.wagner@company.com,2025-05-08 00:36:00,Policy Change,Compliant,GDPR,0,0,0,0,LOW,[],55.27,MEDIUM,45.85,0.015,False,65.83,29.22,LOW,"Weighted rule, ML risk, and behavioral anomaly signals",,,,,,
DRF00555,Control-25,Logging,enabled=False,enabled=False,Rollback,Low,Fatima Gonzalez,fatima.gonzalez@company.com,David Hwang,david.hwang@company.com,2025-05-08 05:54:00,Performance Tuning,Drifted,CIS,0,0,0,0,LOW,[],45.15,MEDIUM,73.44,0.0164,False,63.45,25.32,LOW,"Weighted rule, ML risk, and behavioral anomaly signals",,,,,,
DRF00587,Control-21,Network_Segmentation,enabled=True,enabled=True,Modify,Medium,Priya Schneider,priya.schneider@company.com,Christopher Reilly,christopher.reilly@company.com,2025-05-09 00:32:00,Emergency Fix,Compliant,PCI,0,0,1,0,LOW,[],44.91,MEDIUM,57.37,0.0036,False,84.28,28.36,LOW,"Weighted rule, ML risk, and behavioral anomaly signals",,,,,,
DRF00848,Control-6,DLP,enabled=False,enabled=False,Modify,Medium,Elena Thomas,elena.thomas@company.com,Timothy Murphy,timothy.murphy@company.com,2025-05-09 02:08:00,Performance Tuning,Remediated,ISO,0,0,0,0,LOW,[],44.04,MEDIUM,61.49,-0.0095,True,100.0,30.41,LOW,"Weighted rule, ML risk, and behavioral anomaly signals",,,,,,
DRF00675,Control-4,Data_Protection,enabled=False,enabled=False,Update,Critical,Thomas Hernandez,thomas.hernandez@company.com,Amara Clark,amara.clark@company.com,2025-05-09 20:43:00,Troubleshooting,Remediated,GDPR,0,0,0,0,LOW,[],48.55,MEDIUM,53.91,0.0199,False,57.86,25.67,LOW,"Weighted rule, ML risk, and behavioral anomaly signals",,,,,,
DRF00773,Control-70,Encryption,enabled=True,enabled=True,Update,Medium,Nicholas Martinez,nicholas.martinez@company.com,Matthew Park,matthew.park@company.com,2025-05-10 19:19:00,Security Update,Remediated,CIS,1,0,0,0,LOW,[],32.45,LOW,53.96,0.0209,False,56.17,19.78,LOW,"Weighted rule, ML risk, and behavioral anomaly signals",,,,,,
DRF00645,Control-8,Logging,enabled=False,enabled=True,Rollback,Low,Sophia Reilly,sophia.reilly@company.com,Shruti Taylor,shruti.taylor@company.com,2025-05-11 12:45:00,Troubleshooting,Mitigated,NIST,0,0,0,0,LOW,[],35.23,MEDIUM,52.12,0.0182,False,60.52,21.41,LOW,"Weighted rule, ML risk, and behavioral anomaly signals",,,,,,
DRF00513,Control-21,Data_Protection,enabled=False,enabled=False,Remove,Low,Christopher Lim,christopher.lim@company.com,Aisha Schmidt,aisha.schmidt@company.com,2025-05-11 21:01:00,Policy Change,Remediated,GDPR,0,0,0,0,LOW,[],51.0,MEDIUM,47.76,0.0013,False,88.11,31.07,LOW,"Weighted rule, ML risk, and behavioral anomaly signals",,,,,,
DRF00526,Control-45,Vulnerability,enabled=False,enabled=True,Rollback,Info,Kenneth Lewis,kenneth.lewis@company.com,Michael Smith,michael.smith@company.com,2025-05-11 21:53:00,Policy Change,Under_Review,CIS,0,0,0,0,LOW,[],43.21,MEDIUM,62.22,-0.0017,True,92.94,29.06,LOW,"Weighted rule, ML risk, and behavioral anomaly signals",,,,,,
DRF00728,Control-81,Cloud_Security,enabled=True,enabled=True,Remove,High,Charles Hernandez,charles.hernandez@company.com,Brian Harris,brian.harris@company.com,2025-05-12 11:58:00,Policy Change,Under_Review,NIST,0,0,0,88,HIGH,['restore cloud guardrail policy in policy-as-code and redeploy the policy template'],90.11,CRITICAL,72.89,0.0554,False,0.0,75.54,HIGH,"Weighted rule, ML risk, and behavioral anomaly signals",,,,,,
DRF00789,Control-95,Cloud_Security,enabled=True,enabled=False,Disable,High,Paul Patel,paul.patel@company.com,Steven Xu,steven.xu@company.com,2025-05-12 14:18:00,Policy Change,Compliant,CIS,0,0,0,88,HIGH,['restore cloud guardrail policy in policy-as-code and redeploy the policy template'],70.66,HIGH,58.56,0.039,False,26.66,72.73,HIGH,"Weighted rule, ML risk, and behavioral anomaly signals",,,,,,
DRF00763,Control-93,DLP,enabled=False,enabled=False,Update,High,Sofia Guo,sofia.guo@company.com,Leila Lim,leila.lim@company.com,2025-05-13 05:16:00,Policy Change,Remediated,NIST,0,0,0,0,LOW,[],45.33,MEDIUM,63.71,0.0245,False,50.3,23.41,LOW,"Weighted rule, ML risk, and behavioral anomaly signals",,,,,,
DRF00948,Control-56,Access_Control,enabled=False,enabled=True,Remove,Info,Anthony Fischer,anthony.fischer@company.com,Pooja Verma,pooja.verma@company.com,2025-05-13 08:48:00,Policy Change,Compliant,NIST,0,0,0,0,LOW,[],39.39,MEDIUM,54.32,0.0529,False,4.02,14.39,LOW,"Weighted rule, ML risk, and behavioral anomaly signals",,,,,,
DRF00761,Control-1,Vulnerability,enabled=False,enabled=False,Modify,Critical,Sanjana Davis,sanjana.davis@company.com,Karan Martinez,karan.martinez@company.com,2025-05-13 08:55:00,Troubleshooting,Remediated,NONE,0,0,0,0,LOW,[],49.81,MEDIUM,53.59,0.0503,False,8.3,18.68,LOW,"Weighted rule, ML risk, and behavioral anomaly signals",,,,,,
DRF00721,Control-42,Firewall,enabled=True,enabled=False,Modify,Low,Ryan Li,ryan.li@company.com,Ryan Huang,ryan.huang@company.com,2025-05-13 12:43:00,Security Update,Compliant,NIST,1,0,0,0,LOW,[],21.29,LOW,82.29,0.0435,False,19.33,10.35,LOW,"Weighted rule, ML risk, and behavioral anomaly signals",,,,,,
DRF00977,Control-71,Firewall,enabled=False,enabled=False,Enable,Low,Priya Han,priya.han@company.com,Zainab Hwang,zainab.hwang@company.com,2025-05-13 16:26:00,Performance Tuning,Under_Review,NONE,0,0,0,0,LOW,[],30.19,LOW,54.87,0.0394,False,25.99,14.46,LOW,"Weighted rule, ML risk, and behavioral anomaly signals",,,,,,
DRF00632,Control-89,Encryption,enabled=True,enabled=True,Update,Low,Shruti Han,shruti.han@company.com,Maria Jones,maria.jones@company.com,2025-05-13 16:33:00,Troubleshooting,Drifted,GDPR,0,0,0,0,LOW,[],45.16,MEDIUM,72.3,0.0311,False,39.48,21.73,LOW,"Weighted rule, ML risk, and behavioral anomaly signals",,,,,,
DRF00600,Control-89,Encryption,enabled=True,enabled=True,Update,Info,Joshua Meyer,joshua.meyer@company.com,Andrew Mishra,andrew.mishra@company.com,2025-05-14 15:56:00,Emergency Fix,Mitigated,CIS,0,0,1,0,LOW,[],23.34,LOW,76.21,0.0498,False,9.02,9.52,LOW,"Weighted rule, ML risk, and behavioral anomaly signals",,,,,,
DRF00881,Control-77,Data_Protection,enabled=True,enabled=True,Update,Low,Richard Chen,richard.chen@company.com,Steven Kumar,steven.kumar@company.com,2025-05-15 00:01:00,Performance Tuning,Drifted,CIS,0,0,0,0,LOW,[],46.37,MEDIUM,69.06,0.0239,False,51.23,23.91,LOW,"Weighted rule, ML risk, and behavioral anomaly signals",,,,,,
DRF00689,Control-85,Vulnerability,enabled=False,enabled=True,Update,Medium,Priya Kumar,priya.kumar@company.com,Richard Huang,richard.huang@company.com,2025-05-15 12:36:00,Policy Change,Compliant,ISO,0,0,0,0,LOW,[],27.26,LOW,62.45,0.0554,False,0.0,9.54,LOW,"Weighted rule, ML risk, and behavioral anomaly signals",,,,,,
DRF00649,Control-35,Data_Protection,enabled=False,enabled=False,Remove,Medium,Richard Sullivan,richard.sullivan@company.com,Harsh Muller,harsh.muller@company.com,2025-05-15 14:38:00,Security Update,Drifted,CIS,1,0,0,0,LOW,[],73.28,HIGH,65.82,0.0435,False,19.33,28.55,LOW,"Weighted rule, ML risk, and behavioral anomaly signals",,,,,,
DRF00662,Control-35,Logging,enabled=True,enabled=False,Update,Low,Isha Martinez,isha.martinez@company.com,Harsh Quinn,harsh.quinn@company.com,2025-05-15 17:12:00,Emergency Fix,Remediated,PCI,0,0,1,0,LOW,[],20.32,LOW,84.83,0.0388,False,27.01,11.16,LOW,"Weighted rule, ML risk, and behavioral anomaly signals",,,,,,
DRF00855,Control-32,Cloud_Security,enabled=True,enabled=False,Modify,Low,Donald Becker,donald.becker@company.com,Richard Moore,richard.moore@company.com,2025-05-17 04:43:00,Security Update,Remediated,NONE,1,0,0,0,LOW,[],27.19,LOW,67.77,0.0096,False,74.62,20.71,LOW,"Weighted rule, ML risk, and behavioral anomaly signals",,,,,,
DRF00759,Control-44,Data_Protection,enabled=False,enabled=False,Rollback,Medium,Gary Muller,gary.muller@company.com,William Reilly,william.reilly@company.com,2025-05-17 06:50:00,Performance Tuning,Remediated,NONE,0,0,0,0,LOW,[],38.06,MEDIUM,60.61,0.0163,False,63.66,22.87,LOW,"Weighted rule, ML risk, and behavioral anomaly signals",,,,,,
DRF00879,Control-39,Network_Segmentation,enabled=False,enabled=True,Enable,Low,Zainab Quinn,zainab.quinn@company.com,Nicholas Patel,nicholas.patel@company.com,2025-05-18 08:22:00,Policy Change,Remediated,CIS,0,0,0,0,LOW,[],21.87,LOW,78.91,0.0307,False,40.19,13.68,LOW,"Weighted rule, ML risk, and behavioral anomaly signals",,,,,,
DRF00614,Control-56,DLP,enabled=False,enabled=True,Rollback,Low,Christopher Schmidt,christopher.schmidt@company.com,Aisha Kim,aisha.kim@company.com,2025-05-18 15:44:00,Performance Tuning,Mitigated,ISO,0,0,0,0,LOW,[],33.64,LOW,47.05,-0.0036,True,96.03,26.18,LOW,"Weighted rule, ML risk, and behavioral anomaly signals",,,,,,
DRF00615,Control-70,Data_Protection,enabled=False,enabled=False,Update,High,Joshua Taylor,joshua.taylor@company.com,Edward Williams,edward.williams@company.com,2025-05-18 20:43:00,Emergency Fix,Drifted,ISO,0,0,1,0,LOW,[],66.44,HIGH,49.88,-0.0109,True,100.0,38.25,LOW,"Weighted rule, ML risk, and behavioral anomaly signals",,,,,,
DRF00586,Control-53,Access_Control,enabled=True,enabled=False,Disable,Medium,Sophia Williams,sophia.williams@company.com,Zainab Patel,zainab.patel@company.com,2025-05-19 00:38:00,Security Update,Compliant,PCI,1,0,0,0,LOW,[],58.11,HIGH,40.49,0.0074,False,78.13,32.06,LOW,"Weighted rule, ML risk, and behavioral anomaly signals",,,,,,
DRF00788,Control-84,Logging,enabled=True,enabled=True,Modify,High,Nikhil Guo,nikhil.guo@company.com,Thomas Wang,thomas.wang@company.com,2025-05-19 08:44:00,Security Update,Remediated,NONE,1,0,0,0,LOW,[],33.95,LOW,49.51,0.0293,False,42.47,18.25,LOW,"Weighted rule, ML risk, and behavioral anomaly signals",,,,,,
DRF00760,Control-4,DLP,enabled=False,enabled=False,Update,High,Matthew Robinson,matthew.robinson@company.com,Edward Liu,edward.liu@company.com,2025-05-20 00:51:00,Security Update,Mitigated,NIST,1,0,0,0,LOW,[],46.14,MEDIUM,50.66,0.0138,False,67.66,26.3,LOW,"Weighted rule, ML risk, and behavioral anomaly signals",,,,,,
DRF00640,Control-13,Vulnerability,enabled=True,enabled=True,Disable,High,Diya Verma,diya.verma@company.com,Pooja Schneider,pooja.schneider@company.com,2025-05-21 08:26:00,Emergency Fix,Under_Review,ISO,0,0,1,0,LOW,[],78.77,HIGH,61.3,0.0384,False,27.59,31.71,LOW,"Weighted rule, ML risk, and behavioral anomaly signals",,,,,,
DRF00694,Control-67,Data_Protection,enabled=True,enabled=False,Enable,Low,Raja Anderson,raja.anderson@company.com,Sofia Sharma,sofia.sharma@company.com,2025-05-22 09:34:00,Performance Tuning,Drifted,GDPR,0,0,0,0,LOW,[],38.96,MEDIUM,54.44,0.0513,False,6.62,14.63,LOW,"Weighted rule, ML risk, and behavioral anomaly signals",,,,,,
DRF00891,Control-53,Vulnerability,enabled=False,enabled=True,Rollback,Critical,Charles Muller,charles.muller@company.com,Robert O'Brien,robert.o'brien@company.com,2025-05-23 11:57:00,Emergency Fix,Compliant,PCI,0,0,1,0,LOW,[],50.78,MEDIUM,64.43,0.039,False,26.65,21.77,LOW,"Weighted rule, ML risk, and behavioral anomaly signals",,,,,,
DRF00971,Control-16,Cloud_Security,enabled=True,enabled=False,Rollback,Low,Matthew Sanchez,matthew.sanchez@company.com,Nicholas Miller,nicholas.miller@company.com,2025-05-24 12:10:00,Policy Change,Remediated,GDPR,0,0,0,0,LOW,[],25.31,LOW,72.75,0.0468,False,13.88,10.94,LOW,"Weighted rule, ML risk, and behavioral anomaly signals",,,,,,
DRF00960,Control-50,Access_Control,enabled=True,enabled=True,Modify,High,Larry Lee,larry.lee@company.com,Timothy Wilson,timothy.wilson@company.com,2025-05-25 13:01:00,Policy Change,Under_Review,CIS,0,0,0,0,LOW,[],71.4,HIGH,53.34,0.0192,False,58.87,33.82,LOW,"Weighted rule, ML risk, and behavioral anomaly signals",,,,,,
DRF00663,Control-30,Logging,enabled=False,enabled=False,Remove,Critical,Arjun Garcia,arjun.garcia@company.com,Akshay Perez,akshay.perez@company.com,2025-05-26 11:16:00,Troubleshooting,Compliant,GDPR,0,0,0,97,CRITICAL,"['aws logs put-retention-policy --log-group-name <group> --retention-in-days 365', 'az monitor diagnostic-settings create --name <setting> --resource <resource-id>']",69.14,HIGH,50.17,0.0437,False,19.08,92.0,CRITICAL,Mandatory priority floor applied for Audit Logging Disabled,,,,,,
DRF00573,Control-65,Endpoint,enabled=True,enabled=False,Modify,Info,Jacob Sharma,jacob.sharma@company.com,Kevin Han,kevin.han@company.com,2025-05-28 12:23:00,Security Update,Compliant,NONE,1,0,0,0,LOW,[],19.22,LOW,87.03,0.0328,False,36.81,12.25,LOW,"Weighted rule, ML risk, and behavioral anomaly signals",,,,,,
DRF00822,Control-84,Firewall,enabled=False,enabled=True,Disable,Critical,Ryan Ghosh,ryan.ghosh@company.com,Eric Jang,eric.jang@company.com,2025-05-29 18:13:00,Policy Change,Remediated,ISO,0,0,0,0,LOW,[],87.22,CRITICAL,68.31,0.0375,False,29.16,34.9,LOW,"Weighted rule, ML risk, and behavioral anomaly signals",,,,,,
DRF00729,Control-23,Access_Control,enabled=False,enabled=True,Disable,Critical,Mark Bhat,mark.bhat@company.com,Maria Sullivan,maria.sullivan@company.com,2025-05-30 03:43:00,Troubleshooting,Remediated,CIS,0,0,0,0,LOW,[],83.45,CRITICAL,57.39,0.0165,False,63.36,38.71,LOW,"Weighted rule, ML risk, and behavioral anomaly signals",,,,,,
DRF00946,Control-57,Logging,enabled=True,enabled=True,Enable,Medium,Donald Reilly,donald.reilly@company.com,William Moore,william.moore@company.com,2025-05-30 07:52:00,Performance Tuning,Drifted,ISO,0,0,0,0,LOW,[],46.37,MEDIUM,73.31,0.0298,False,41.72,22.49,LOW,"Weighted rule, ML risk, and behavioral anomaly signals",,,,,,
DRF00749,Control-39,Cloud_Security,enabled=False,enabled=True,Modify,Critical,Paul Brown,paul.brown@company.com,Joseph Clark,joseph.clark@company.com,2025-05-31 09:01:00,Policy Change,Mitigated,GDPR,0,0,0,0,LOW,[],68.61,HIGH,66.86,0.0348,False,33.54,29.04,LOW,"Weighted rule, ML risk, and behavioral anomaly signals",,,,,,
DRF00853,Control-78,Endpoint,enabled=False,enabled=False,Remove,Info,Gary Davis,gary.davis@company.com,Raja Quinn,raja.quinn@company.com,2025-06-02 08:31:00,Security Update,Mitigated,CIS,1,0,0,87,HIGH,['re-enable endpoint protection for the device and initiate a full malware scan'],45.82,MEDIUM,64.74,0.0332,False,36.14,64.96,MEDIUM,"Weighted rule, ML risk, and behavioral anomaly signals",,,,,,
DRF00838,Control-51,DLP,enabled=False,enabled=False,Rollback,Low,Michael Kim,michael.kim@company.com,Daniel Sun,daniel.sun@company.com,2025-06-04 04:59:00,Policy Change,Mitigated,PCI,0,0,0,0,LOW,[],36.03,MEDIUM,49.06,0.0061,False,80.28,24.65,LOW,"Weighted rule, ML risk, and behavioral anomaly signals",,,,,,
DRF00543,Control-56,Logging,enabled=True,enabled=False,Disable,Medium,Sofia Kumar,sofia.kumar@company.com,Diya Robinson,diya.robinson@company.com,2025-06-04 12:14:00,Policy Change,Under_Review,ISO,0,0,0,97,CRITICAL,"['aws logs put-retention-policy --log-group-name <group> --retention-in-days 365', 'az monitor diagnostic-settings create --name <setting> --resource <resource-id>']",77.66,HIGH,58.66,0.0447,False,17.31,92.0,CRITICAL,Mandatory priority floor applied for Audit Logging Disabled,,,,,,
DRF00778,Control-93,Network_Segmentation,enabled=True,enabled=True,Rollback,Low,Gary Patel,gary.patel@company.com,Michael Singh,michael.singh@company.com,2025-06-04 19:32:00,Performance Tuning,Remediated,ISO,0,0,0,0,LOW,[],21.92,LOW,81.15,0.029,False,42.91,14.11,LOW,"Weighted rule, ML risk, and behavioral anomaly signals",,,,,,
DRF00720,Control-62,Vulnerability,enabled=True,enabled=False,Modify,High,Stephen Rao,stephen.rao@company.com,Elena Wagner,elena.wagner@company.com,2025-06-04 20:07:00,Security Update,Remediated,ISO,1,0,0,0,LOW,[],43.96,MEDIUM,59.35,0.0108,False,72.53,26.27,LOW,"Weighted rule, ML risk, and behavioral anomaly signals",,,,,,
DRF00913,Control-65,Network_Segmentation,enabled=False,enabled=False,Modify,Medium,Riya Das,riya.das@company.com,Maria Sharma,maria.sharma@company.com,2025-06-04 20:39:00,Emergency Fix,Compliant,CIS,0,0,1,0,LOW,[],40.54,MEDIUM,57.51,0.0201,False,57.43,22.8,LOW,"Weighted rule, ML risk, and behavioral anomaly signals",,,,,,
DRF00834,Control-2,Data_Protection,enabled=False,enabled=True,Disable,Critical,Meera Kang,meera.kang@company.com,Charles Lim,charles.lim@company.com,2025-06-04 22:24:00,Emergency Fix,Mitigated,GDPR,0,0,1,0,LOW,[],87.22,CRITICAL,68.7,0.0059,False,80.61,42.62,MEDIUM,"Weighted rule, ML risk, and behavioral anomaly signals",,,,,,
DRF00963,Control-62,Vulnerability,enabled=False,enabled=False,Disable,Low,Sophia Jones,sophia.jones@company.com,Deepika Das,deepika.das@company.com,2025-06-05 13:25:00,Policy Change,Remediated,NIST,0,0,0,0,LOW,[],41.09,MEDIUM,57.99,0.0456,False,15.89,16.77,LOW,"Weighted rule, ML risk, and behavioral anomaly signals",,,,,,
DRF00716,Control-79,Encryption,enabled=False,enabled=False,Rollback,Low,Timothy Wang,timothy.wang@company.com,Timothy Wagner,timothy.wagner@company.com,2025-06-06 06:23:00,Security Update,Mitigated,NIST,1,0,0,98,CRITICAL,"['aws kms enable-key-rotation --key-id <key-id>', 'gcloud kms keys update <key-name> --protection-level=hsm']",36.96,MEDIUM,53.03,0.0231,False,52.49,93.0,CRITICAL,Mandatory priority floor applied for Encryption Downgrade,,,,,,
DRF00902,Control-71,Cloud_Security,enabled=False,enabled=True,Remove,Critical,Arjun Sun,arjun.sun@company.com,Donald Young,donald.young@company.com,2025-06-07 02:30:00,Emergency Fix,Under_Review,NIST,0,0,1,88,HIGH,['restore cloud guardrail policy in policy-as-code and redeploy the policy template'],90.89,CRITICAL,75.95,0.004,False,83.63,84.99,HIGH,"Weighted rule, ML risk, and behavioral anomaly signals",,,,,,
DRF00620,Control-47,Vulnerability,enabled=True,enabled=False,Rollback,Low,Leila Schmidt,leila.schmidt@company.com,George Gonzalez,george.gonzalez@company.com,2025-06-07 09:54:00,Performance Tuning,Compliant,NIST,0,0,0,0,LOW,[],22.54,LOW,77.99,0.0263,False,47.35,14.99,LOW,"Weighted rule, ML risk, and behavioral anomaly signals",,,,,,
DRF00747,Control-70,Logging,enabled=False,enabled=False,Enable,Low,Robert Sullivan,robert.sullivan@company.com,Harsh Reilly,harsh.reilly@company.com,2025-06-07 11:28:00,Troubleshooting,Mitigated,GDPR,0,0,0,0,LOW,[],28.41,LOW,63.03,0.0224,False,53.71,18.0,LOW,"Weighted rule, ML risk, and behavioral anomaly signals",,,,,,
DRF00784,Control-82,DLP,enabled=True,enabled=False,Rollback,Critical,Daniel Gupta,daniel.gupta@company.com,Isha Kim,isha.kim@company.com,2025-06-08 01:39:00,Performance Tuning,Mitigated,NIST,0,0,0,0,LOW,[],68.73,HIGH,68.22,-0.0182,True,100.0,39.06,LOW,"Weighted rule, ML risk, and behavioral anomaly signals",,,,,,
DRF00713,Control-26,Endpoint,enabled=True,enabled=False,Update,High,Jason Robinson,jason.robinson@company.com,Raja He,raja.he@company.com,2025-06-08 12:23:00,Security Update,Drifted,GDPR,1,0,0,0,LOW,[],67.97,HIGH,62.46,0.0132,False,68.77,34.1,LOW,"Weighted rule, ML risk, and behavioral anomaly signals",,,,,,
DRF00692,Control-48,Cloud_Security,enabled=False,enabled=True,Modify,Low,Leila Pillai,leila.pillai@company.com,Jacob Gupta,jacob.gupta@company.com,2025-06-09 02:59:00,Policy Change,Under_Review,PCI,0,0,0,0,LOW,[],52.59,MEDIUM,66.67,0.008,False,77.08,29.97,LOW,"Weighted rule, ML risk, and behavioral anomaly signals",,,,,,
DRF00939,Control-92,Logging,enabled=True,enabled=False,Update,Medium,Mark Burke,mark.burke@company.com,Edward Hwang,edward.hwang@company.com,2025-06-09 08:29:00,Emergency Fix,Compliant,CIS,0,0,1,0,LOW,[],31.33,LOW,50.76,0.0444,False,17.79,13.63,LOW,"Weighted rule, ML risk, and behavioral anomaly signals",,,,,,
DRF00870,Control-87,Endpoint,enabled=False,enabled=False,Remove,Low,Sofia Das,sofia.das@company.com,Charles Young,charles.young@company.com,2025-06-09 14:06:00,Performance Tuning,Compliant,NIST,0,0,0,87,HIGH,['re-enable endpoint protection for the device and initiate a full malware scan'],29.36,LOW,63.16,0.026,False,47.81,60.95,MEDIUM,"Weighted rule, ML risk, and behavioral anomaly signals",,,,,,
DRF00927,Control-62,Encryption,enabled=False,enabled=True,Rollback,High,Timothy Sun,timothy.sun@company.com,Yuki Rao,yuki.rao@company.com,2025-06-09 19:51:00,Performance Tuning,Drifted,NONE,0,0,0,98,CRITICAL,"['aws kms enable-key-rotation --key-id <key-id>', 'gcloud kms keys update <key-name> --protection-level=hsm']",65.78,HIGH,70.13,0.0241,False,50.88,93.0,CRITICAL,Mandatory priority floor applied for Encryption Downgrade,,,,,,
DRF00805,Control-36,Logging,enabled=True,enabled=True,Enable,High,Rohan Hwang,rohan.hwang@company.com,Sofia Young,sofia.young@company.com,2025-06-11 06:35:00,Emergency Fix,Compliant,CIS,0,0,1,0,LOW,[],42.64,MEDIUM,65.48,0.0089,False,75.62,26.27,LOW,"Weighted rule, ML risk, and behavioral anomaly signals",,,,,,
DRF00935,Control-38,Vulnerability,enabled=False,enabled=True,Rollback,Critical,Jason Murphy,jason.murphy@company.com,Charles Das,charles.das@company.com,2025-06-13 14:51:00,Emergency Fix,Remediated,PCI,0,0,1,0,LOW,[],50.64,MEDIUM,65.09,0.0322,False,37.73,23.38,LOW,"Weighted rule, ML risk, and behavioral anomaly signals",,,,,,
DRF00790,Control-35,Access_Control,enabled=False,enabled=False,Rollback,Critical,Diya Garcia,diya.garcia@company.com,James Thompson,james.thompson@company.com,2025-06-13 17:18:00,Performance Tuning,Mitigated,GDPR,0,0,0,0,LOW,[],61.43,HIGH,57.25,0.0419,False,21.93,24.79,LOW,"Weighted rule, ML risk, and behavioral anomaly signals",,,,,,
DRF00958,Control-72,Encryption,enabled=True,enabled=True,Enable,High,Amara Lopez,amara.lopez@company.com,Joseph Clark,joseph.clark@company.com,2025-06-14 02:16:00,Security Update,Drifted,NIST,1,0,0,0,LOW,[],67.83,HIGH,58.27,-0.0123,True,100.0,38.74,LOW,"Weighted rule, ML risk, and behavioral anomaly signals",,,,,,
DRF00642,Control-72,Vulnerability,enabled=True,enabled=False,Disable,Low,Aditya Wang,aditya.wang@company.com,Paul Kang,paul.kang@company.com,2025-06-15 02:35:00,Emergency Fix,Compliant,ISO,0,0,1,0,LOW,[],46.79,MEDIUM,58.75,-0.0178,True,100.0,31.38,LOW,"Weighted rule, ML risk, and behavioral anomaly signals",,,,,,
DRF00676,Control-57,Access_Control,enabled=True,enabled=False,Rollback,Low,Matthew White,matthew.white@company.com,Pooja Kelly,pooja.kelly@company.com,2025-06-15 13:21:00,Performance Tuning,Compliant,CIS,0,0,0,0,LOW,[],24.21,LOW,74.49,0.0228,False,53.01,16.42,LOW,"Weighted rule, ML risk, and behavioral anomaly signals",,,,,,
DRF00643,Control-89,Network_Segmentation,enabled=False,enabled=False,Update,Low,Fatima Quinn,fatima.quinn@company.com,Daniel Johnson,daniel.johnson@company.com,2025-06-15 20:07:00,Policy Change,Mitigated,CIS,0,0,0,0,LOW,[],30.79,LOW,58.65,0.0028,False,85.6,23.62,LOW,"Weighted rule, ML risk, and behavioral anomaly signals",,,,,,
DRF00685,Control-89,Cloud_Security,enabled=True,enabled=True,Disable,High,Jeffrey Anderson,jeffrey.anderson@company.com,Timothy Das,timothy.das@company.com,2025-06-17 10:05:00,Policy Change,Drifted,PCI,0,0,0,88,HIGH,['restore cloud guardrail policy in policy-as-code and redeploy the policy template'],93.0,CRITICAL,83.49,0.0462,False,14.87,78.78,HIGH,"Weighted rule, ML risk, and behavioral anomaly signals",,,,,,
DRF00703,Control-1,Encryption,enabled=True,enabled=False,Modify,Critical,Jonathan Kim,jonathan.kim@company.com,Brian Gupta,brian.gupta@company.com,2025-06-18 05:44:00,Emergency Fix,Mitigated,NIST,0,0,1,98,CRITICAL,"['aws kms enable-key-rotation --key-id <key-id>', 'gcloud kms keys update <key-name> --protection-level=hsm']",63.65,HIGH,57.64,0.0167,False,62.98,93.0,CRITICAL,Mandatory priority floor applied for Encryption Downgrade,,,,,,
DRF00820,Control-54,Endpoint,enabled=True,enabled=False,Remove,High,Donald Taylor,donald.taylor@company.com,Vikram Ramirez,vikram.ramirez@company.com,2025-06-18 16:58:00,Policy Change,Mitigated,GDPR,0,0,0,87,HIGH,['re-enable endpoint protection for the device and initiate a full malware scan'],76.47,HIGH,42.44,0.0397,False,25.47,74.08,HIGH,"Weighted rule, ML risk, and behavioral anomaly signals",,,,,,
DRF00969,Control-59,Network_Segmentation,enabled=True,enabled=True,Update,Critical,Thomas Hwang,thomas.hwang@company.com,Raja Burke,raja.burke@company.com,2025-06-18 17:33:00,Security Update,Drifted,CIS,1,0,0,0,LOW,[],67.56,HIGH,70.88,0.0539,False,2.38,78.0,HIGH,Critical unresolved drift floor applied,,,,,,
DRF00823,Control-43,Network_Segmentation,enabled=True,enabled=False,Modify,Info,Nisha Clark,nisha.clark@company.com,Mark Meyer,mark.meyer@company.com,2025-06-19 03:26:00,Policy Change,Mitigated,GDPR,0,0,0,0,LOW,[],40.44,MEDIUM,57.25,0.0055,False,81.16,26.33,LOW,"Weighted rule, ML risk, and behavioral anomaly signals",,,,,,
DRF00681,Control-97,Encryption,enabled=True,enabled=False,Rollback,Info,Neha Jackson,neha.jackson@company.com,Edward Perez,edward.perez@company.com,2025-06-20 05:19:00,Security Update,Mitigated,NONE,1,0,0,98,CRITICAL,"['aws kms enable-key-rotation --key-id <key-id>', 'gcloud kms keys update <key-name> --protection-level=hsm']",30.89,LOW,57.35,0.0344,False,34.23,93.0,CRITICAL,Mandatory priority floor applied for Encryption Downgrade,,,,,,
DRF00722,Control-51,Cloud_Security,enabled=True,enabled=False,Update,Critical,Michael Schneider,michael.schneider@company.com,Robert Brown,robert.brown@company.com,2025-06-20 09:56:00,Policy Change,Compliant,CIS,1,0,0,0,LOW,[],45.66,MEDIUM,63.0,0.0525,False,4.66,16.68,LOW,"Weighted rule, ML risk, and behavioral anomaly signals",,,,,,
DRF00854,Control-90,Cloud_Security,enabled=False,enabled=False,Modify,Medium,Aditya Sun,aditya.sun@company.com,Kenneth Lim,kenneth.lim@company.com,2025-06-21 03:32:00,Troubleshooting,Mitigated,NIST,0,0,0,0,LOW,[],56.2,MEDIUM,58.01,0.0118,False,71.04,30.33,LOW,"Weighted rule, ML risk, and behavioral anomaly signals",,,,,,
DRF00830,Control-5,Access_Control,enabled=False,enabled=True,Rollback,Info,George Meyer,george.meyer@company.com,David Young,david.young@company.com,2025-06-21 08:22:00,Performance Tuning,Compliant,GDPR,0,0,0,0,LOW,[],21.93,LOW,81.22,0.0354,False,32.57,12.56,LOW,"Weighted rule, ML risk, and behavioral anomaly signals",,,,,,
DRF00764,Control-16,Firewall,enabled=False,enabled=True,Modify,Low,Sanjana Meyer,sanjana.meyer@company.com,Maria Singh,maria.singh@company.com,2025-06-22 13:58:00,Troubleshooting,Mitigated,PCI,0,0,0,0,LOW,[],44.07,MEDIUM,62.32,0.022,False,54.4,23.58,LOW,"Weighted rule, ML risk, and behavioral anomaly signals",,,,,,
DRF00514,Control-28,Firewall,enabled=False,enabled=False,Disable,Low,Rajesh Martinez,rajesh.martinez@company.com,Riya Lee,riya.lee@company.com,2025-06-22 20:14:00,Emergency Fix,Under_Review,GDPR,0,0,1,0,LOW,[],73.01,HIGH,48.22,-0.0044,True,97.36,40.16,MEDIUM,"Weighted rule, ML risk, and behavioral anomaly signals",,,,,,
DRF00566,Control-13,Vulnerability,enabled=True,enabled=False,Remove,Critical,Nikhil Patel,nikhil.patel@company.com,William Li,william.li@company.com,2025-06-23 00:56:00,Performance Tuning,Remediated,PCI,0,0,0,0,LOW,[],69.36,HIGH,68.56,-0.0036,True,96.12,38.69,LOW,"Weighted rule, ML risk, and behavioral anomaly signals",,,,,,
DRF00708,Control-57,Data_Protection,enabled=True,enabled=False,Update,Critical,Arjun Becker,arjun.becker@company.com,Leila Gupta,leila.gupta@company.com,2025-06-23 04:02:00,Troubleshooting,Under_Review,ISO,0,0,0,0,LOW,[],62.38,HIGH,50.65,-0.0036,True,96.14,36.25,LOW,"Weighted rule, ML risk, and behavioral anomaly signals",,,,,,
DRF00677,Control-85,Access_Control,enabled=False,enabled=False,Disable,Low,Richard Liu,richard.liu@company.com,Nadia Jo,nadia.jo@company.com,2025-06-24 03:26:00,Troubleshooting,Under_Review,NONE,0,0,0,0,LOW,[],60.5,HIGH,38.83,0.0204,False,57.01,29.73,LOW,"Weighted rule, ML risk, and behavioral anomaly signals",,,,,,
DRF00931,Control-69,DLP,enabled=False,enabled=False,Rollback,Critical,Ryan O'Brien,ryan.o'brien@company.com,Sophia Han,sophia.han@company.com,2025-06-24 11:55:00,Policy Change,Mitigated,CIS,0,0,0,0,LOW,[],64.83,HIGH,66.5,0.0438,False,18.84,25.52,LOW,"Weighted rule, ML risk, and behavioral anomaly signals",,,,,,
DRF00511,Control-23,Data_Protection,enabled=False,enabled=True,Rollback,Info,Zainab Murphy,zainab.murphy@company.com,Fatima Connor,fatima.connor@company.com,2025-06-25 06:01:00,Troubleshooting,Mitigated,ISO,0,0,0,0,LOW,[],30.26,LOW,55.99,0.0058,False,80.78,22.71,LOW,"Weighted rule, ML risk, and behavioral anomaly signals",,,,,,
DRF00655,Control-26,Endpoint,enabled=True,enabled=True,Modify,Info,Raja Mishra,raja.mishra@company.com,Kevin Kelly,kevin.kelly@company.com,2025-06-25 09:46:00,Troubleshooting,Compliant,NONE,0,0,0,0,LOW,[],23.39,LOW,75.13,0.0342,False,34.52,13.36,LOW,"Weighted rule, ML risk, and behavioral anomaly signals",,,,,,
DRF00917,Control-47,DLP,enabled=False,enabled=True,Modify,High,Timothy Li,timothy.li@company.com,Jason Kang,jason.kang@company.com,2025-06-25 17:09:00,Performance Tuning,Remediated,ISO,0,0,0,0,LOW,[],48.54,MEDIUM,71.01,0.0195,False,58.42,25.75,LOW,"Weighted rule, ML risk, and behavioral anomaly signals",,,,,,
DRF00505,Control-58,Endpoint,enabled=True,enabled=True,Modify,Low,Anjali Schneider,anjali.schneider@company.com,Leila Verma,leila.verma@company.com,2025-06-25 21:57:00,Troubleshooting,Mitigated,ISO,0,0,0,0,LOW,[],39.81,MEDIUM,64.08,-0.0085,True,100.0,28.93,LOW,"Weighted rule, ML risk, and behavioral anomaly signals",,,,,,
DRF00697,Control-78,Encryption,enabled=True,enabled=False,Remove,Low,Pooja Xu,pooja.xu@company.com,Andrew Guo,andrew.guo@company.com,2025-06-26 01:01:00,Emergency Fix,Mitigated,CIS,0,0,1,98,CRITICAL,"['aws kms enable-key-rotation --key-id <key-id>', 'gcloud kms keys update <key-name> --protection-level=hsm']",51.95,MEDIUM,62.84,0.0189,False,59.45,93.0,CRITICAL,Mandatory priority floor applied for Encryption Downgrade,,,,,,
DRF00723,Control-80,Access_Control,enabled=True,enabled=False,Remove,High,Steven Jones,steven.jones@company.com,Anjali Miller,anjali.miller@company.com,2025-06-27 01:11:00,Troubleshooting,Under_Review,NONE,0,0,0,0,LOW,[],77.83,HIGH,52.97,0.024,False,51.17,34.92,LOW,"Weighted rule, ML risk, and behavioral anomaly signals",,,,,,
DRF00733,Control-90,DLP,enabled=True,enabled=True,Remove,Low,Pooja Muller,pooja.muller@company.com,Varun Williams,varun.williams@company.com,2025-06-27 14:42:00,Troubleshooting,Drifted,ISO,0,0,0,86,HIGH,['restore DLP policy from policy-as-code and redeploy to sensitive data repositories'],55.55,MEDIUM,56.69,0.0432,False,19.86,65.42,HIGH,"Weighted rule, ML risk, and behavioral anomaly signals",,,,,,
DRF00707,Control-13,Access_Control,enabled=True,enabled=True,Rollback,Low,Kenneth Rodriguez,kenneth.rodriguez@company.com,Michael Hernandez,michael.hernandez@company.com,2025-06-28 02:20:00,Performance Tuning,Mitigated,ISO,0,0,0,0,LOW,[],32.44,LOW,50.49,-0.0055,True,99.11,26.22,LOW,"Weighted rule, ML risk, and behavioral anomaly signals",,,,,,
DRF00993,Control-42,Cloud_Security,enabled=True,enabled=False,Modify,Critical,Charles Nair,charles.nair@company.com,Akshay Williams,akshay.williams@company.com,2025-06-28 06:52:00,Security Update,Mitigated,NIST,1,0,0,0,LOW,[],69.76,HIGH,57.83,0.0154,False,65.11,34.18,LOW,"Weighted rule, ML risk, and behavioral anomaly signals",,,,,,
DRF00814,Control-54,Cloud_Security,enabled=False,enabled=True,Modify,Critical,Christopher Schmidt,christopher.schmidt@company.com,Joshua Huang,joshua.huang@company.com,2025-06-29 02:47:00,Security Update,Remediated,NONE,1,0,0,0,LOW,[],53.1,MEDIUM,41.55,-0.0065,True,100.0,33.59,LOW,"Weighted rule, ML risk, and behavioral anomaly signals",,,,,,
DRF00646,Control-80,Access_Control,enabled=False,enabled=False,Modify,Info,Gary Liu,gary.liu@company.com,Eric Robinson,eric.robinson@company.com,2025-06-29 12:03:00,Security Update,Mitigated,NIST,1,0,0,0,LOW,[],42.17,MEDIUM,59.42,0.0252,False,49.1,22.12,LOW,"Weighted rule, ML risk, and behavioral anomaly signals",,,,,,
DRF00683,Control-25,Firewall,enabled=True,enabled=True,Update,High,Maria Liu,maria.liu@company.com,Deepika Hernandez,deepika.hernandez@company.com,2025-06-29 23:55:00,Troubleshooting,Remediated,NONE,0,0,0,0,LOW,[],47.39,MEDIUM,63.68,0.0,False,90.18,30.11,LOW,"Weighted rule, ML risk, and behavioral anomaly signals",,,,,,
DRF00617,Control-53,Endpoint,enabled=False,enabled=True,Enable,Info,Andrew Singh,andrew.singh@company.com,Nadia Kelly,nadia.kelly@company.com,2025-06-30 00:08:00,Performance Tuning,Drifted,NIST,0,0,0,0,LOW,[],39.49,MEDIUM,59.14,-0.009,True,100.0,28.82,LOW,"Weighted rule, ML risk, and behavioral anomaly signals",,,,,,
DRF00567,Control-30,Logging,enabled=True,enabled=False,Disable,Medium,Amara Harris,amara.harris@company.com,Zainab Hernandez,zainab.hernandez@company.com,2025-06-30 14:05:00,Emergency Fix,Mitigated,ISO,0,0,1,97,CRITICAL,"['aws logs put-retention-policy --log-group-name <group> --retention-in-days 365', 'az monitor diagnostic-settings create --name <setting> --resource <resource-id>']",72.66,HIGH,62.34,0.0415,False,22.6,92.0,CRITICAL,Mandatory priority floor applied for Audit Logging Disabled,,,,,,
DRF00859,Control-20,Logging,enabled=False,enabled=True,Modify,High,Rohan Sanchez,rohan.sanchez@company.com,Vikram Das,vikram.das@company.com,2025-06-30 19:06:00,Policy Change,Mitigated,ISO,0,0,0,0,LOW,[],50.09,MEDIUM,62.38,0.0132,False,68.64,27.83,LOW,"Weighted rule, ML risk, and behavioral anomaly signals",,,,,,
DRF00690,Control-2,Network_Segmentation,enabled=True,enabled=True,Remove,Low,Eric Nair,eric.nair@company.com,Nicholas Anderson,nicholas.anderson@company.com,2025-07-01 11:33:00,Performance Tuning,Compliant,GDPR,0,0,0,0,LOW,[],31.64,LOW,57.79,0.04,False,25.03,14.83,LOW,"Weighted rule, ML risk, and behavioral anomaly signals",,,,,,
DRF00619,Control-42,Logging,enabled=True,enabled=True,Disable,Info,Gary Nair,gary.nair@company.com,Maria Sharma,maria.sharma@company.com,2025-07-01 14:30:00,Performance Tuning,Mitigated,ISO,0,0,0,97,CRITICAL,"['aws logs put-retention-policy --log-group-name <group> --retention-in-days 365', 'az monitor diagnostic-settings create --name <setting> --resource <resource-id>']",53.39,MEDIUM,50.37,0.0329,False,36.52,92.0,CRITICAL,Mandatory priority floor applied for Audit Logging Disabled,,,,,,
DRF00531,Control-43,Vulnerability,enabled=True,enabled=False,Update,Low,Charles Mishra,charles.mishra@company.com,Jacob Pillai,jacob.pillai@company.com,2025-07-02 15:38:00,Troubleshooting,Remediated,CIS,0,0,0,0,LOW,[],21.36,LOW,80.9,0.0458,False,15.5,9.8,LOW,"Weighted rule, ML risk, and behavioral anomaly signals",,,,,,
DRF00850,Control-24,Cloud_Security,enabled=True,enabled=False,Enable,Low,Shruti Robinson,shruti.robinson@company.com,Brian Williams,brian.williams@company.com,2025-07-03 05:10:00,Performance Tuning,Mitigated,ISO,0,0,0,0,LOW,[],23.62,LOW,75.43,0.0076,False,77.81,19.94,LOW,"Weighted rule, ML risk, and behavioral anomaly signals",,,,,,
DRF00518,Control-95,Access_Control,enabled=False,enabled=True,Enable,Medium,Paul Ramirez,paul.ramirez@company.com,Diya Wilson,diya.wilson@company.com,2025-07-04 08:32:00,Security Update,Under_Review,ISO,1,0,0,0,LOW,[],44.05,MEDIUM,64.76,0.0421,False,21.57,42.0,MEDIUM,Unresolved medium-severity review floor applied,,,,,,
DRF00880,Control-68,Data_Protection,enabled=False,enabled=True,Disable,High,Meera Han,meera.han@company.com,Pooja Thomas,pooja.thomas@company.com,2025-07-04 21:10:00,Troubleshooting,Mitigated,GDPR,0,0,0,0,LOW,[],81.33,CRITICAL,49.58,0.004,False,83.7,41.02,MEDIUM,"Weighted rule, ML risk, and behavioral anomaly signals",,,,,,
DRF00568,Control-38,Data_Protection,enabled=False,enabled=True,Modify,Low,Sophia Jo,sophia.jo@company.com,Maria Kim,maria.kim@company.com,2025-07-05 04:55:00,Security Update,Mitigated,ISO,1,0,0,0,LOW,[],39.55,MEDIUM,56.51,-0.0102,True,100.0,28.84,LOW,"Weighted rule, ML risk, and behavioral anomaly signals",,,,,,
DRF00687,Control-12,Access_Control,enabled=True,enabled=False,Enable,Critical,Daniel Brown,daniel.brown@company.com,Eric Fischer,eric.fischer@company.com,2025-07-06 08:01:00,Performance Tuning,Under_Review,NONE,0,0,0,0,LOW,[],57.61,MEDIUM,45.17,0.0183,False,60.37,29.22,LOW,"Weighted rule, ML risk, and behavioral anomaly signals",,,,,,
DRF00545,Control-37,Endpoint,enabled=True,enabled=False,Rollback,High,Eric Miller,eric.miller@company.com,Riya Pillai,riya.pillai@company.com,2025-07-06 10:36:00,Troubleshooting,Compliant,CIS,0,0,0,0,LOW,[],52.11,MEDIUM,64.16,0.0318,False,38.46,24.01,LOW,"Weighted rule, ML risk, and behavioral anomaly signals",,,,,,
DRF00626,Control-97,DLP,enabled=True,enabled=True,Remove,Low,Maria Taylor,maria.taylor@company.com,Edward Menon,edward.menon@company.com,2025-07-08 08:02:00,Policy Change,Mitigated,GDPR,0,0,0,86,HIGH,['restore DLP policy from policy-as-code and redeploy to sensitive data repositories'],45.23,MEDIUM,66.72,0.0486,False,10.99,60.48,MEDIUM,"Weighted rule, ML risk, and behavioral anomaly signals",,,,,,
DRF00979,Control-3,Logging,enabled=True,enabled=True,Disable,Critical,Varun Reilly,varun.reilly@company.com,Priya Thomas,priya.thomas@company.com,2025-07-10 05:46:00,Policy Change,Under_Review,CIS,0,0,0,97,CRITICAL,"['aws logs put-retention-policy --log-group-name <group> --retention-in-days 365', 'az monitor diagnostic-settings create --name <setting> --resource <resource-id>']",92.26,CRITICAL,80.58,0.0218,False,54.71,92.0,CRITICAL,Mandatory priority floor applied for Audit Logging Disabled,,,,,,
DRF00904,Control-39,Firewall,enabled=False,enabled=False,Rollback,Critical,Meera Kelly,meera.kelly@company.com,Anthony Schneider,anthony.schneider@company.com,2025-07-10 22:15:00,Policy Change,Under_Review,PCI,0,0,0,0,LOW,[],70.41,HIGH,64.31,0.0161,False,63.93,34.23,LOW,"Weighted rule, ML risk, and behavioral anomaly signals",,,,,,
DRF00980,Control-64,Endpoint,enabled=True,enabled=True,Modify,Low,Aditya Weber,aditya.weber@company.com,Joshua Muller,joshua.muller@company.com,2025-07-11 19:29:00,Troubleshooting,Remediated,NIST,0,0,0,0,LOW,[],29.24,LOW,64.15,0.0239,False,51.25,17.92,LOW,"Weighted rule, ML risk, and behavioral anomaly signals",,,,,,
DRF00783,Control-40,Data_Protection,enabled=True,enabled=True,Modify,Info,Elena Gonzalez,elena.gonzalez@company.com,Nicholas Sun,nicholas.sun@company.com,2025-07-12 11:38:00,Emergency Fix,Remediated,GDPR,0,0,1,0,LOW,[],34.91,LOW,46.16,0.0256,False,48.41,19.48,LOW,"Weighted rule, ML risk, and behavioral anomaly signals",,,,,,
DRF00951,Control-61,Firewall,enabled=True,enabled=False,Rollback,Low,Raja Rodriguez,raja.rodriguez@company.com,Ryan Connor,ryan.connor@company.com,2025-07-12 12:35:00,Policy Change,Remediated,PCI,0,0,0,0,LOW,[],22.22,LOW,79.42,0.0335,False,35.63,13.12,LOW,"Weighted rule, ML risk, and behavioral anomaly signals",,,,,,
DRF00865,Control-80,Cloud_Security,enabled=True,enabled=True,Remove,Critical,Maria Jackson,maria.jackson@company.com,Rohan Reddy,rohan.reddy@company.com,2025-07-12 13:33:00,Troubleshooting,Mitigated,NONE,0,0,0,88,HIGH,['restore cloud guardrail policy in policy-as-code and redeploy the policy template'],76.48,HIGH,50.38,0.0284,False,43.9,77.35,HIGH,"Weighted rule, ML risk, and behavioral anomaly signals",,,,,,
DRF00706,Control-11,Firewall,enabled=True,enabled=False,Modify,Critical,Kevin Kumar,kevin.kumar@company.com,Arjun Garcia,arjun.garcia@company.com,2025-07-13 01:47:00,Emergency Fix,Mitigated,NONE,0,0,1,0,LOW,[],63.57,HIGH,60.35,-0.0013,True,92.29,36.09,LOW,"Weighted rule, ML risk, and behavioral anomaly signals",,,,,,
DRF00930,Control-67,Network_Segmentation,enabled=False,enabled=False,Update,High,Rohan Gonzalez,rohan.gonzalez@company.com,Sanjana Murphy,sanjana.murphy@company.com,2025-07-14 06:35:00,Emergency Fix,Drifted,CIS,0,0,1,0,LOW,[],68.1,HIGH,72.38,0.0286,False,43.56,30.37,LOW,"Weighted rule, ML risk, and behavioral anomaly signals",,,,,,
DRF00582,Control-68,Access_Control,enabled=False,enabled=False,Update,Low,Vikram Kim,vikram.kim@company.com,Varun Yang,varun.yang@company.com,2025-07-15 05:47:00,Security Update,Compliant,CIS,1,0,0,0,LOW,[],23.19,LOW,77.1,0.0352,False,32.93,13.06,LOW,"Weighted rule, ML risk, and behavioral anomaly signals",,,,,,
DRF00885,Control-16,Data_Protection,enabled=True,enabled=True,Modify,Medium,Maria Nair,maria.nair@company.com,Neha Wagner,neha.wagner@company.com,2025-07-15 12:42:00,Emergency Fix,Under_Review,ISO,0,0,1,0,LOW,[],55.48,MEDIUM,58.2,0.0204,False,56.9,42.0,MEDIUM,Unresolved medium-severity review floor applied,,,,,,
DRF00842,Control-82,Logging,enabled=False,enabled=True,Disable,Critical,Raja O'Brien,raja.o'brien@company.com,Donald Davis,donald.davis@company.com,2025-07-15 18:08:00,Emergency Fix,Drifted,ISO,0,0,1,97,CRITICAL,"['aws logs put-retention-policy --log-group-name <group> --retention-in-days 365', 'az monitor diagnostic-settings create --name <setting> --resource <resource-id>']",92.33,CRITICAL,80.65,0.0367,False,30.42,92.0,CRITICAL,Mandatory priority floor applied for Audit Logging Disabled,,,,,,
DRF00651,Control-13,Logging,enabled=False,enabled=True,Rollback,High,Charles Murphy,charles.murphy@company.com,Neha Liu,neha.liu@company.com,2025-07-15 18:32:00,Emergency Fix,Mitigated,GDPR,0,0,1,0,LOW,[],53.74,MEDIUM,52.02,0.0314,False,39.0,24.66,LOW,"Weighted rule, ML risk, and behavioral anomaly signals",,,,,,
DRF00841,Control-51,DLP,enabled=True,enabled=True,Enable,Low,Sanjana Lim,sanjana.lim@company.com,Akshay Park,akshay.park@company.com,2025-07-16 04:05:00,Performance Tuning,Mitigated,GDPR,0,0,0,0,LOW,[],24.44,LOW,72.51,0.0126,False,69.7,19.01,LOW,"Weighted rule, ML risk, and behavioral anomaly signals",,,,,,
DRF00625,Control-92,Network_Segmentation,enabled=True,enabled=False,Disable,Medium,Jacob Perez,jacob.perez@company.com,Anthony Sharma,anthony.sharma@company.com,2025-07-17 07:30:00,Security Update,Under_Review,CIS,1,0,0,0,LOW,[],71.36,HIGH,66.64,0.0424,False,21.06,42.0,MEDIUM,Unresolved medium-severity review floor applied,,,,,,
DRF00771,Control-44,Encryption,enabled=False,enabled=True,Modify,Medium,Edward Xu,edward.xu@company.com,Vikram Verma,vikram.verma@company.com,2025-07-17 10:20:00,Troubleshooting,Drifted,ISO,0,0,0,98,CRITICAL,"['aws kms enable-key-rotation --key-id <key-id>', 'gcloud kms keys update <key-name> --protection-level=hsm']",61.51,HIGH,51.75,0.0308,False,40.07,93.0,CRITICAL,Mandatory priority floor applied for Encryption Downgrade,,,,,,
DRF00972,Control-80,Firewall,enabled=True,enabled=False,Update,Critical,Neha Lewis,neha.lewis@company.com,Jeffrey Ghosh,jeffrey.ghosh@company.com,2025-07-18 05:24:00,Emergency Fix,Under_Review,NONE,0,0,1,0,LOW,[],59.03,HIGH,46.21,0.0415,False,22.61,24.05,LOW,"Weighted rule, ML risk, and behavioral anomaly signals",,,,,,
DRF00840,Control-86,Endpoint,enabled=False,enabled=False,Update,High,George Jang,george.jang@company.com,Sanjana Yang,sanjana.yang@company.com,2025-07-18 09:59:00,Performance Tuning,Drifted,CIS,0,0,0,0,LOW,[],65.43,HIGH,66.35,0.0398,False,25.29,26.69,LOW,"Weighted rule, ML risk, and behavioral anomaly signals",,,,,,
DRF00604,Control-76,Vulnerability,enabled=False,enabled=True,Update,Medium,Donald Perez,donald.perez@company.com,Nicholas Liu,nicholas.liu@company.com,2025-07-18 18:18:00,Security Update,Mitigated,NIST,1,0,0,0,LOW,[],37.49,MEDIUM,47.71,0.0473,False,13.2,15.1,LOW,"Weighted rule, ML risk, and behavioral anomaly signals",,,,,,
DRF00844,Control-21,Access_Control,enabled=False,enabled=True,Modify,High,Jeffrey Harris,jeffrey.harris@company.com,Rohan Williams,rohan.williams@company.com,2025-07-18 18:31:00,Policy Change,Under_Review,NIST,0,0,0,0,LOW,[],69.94,HIGH,57.8,0.0435,False,19.26,27.37,LOW,"Weighted rule, ML risk, and behavioral anomaly signals",,,,,,
DRF00769,Control-82,Encryption,enabled=True,enabled=False,Rollback,High,Timothy Menon,timothy.menon@company.com,Akshay Lewis,akshay.lewis@company.com,2025-07-20 09:13:00,Emergency Fix,Drifted,PCI,0,0,1,98,CRITICAL,"['aws kms enable-key-rotation --key-id <key-id>', 'gcloud kms keys update <key-name> --protection-level=hsm']",67.95,HIGH,70.23,0.0068,False,79.07,93.0,CRITICAL,Mandatory priority floor applied for Encryption Downgrade,,,,,,
DRF00932,Control-99,Vulnerability,enabled=False,enabled=True,Remove,Low,Mark Martin,mark.martin@company.com,Arjun Hwang,arjun.hwang@company.com,2025-07-20 12:34:00,Security Update,Drifted,PCI,1,0,0,0,LOW,[],60.49,MEDIUM,38.59,0.0113,False,71.84,31.95,LOW,"Weighted rule, ML risk, and behavioral anomaly signals",,,,,,
DRF00593,Control-92,Endpoint,enabled=False,enabled=True,Enable,Low,Jeffrey Patel,jeffrey.patel@company.com,Riya Kang,riya.kang@company.com,2025-07-21 08:07:00,Policy Change,Drifted,GDPR,0,0,0,0,LOW,[],38.22,MEDIUM,55.63,0.022,False,54.38,21.53,LOW,"Weighted rule, ML risk, and behavioral anomaly signals",,,,,,
DRF00813,Control-85,Cloud_Security,enabled=True,enabled=True,Enable,Critical,Anthony Kelly,anthony.kelly@company.com,Riya Robinson,riya.robinson@company.com,2025-07-21 13:26:00,Troubleshooting,Mitigated,NONE,0,0,0,0,LOW,[],47.53,MEDIUM,57.04,0.0343,False,34.33,21.79,LOW,"Weighted rule, ML risk, and behavioral anomaly signals",,,,,,
DRF00945,Control-71,Endpoint,enabled=True,enabled=True,Remove,Info,Matthew Rao,matthew.rao@company.com,Andrew Miller,andrew.miller@company.com,2025-07-22 02:47:00,Security Update,Mitigated,PCI,1,0,0,87,HIGH,['re-enable endpoint protection for the device and initiate a full malware scan'],46.71,MEDIUM,68.64,0.0023,False,86.45,72.82,HIGH,"Weighted rule, ML risk, and behavioral anomaly signals",,,,,,
DRF00868,Control-14,Data_Protection,enabled=False,enabled=True,Rollback,High,William Lopez,william.lopez@company.com,Charles Kang,charles.kang@company.com,2025-07-22 02:49:00,Policy Change,Under_Review,NONE,0,0,0,0,LOW,[],63.15,HIGH,57.93,0.0295,False,42.12,28.42,LOW,"Weighted rule, ML risk, and behavioral anomaly signals",,,,,,
DRF00748,Control-69,Data_Protection,enabled=False,enabled=False,Disable,Low,Anjali Becker,anjali.becker@company.com,Fatima Patel,fatima.patel@company.com,2025-07-22 10:53:00,Troubleshooting,Mitigated,PCI,0,0,0,0,LOW,[],53.72,MEDIUM,57.63,0.0287,False,43.43,25.32,LOW,"Weighted rule, ML risk, and behavioral anomaly signals",,,,,,
DRF00579,Control-81,Access_Control,enabled=True,enabled=False,Modify,Low,Elena Burke,elena.burke@company.com,Shruti Jones,shruti.jones@company.com,2025-07-23 08:40:00,Policy Change,Compliant,NIST,0,0,0,0,LOW,[],25.29,LOW,72.38,0.049,False,10.42,10.41,LOW,"Weighted rule, ML risk, and behavioral anomaly signals",,,,,,
DRF00732,Control-78,Vulnerability,enabled=True,enabled=True,Disable,Critical,Nisha Guo,nisha.guo@company.com,Akshay Reilly,akshay.reilly@company.com,2025-07-23 19:09:00,Policy Change,Compliant,PCI,0,0,0,0,LOW,[],69.91,HIGH,40.91,0.0332,False,36.03,29.87,LOW,"Weighted rule, ML risk, and behavioral anomaly signals",,,,,,
DRF00909,Control-20,Vulnerability,enabled=False,enabled=False,Update,Critical,Varun Fischer,varun.fischer@company.com,William Liu,william.liu@company.com,2025-07-24 08:49:00,Security Update,Compliant,ISO,1,0,0,0,LOW,[],41.88,MEDIUM,51.48,0.0425,False,20.98,17.8,LOW,"Weighted rule, ML risk, and behavioral anomaly signals",,,,,,
DRF00589,Control-18,Endpoint,enabled=True,enabled=True,Disable,Low,Meera Xu,meera.xu@company.com,Riya Mishra,riya.mishra@company.com,2025-07-24 16:48:00,Policy Change,Compliant,ISO,0,0,0,87,HIGH,['re-enable endpoint protection for the device and initiate a full malware scan'],43.59,MEDIUM,49.05,0.0214,False,55.34,67.06,HIGH,"Weighted rule, ML risk, and behavioral anomaly signals",,,,,,
DRF00750,Control-63,Firewall,enabled=True,enabled=True,Enable,Low,Stephen Chen,stephen.chen@company.com,Kenneth Reilly,kenneth.reilly@company.com,2025-07-24 18:44:00,Policy Change,Mitigated,ISO,0,0,0,0,LOW,[],22.02,LOW,79.31,0.0311,False,39.59,13.65,LOW,"Weighted rule, ML risk, and behavioral anomaly signals",,,,,,
DRF00710,Control-30,Firewall,enabled=True,enabled=True,Rollback,Low,Aditya Gonzalez,aditya.gonzalez@company.com,Nadia Lewis,nadia.lewis@company.com,2025-07-24 19:06:00,Performance Tuning,Under_Review,GDPR,0,0,0,0,LOW,[],42.76,MEDIUM,72.31,0.039,False,26.68,18.97,LOW,"Weighted rule, ML risk, and behavioral anomaly signals",,,,,,
DRF00538,Control-23,Firewall,enabled=False,enabled=True,Rollback,Low,Elena Fischer,elena.fischer@company.com,Michael Garcia,michael.garcia@company.com,2025-07-25 14:08:00,Performance Tuning,Drifted,CIS,0,0,0,0,LOW,[],44.74,MEDIUM,72.39,0.0499,False,8.96,17.0,LOW,"Weighted rule, ML risk, and behavioral anomaly signals",,,,,,
DRF00886,Control-48,Data_Protection,enabled=True,enabled=False,Enable,Medium,Jason Reilly,jason.reilly@company.com,Richard Sun,richard.sun@company.com,2025-07-27 12:22:00,Emergency Fix,Under_Review,NONE,0,0,1,0,LOW,[],42.24,MEDIUM,49.59,0.0247,False,49.95,42.0,MEDIUM,Unresolved medium-severity review floor applied,,,,,,
DRF00644,Control-54,DLP,enabled=True,enabled=True,Update,Critical,Riya O'Brien,riya.o'brien@company.com,Isha Sanchez,isha.sanchez@company.com,2025-07-28 10:03:00,Security Update,Remediated,NONE,1,0,0,0,LOW,[],36.55,MEDIUM,50.11,0.0546,False,1.22,12.98,LOW,"Weighted rule, ML risk, and behavioral anomaly signals",,,,,,
DRF00575,Control-51,Cloud_Security,enabled=False,enabled=False,Enable,Medium,Timothy Sun,timothy.sun@company.com,Jacob White,jacob.white@company.com,2025-07-28 10:07:00,Security Update,Remediated,ISO,1,0,0,0,LOW,[],23.31,LOW,76.06,0.0222,False,54.06,16.27,LOW,"Weighted rule, ML risk, and behavioral anomaly signals",,,,,,
DRF00541,Control-71,Cloud_Security,enabled=False,enabled=False,Remove,Medium,Larry Gonzalez,larry.gonzalez@company.com,Xiulan Perez,xiulan.perez@company.com,2025-07-28 12:32:00,Performance Tuning,Under_Review,NIST,0,0,0,88,HIGH,['restore cloud guardrail policy in policy-as-code and redeploy the policy template'],70.17,HIGH,57.25,0.0426,False,20.72,71.67,HIGH,Unresolved medium-severity review floor applied,,,,,,
DRF00657,Control-94,DLP,enabled=True,enabled=True,Disable,Info,Anjali Bhat,anjali.bhat@company.com,Rajesh White,rajesh.white@company.com,2025-07-28 18:35:00,Performance Tuning,Drifted,GDPR,0,0,0,86,HIGH,['restore DLP policy from policy-as-code and redeploy to sensitive data repositories'],62.58,MEDIUM,40.97,0.0324,False,37.38,70.51,HIGH,"Weighted rule, ML risk, and behavioral anomaly signals",,,,,,
DRF00896,Control-88,Logging,enabled=True,enabled=True,Remove,High,Anthony Choi,anthony.choi@company.com,Maria Bhat,maria.bhat@company.com,2025-07-28 18:40:00,Security Update,Remediated,NIST,1,0,0,97,CRITICAL,"['aws logs put-retention-policy --log-group-name <group> --retention-in-days 365', 'az monitor diagnostic-settings create --name <setting> --resource <resource-id>']",64.43,HIGH,42.02,0.0241,False,51.01,92.0,CRITICAL,Mandatory priority floor applied for Audit Logging Disabled,,,,,,
DRF00702,Control-14,Encryption,enabled=False,enabled=False,Disable,Low,Brian Lee,brian.lee@company.com,Nadia O'Brien,nadia.o'brien@company.com,2025-07-29 06:34:00,Troubleshooting,Under_Review,GDPR,0,0,0,98,CRITICAL,"['aws kms enable-key-rotation --key-id <key-id>', 'gcloud kms keys update <key-name> --protection-level=hsm']",67.31,HIGH,59.46,0.0114,False,71.59,93.0,CRITICAL,Mandatory priority floor applied for Encryption Downgrade,,,,,,
DRF00893,Control-1,DLP,enabled=False,enabled=False,Modify,Low,Jeffrey Jang,jeffrey.jang@company.com,Robert Johnson,robert.johnson@company.com,2025-07-30 08:23:00,Troubleshooting,Under_Review,PCI,0,0,0,0,LOW,[],48.05,MEDIUM,75.76,0.0396,False,25.74,20.68,LOW,"Weighted rule, ML risk, and behavioral anomaly signals",,,,,,
DRF00957,Control-72,Vulnerability,enabled=True,enabled=False,Modify,Low,Ronald Perez,ronald.perez@company.com,Xiulan O'Brien,xiulan.o'brien@company.com,2025-07-31 01:57:00,Security Update,Remediated,CIS,1,0,0,0,LOW,[],25.49,LOW,68.56,0.0222,False,54.02,17.02,LOW,"Weighted rule, ML risk, and behavioral anomaly signals",,,,,,
DRF00553,Control-14,Cloud_Security,enabled=False,enabled=True,Update,Low,Andrew Jones,andrew.jones@company.com,Vikram Burke,vikram.burke@company.com,2025-08-01 05:49:00,Performance Tuning,Compliant,NONE,1,0,0,0,LOW,[],21.75,LOW,80.86,0.0183,False,60.39,16.67,LOW,"Weighted rule, ML risk, and behavioral anomaly signals",,,,,,
DRF00857,Control-47,Encryption,enabled=False,enabled=False,Enable,Low,Sanjana Williams,sanjana.williams@company.com,William Chen,william.chen@company.com,2025-08-01 05:52:00,Security Update,Compliant,NONE,1,0,0,98,CRITICAL,"['aws kms enable-key-rotation --key-id <key-id>', 'gcloud kms keys update <key-name> --protection-level=hsm']",19.14,LOW,88.75,0.0185,False,60.08,93.0,CRITICAL,Mandatory priority floor applied for Encryption Downgrade,,,,,,
DRF00670,Control-50,Logging,enabled=False,enabled=False,Rollback,Low,Kenneth Taylor,kenneth.taylor@company.com,David Schmidt,david.schmidt@company.com,2025-08-01 20:30:00,Performance Tuning,Drifted,NIST,0,0,0,0,LOW,[],46.73,MEDIUM,76.0,0.0125,False,69.87,26.84,LOW,"Weighted rule, ML risk, and behavioral anomaly signals",,,,,,
DRF00565,Control-89,Data_Protection,enabled=False,enabled=False,Disable,Low,Leila Huang,leila.huang@company.com,Charles Patel,charles.patel@company.com,2025-08-02 01:00:00,Policy Change,Compliant,ISO,0,0,0,0,LOW,[],48.78,MEDIUM,56.25,-0.006,True,99.99,32.07,LOW,"Weighted rule, ML risk, and behavioral anomaly signals",,,,,,
DRF00668,Control-97,Data_Protection,enabled=True,enabled=False,Disable,Low,Elena Chen,elena.chen@company.com,Stephen Muller,stephen.muller@company.com,2025-08-02 04:22:00,Emergency Fix,Under_Review,NONE,0,0,1,0,LOW,[],63.7,HIGH,39.55,0.0074,False,78.08,34.01,LOW,"Weighted rule, ML risk, and behavioral anomaly signals",,,,,,
DRF00992,Control-67,Data_Protection,enabled=False,enabled=True,Update,High,Neha Das,neha.das@company.com,Nadia Singh,nadia.singh@company.com,2025-08-03 12:30:00,Troubleshooting,Under_Review,GDPR,0,0,0,0,LOW,[],68.13,HIGH,62.54,0.021,False,55.99,32.24,LOW,"Weighted rule, ML risk, and behavioral anomaly signals",,,,,,
DRF00785,Control-27,DLP,enabled=True,enabled=False,Remove,High,Thomas Lee,thomas.lee@company.com,Mark Jones,mark.jones@company.com,2025-08-03 14:14:00,Troubleshooting,Remediated,CIS,0,0,0,86,HIGH,['restore DLP policy from policy-as-code and redeploy to sensitive data repositories'],72.27,HIGH,58.04,0.0237,False,51.58,76.03,HIGH,"Weighted rule, ML risk, and behavioral anomaly signals",,,,,,
DRF00781,Control-5,Network_Segmentation,enabled=False,enabled=True,Update,Low,Isha Kelly,isha.kelly@company.com,Jason Rao,jason.rao@company.com,2025-08-03 21:45:00,Performance Tuning,Compliant,CIS,0,0,0,0,LOW,[],23.1,LOW,79.21,-0.0034,True,95.8,22.45,LOW,"Weighted rule, ML risk, and behavioral anomaly signals",,,,,,
DRF00767,Control-40,Endpoint,enabled=False,enabled=False,Disable,Critical,Deepika Martin,deepika.martin@company.com,Jeffrey Sun,jeffrey.sun@company.com,2025-08-03 23:51:00,Policy Change,Remediated,NONE,0,0,0,87,HIGH,['re-enable endpoint protection for the device and initiate a full malware scan'],74.65,HIGH,47.12,-0.0131,True,100.0,84.63,HIGH,"Weighted rule, ML risk, and behavioral anomaly signals",,,,,,
DRF00787,Control-61,Network_Segmentation,enabled=False,enabled=True,Update,Critical,Kenneth Reddy,kenneth.reddy@company.com,Meera O'Brien,meera.o'brien@company.com,2025-08-04 07:39:00,Performance Tuning,Compliant,NIST,0,0,0,0,LOW,[],45.68,MEDIUM,64.57,0.03,False,41.31,22.18,LOW,"Weighted rule, ML risk, and behavioral anomaly signals",,,,,,
DRF00768,Control-93,Firewall,enabled=True,enabled=True,Disable,Critical,Anthony Pillai,anthony.pillai@company.com,Mark Patel,mark.patel@company.com,2025-08-04 08:33:00,Security Update,Compliant,NIST,1,0,0,0,LOW,[],66.53,MEDIUM,33.68,0.0242,False,50.82,30.91,LOW,"Weighted rule, ML risk, and behavioral anomaly signals",,,,,,
DRF00995,Control-7,Vulnerability,enabled=False,enabled=False,Update,Low,Shruti Clark,shruti.clark@company.com,Christopher Das,christopher.das@company.com,2025-08-04 21:45:00,Troubleshooting,Remediated,CIS,0,0,0,0,LOW,[],21.53,LOW,80.85,0.0161,False,63.95,17.13,LOW,"Weighted rule, ML risk, and behavioral anomaly signals",,,,,,
DRF00966,Control-49,Endpoint,enabled=True,enabled=False,Enable,Medium,Joseph Anderson,joseph.anderson@company.com,William Schmidt,william.schmidt@company.com,2025-08-04 23:26:00,Troubleshooting,Remediated,NONE,0,0,0,0,LOW,[],27.38,LOW,68.63,0.0006,False,89.28,22.97,LOW,"Weighted rule, ML risk, and behavioral anomaly signals",,,,,,
DRF00558,Control-79,Cloud_Security,enabled=False,enabled=False,Disable,Low,Aisha Sun,aisha.sun@company.com,Anthony Bhat,anthony.bhat@company.com,2025-08-06 03:08:00,Troubleshooting,Remediated,PCI,0,0,0,88,HIGH,['restore cloud guardrail policy in policy-as-code and redeploy the policy template'],52.2,MEDIUM,63.98,-0.0024,True,94.15,76.39,HIGH,"Weighted rule, ML risk, and behavioral anomaly signals",,,,,,
DRF00776,Control-32,Network_Segmentation,enabled=False,enabled=True,Remove,High,Amara O'Brien,amara.o'brien@company.com,Amitabh He,amitabh.he@company.com,2025-08-06 09:08:00,Policy Change,Compliant,CIS,0,0,0,0,LOW,[],64.04,HIGH,49.56,0.0615,False,0.0,22.41,LOW,"Weighted rule, ML risk, and behavioral anomaly signals",,,,,,
DRF00516,Control-97,Endpoint,enabled=True,enabled=True,Disable,Critical,Matthew Bhat,matthew.bhat@company.com,Anjali Harris,anjali.harris@company.com,2025-08-07 07:37:00,Performance Tuning,Remediated,NIST,0,0,0,87,HIGH,['re-enable endpoint protection for the device and initiate a full malware scan'],76.6,HIGH,49.16,0.0222,False,54.09,78.42,HIGH,"Weighted rule, ML risk, and behavioral anomaly signals",,,,,,
DRF00867,Control-63,Vulnerability,enabled=True,enabled=False,Remove,Medium,Yuki Rao,yuki.rao@company.com,Zainab Hernandez,zainab.hernandez@company.com,2025-08-07 12:38:00,Troubleshooting,Under_Review,GDPR,0,0,0,0,LOW,[],61.03,HIGH,44.56,0.0398,False,25.36,42.0,MEDIUM,Unresolved medium-severity review floor applied,,,,,,
DRF00671,Control-42,Logging,enabled=True,enabled=True,Rollback,Critical,Andrew Martin,andrew.martin@company.com,Aditya Pillai,aditya.pillai@company.com,2025-08-07 23:25:00,Performance Tuning,Compliant,PCI,0,0,0,0,LOW,[],56.0,MEDIUM,45.7,0.0012,False,88.28,32.84,LOW,"Weighted rule, ML risk, and behavioral anomaly signals",,,,,,
DRF00731,Control-67,Cloud_Security,enabled=False,enabled=False,Update,High,Leila Lopez,leila.lopez@company.com,Diya Bhat,diya.bhat@company.com,2025-08-08 00:24:00,Policy Change,Drifted,GDPR,1,0,0,0,LOW,[],72.0,HIGH,69.27,0.014,False,67.4,35.31,LOW,"Weighted rule, ML risk, and behavioral anomaly signals",,,,,,
DRF00563,Control-62,Cloud_Security,enabled=True,enabled=True,Rollback,High,Ronald Reilly,ronald.reilly@company.com,Anthony Jang,anthony.jang@company.com,2025-08-08 07:57:00,Emergency Fix,Remediated,ISO,0,0,1,0,LOW,[],48.5,MEDIUM,68.65,0.0222,False,54.0,25.07,LOW,"Weighted rule, ML risk, and behavioral anomaly signals",,,,,,
DRF00938,Control-41,Data_Protection,enabled=True,enabled=False,Modify,Low,Anjali Wang,anjali.wang@company.com,Aditya Yang,aditya.yang@company.com,2025-08-08 13:31:00,Policy Change,Mitigated,ISO,0,0,0,0,LOW,[],36.85,MEDIUM,56.75,0.0324,False,37.39,18.51,LOW,"Weighted rule, ML risk, and behavioral anomaly signals",,,,,,
DRF00905,Control-33,Logging,enabled=False,enabled=True,Update,Critical,Zainab Ghosh,zainab.ghosh@company.com,Aditya Lewis,aditya.lewis@company.com,2025-08-08 14:22:00,Troubleshooting,Mitigated,GDPR,0,0,0,0,LOW,[],52.21,MEDIUM,59.56,0.0429,False,20.24,21.31,LOW,"Weighted rule, ML risk, and behavioral anomaly signals",,,,,,
DRF00967,Control-35,DLP,enabled=False,enabled=True,Update,Low,Leila Lopez,leila.lopez@company.com,Priya Hwang,priya.hwang@company.com,2025-08-08 20:03:00,Security Update,Under_Review,PCI,1,0,0,0,LOW,[],43.58,MEDIUM,71.38,0.0193,False,58.75,24.07,LOW,"Weighted rule, ML risk, and behavioral anomaly signals",,,,,,
DRF00664,Control-4,Endpoint,enabled=True,enabled=True,Rollback,Critical,Thomas Robinson,thomas.robinson@company.com,Eric Ramirez,eric.ramirez@company.com,2025-08-09 00:33:00,Emergency Fix,Under_Review,NONE,0,0,1,0,LOW,[],68.26,HIGH,67.48,0.0131,False,68.85,34.22,LOW,"Weighted rule, ML risk, and behavioral anomaly signals",,,,,,
DRF00888,Control-38,Data_Protection,enabled=False,enabled=False,Update,Info,Isha Kang,isha.kang@company.com,Leila Kumar,leila.kumar@company.com,2025-08-09 03:55:00,Policy Change,Under_Review,CIS,0,0,0,0,LOW,[],44.84,MEDIUM,60.1,0.0104,False,73.27,26.68,LOW,"Weighted rule, ML risk, and behavioral anomaly signals",,,,,,
DRF00883,Control-86,Cloud_Security,enabled=False,enabled=True,Rollback,Medium,Jonathan Moore,jonathan.moore@company.com,Vikram Patel,vikram.patel@company.com,2025-08-09 18:33:00,Troubleshooting,Compliant,PCI,0,0,0,0,LOW,[],43.72,MEDIUM,52.53,0.016,False,64.2,24.93,LOW,"Weighted rule, ML risk, and behavioral anomaly signals",,,,,,
DRF00777,Control-72,Vulnerability,enabled=False,enabled=True,Enable,High,Steven Guo,steven.guo@company.com,Pooja Wagner,pooja.wagner@company.com,2025-08-09 23:36:00,Emergency Fix,Compliant,ISO,0,0,1,0,LOW,[],46.42,MEDIUM,66.63,-0.0218,True,100.0,31.25,LOW,"Weighted rule, ML risk, and behavioral anomaly signals",,,,,,
DRF00607,Control-40,Access_Control,enabled=False,enabled=False,Rollback,Medium,Larry Becker,larry.becker@company.com,Rohan Ramirez,rohan.ramirez@company.com,2025-08-10 13:27:00,Troubleshooting,Mitigated,ISO,0,0,0,0,LOW,[],49.63,MEDIUM,67.88,0.0089,False,75.76,28.73,LOW,"Weighted rule, ML risk, and behavioral anomaly signals",,,,,,
DRF00606,Control-76,Encryption,enabled=False,enabled=True,Modify,Low,David Harris,david.harris@company.com,Deepika Martinez,deepika.martinez@company.com,2025-08-12 11:12:00,Emergency Fix,Under_Review,CIS,0,0,1,98,CRITICAL,"['aws kms enable-key-rotation --key-id <key-id>', 'gcloud kms keys update <key-name> --protection-level=hsm']",47.57,MEDIUM,71.27,0.0398,False,25.42,93.0,CRITICAL,Mandatory priority floor applied for Encryption Downgrade,,,,,,
DRF00623,Control-19,Vulnerability,enabled=False,enabled=True,Enable,Critical,Nikhil Guo,nikhil.guo@company.com,Rohan Jang,rohan.jang@company.com,2025-08-12 14:04:00,Performance Tuning,Mitigated,NIST,0,0,0,0,LOW,[],49.76,MEDIUM,63.3,0.0414,False,22.71,20.82,LOW,"Weighted rule, ML risk, and behavioral anomaly signals",,,,,,
DRF00525,Control-48,DLP,enabled=True,enabled=False,Rollback,Medium,Aditya O'Brien,aditya.o'brien@company.com,Eric Brown,eric.brown@company.com,2025-08-12 14:29:00,Emergency Fix,Mitigated,ISO,0,0,1,0,LOW,[],45.75,MEDIUM,61.85,0.0228,False,53.03,23.97,LOW,"Weighted rule, ML risk, and behavioral anomaly signals",,,,,,
DRF00641,Control-8,Firewall,enabled=False,enabled=False,Update,Low,Rajesh White,rajesh.white@company.com,Joseph Williams,joseph.williams@company.com,2025-08-13 12:42:00,Policy Change,Drifted,NIST,0,0,0,0,LOW,[],44.38,MEDIUM,70.42,0.0562,False,0.0,15.53,LOW,"Weighted rule, ML risk, and behavioral anomaly signals",,,,,,
DRF00982,Control-35,Cloud_Security,enabled=True,enabled=False,Remove,Medium,Rajesh Quinn,rajesh.quinn@company.com,Brian Connor,brian.connor@company.com,2025-08-13 20:31:00,Performance Tuning,Compliant,GDPR,0,0,0,88,HIGH,['restore cloud guardrail policy in policy-as-code and redeploy the policy template'],59.94,HIGH,50.76,0.0145,False,66.62,74.97,HIGH,"Weighted rule, ML risk, and behavioral anomaly signals",,,,,,
DRF00981,Control-40,Access_Control,enabled=True,enabled=True,Rollback,Info,Rajesh Hwang,rajesh.hwang@company.com,Fatima Jackson,fatima.jackson@company.com,2025-08-13 22:57:00,Security Update,Under_Review,CIS,1,0,0,0,LOW,[],44.05,MEDIUM,73.2,0.0162,False,63.88,25.0,LOW,"Weighted rule, ML risk, and behavioral anomaly signals",,,,,,
DRF00926,Control-75,Firewall,enabled=False,enabled=True,Remove,Low,Timothy Ghosh,timothy.ghosh@company.com,Ronald Davis,ronald.davis@company.com,2025-08-14 03:07:00,Policy Change,Drifted,NONE,0,0,0,0,LOW,[],64.54,HIGH,53.4,0.0211,False,55.8,30.96,LOW,"Weighted rule, ML risk, and behavioral anomaly signals",,,,,,
DRF00990,Control-92,Logging,enabled=False,enabled=False,Enable,Medium,James Jang,james.jang@company.com,George Brown,george.brown@company.com,2025-08-14 21:52:00,Emergency Fix,Compliant,CIS,0,0,1,0,LOW,[],35.27,MEDIUM,54.58,0.0068,False,79.06,24.2,LOW,"Weighted rule, ML risk, and behavioral anomaly signals",,,,,,
DRF00874,Control-67,Data_Protection,enabled=True,enabled=False,Disable,High,Meera Kumar,meera.kumar@company.com,Steven Meyer,steven.meyer@company.com,2025-08-15 00:12:00,Emergency Fix,Remediated,GDPR,0,0,1,0,LOW,[],75.76,HIGH,54.44,0.0078,False,77.56,38.15,LOW,"Weighted rule, ML risk, and behavioral anomaly signals",,,,,,
DRF00860,Control-58,Access_Control,enabled=True,enabled=False,Rollback,Info,Ronald Bhat,ronald.bhat@company.com,Rohan Rao,rohan.rao@company.com,2025-08-15 15:20:00,Emergency Fix,Remediated,NONE,0,0,1,0,LOW,[],20.54,LOW,84.21,0.0432,False,19.86,10.17,LOW,"Weighted rule, ML risk, and behavioral anomaly signals",,,,,,
DRF00976,Control-61,Firewall,enabled=True,enabled=True,Disable,Critical,Rajesh Jo,rajesh.jo@company.com,Sofia Gonzalez,sofia.gonzalez@company.com,2025-08-16 05:11:00,Troubleshooting,Compliant,NONE,0,0,0,0,LOW,[],73.61,HIGH,48.7,0.0188,False,59.6,34.7,LOW,"Weighted rule, ML risk, and behavioral anomaly signals",,,,,,
DRF00539,Control-39,Network_Segmentation,enabled=True,enabled=True,Remove,Low,Daniel Xu,daniel.xu@company.com,Kenneth Li,kenneth.li@company.com,2025-08-17 04:36:00,Policy Change,Drifted,GDPR,0,0,0,0,LOW,[],68.57,HIGH,47.03,-0.0118,True,100.0,39.0,LOW,"Weighted rule, ML risk, and behavioral anomaly signals",,,,,,
DRF00549,Control-80,Logging,enabled=False,enabled=True,Modify,Low,Amara Iyer,amara.iyer@company.com,Harsh Perez,harsh.perez@company.com,2025-08-17 04:43:00,Emergency Fix,Remediated,NONE,0,0,1,0,LOW,[],31.56,LOW,55.14,-0.012,True,100.0,26.05,LOW,"Weighted rule, ML risk, and behavioral anomaly signals",,,,,,
DRF00576,Control-8,Network_Segmentation,enabled=False,enabled=False,Disable,High,Maria Verma,maria.verma@company.com,Sofia O'Brien,sofia.o'brien@company.com,2025-08-17 13:01:00,Emergency Fix,Mitigated,NIST,0,0,1,0,LOW,[],72.8,HIGH,57.83,0.0127,False,69.46,35.9,LOW,"Weighted rule, ML risk, and behavioral anomaly signals",,,,,,
DRF00826,Control-45,Cloud_Security,enabled=False,enabled=True,Remove,Info,Thomas Lopez,thomas.lopez@company.com,Amitabh Jang,amitabh.jang@company.com,2025-08-18 12:10:00,Performance Tuning,Remediated,PCI,0,0,0,88,HIGH,['restore cloud guardrail policy in policy-as-code and redeploy the policy template'],42.67,LOW,37.55,0.029,False,42.93,65.37,HIGH,"Weighted rule, ML risk, and behavioral anomaly signals",,,,,,
DRF00695,Control-99,Firewall,enabled=True,enabled=True,Remove,High,Vikram Becker,vikram.becker@company.com,Akshay Young,akshay.young@company.com,2025-08-18 19:25:00,Security Update,Under_Review,ISO,1,0,0,0,LOW,[],83.0,CRITICAL,56.39,0.0242,False,50.85,36.68,LOW,"Weighted rule, ML risk, and behavioral anomaly signals",,,,,,
DRF00523,Control-46,DLP,enabled=False,enabled=True,Disable,Medium,Ryan Jang,ryan.jang@company.com,Vikram Muller,vikram.muller@company.com,2025-08-18 20:03:00,Performance Tuning,Under_Review,PCI,0,0,0,86,HIGH,['restore DLP policy from policy-as-code and redeploy to sensitive data repositories'],73.0,HIGH,57.95,-0.0008,True,91.43,82.26,HIGH,Unresolved medium-severity review floor applied,,,,,,
DRF00983,Control-47,Logging,enabled=True,enabled=True,Enable,Medium,Thomas Sanchez,thomas.sanchez@company.com,Riya Xu,riya.xu@company.com,2025-08-20 04:04:00,Troubleshooting,Drifted,NIST,0,0,0,0,LOW,[],47.77,MEDIUM,69.61,0.0073,False,78.3,28.46,LOW,"Weighted rule, ML risk, and behavioral anomaly signals",,,,,,
DRF00630,Control-2,Access_Control,enabled=False,enabled=True,Enable,High,Neha Hernandez,neha.hernandez@company.com,Nicholas Nair,nicholas.nair@company.com,2025-08-20 13:26:00,Emergency Fix,Mitigated,GDPR,0,0,1,0,LOW,[],46.8,MEDIUM,68.27,0.0215,False,55.15,24.65,LOW,"Weighted rule, ML risk, and behavioral anomaly signals",,,,,,
DRF00569,Control-92,Data_Protection,enabled=True,enabled=True,Rollback,High,Eric Chen,eric.chen@company.com,Mark Robinson,mark.robinson@company.com,2025-08-20 14:29:00,Troubleshooting,Drifted,NONE,0,0,0,0,LOW,[],66.76,HIGH,69.02,0.0409,False,23.6,26.91,LOW,"Weighted rule, ML risk, and behavioral anomaly signals",,,,,,
DRF00907,Control-12,Data_Protection,enabled=False,enabled=True,Update,Medium,Pooja Jang,pooja.jang@company.com,Sanjana Das,sanjana.das@company.com,2025-08-21 05:45:00,Emergency Fix,Under_Review,NONE,0,0,1,0,LOW,[],44.78,MEDIUM,58.96,0.0306,False,40.31,42.0,MEDIUM,Unresolved medium-severity review floor applied,,,,,,
DRF00611,Control-10,DLP,enabled=True,enabled=False,Modify,High,Larry Xu,larry.xu@company.com,Kenneth Young,kenneth.young@company.com,2025-08-23 00:40:00,Performance Tuning,Mitigated,NONE,0,0,0,0,LOW,[],55.35,MEDIUM,52.96,-0.0161,True,100.0,34.37,LOW,"Weighted rule, ML risk, and behavioral anomaly signals",,,,,,
DRF00596,Control-98,Endpoint,enabled=True,enabled=True,Disable,Critical,Charles Meyer,charles.meyer@company.com,Raja Reddy,raja.reddy@company.com,2025-08-23 10:41:00,Policy Change,Drifted,NONE,0,0,0,87,HIGH,['re-enable endpoint protection for the device and initiate a full malware scan'],90.23,CRITICAL,76.59,0.0281,False,44.35,81.73,HIGH,Critical unresolved drift floor applied,,,,,,
DRF00827,Control-29,Cloud_Security,enabled=False,enabled=True,Update,Critical,Vikram Miller,vikram.miller@company.com,Vikram Weber,vikram.weber@company.com,2025-08-24 23:32:00,Performance Tuning,Drifted,NIST,1,0,0,0,LOW,[],79.35,CRITICAL,46.08,-0.0036,True,96.04,78.0,HIGH,Critical unresolved drift floor applied,,,,,,
DRF00691,Control-33,Endpoint,enabled=False,enabled=False,Disable,Critical,Vikram Moore,vikram.moore@company.com,Jason Martinez,jason.martinez@company.com,2025-08-25 01:02:00,Emergency Fix,Drifted,PCI,0,0,1,87,HIGH,['re-enable endpoint protection for the device and initiate a full malware scan'],89.56,CRITICAL,73.67,-0.0051,True,98.44,89.61,CRITICAL,Critical unresolved drift floor applied,,,,,,
DRF00736,Control-17,Logging,enabled=False,enabled=True,Modify,High,Richard Burke,richard.burke@company.com,David Davis,david.davis@company.com,2025-08-25 02:37:00,Performance Tuning,Compliant,GDPR,0,0,0,0,LOW,[],48.79,MEDIUM,49.31,-0.0123,True,100.0,32.08,LOW,"Weighted rule, ML risk, and behavioral anomaly signals",,,,,,
DRF00766,Control-85,Vulnerability,enabled=False,enabled=True,Disable,Medium,Kenneth He,kenneth.he@company.com,Amitabh Lee,amitabh.lee@company.com,2025-08-25 13:41:00,Performance Tuning,Drifted,NONE,0,0,0,0,LOW,[],66.77,HIGH,49.2,0.0375,False,29.18,27.75,LOW,"Weighted rule, ML risk, and behavioral anomaly signals",,,,,,
DRF00595,Control-25,Data_Protection,enabled=False,enabled=False,Modify,High,Fatima White,fatima.white@company.com,David Harris,david.harris@company.com,2025-08-25 18:36:00,Performance Tuning,Drifted,PCI,0,0,0,0,LOW,[],72.05,HIGH,56.78,0.0213,False,55.56,33.55,LOW,"Weighted rule, ML risk, and behavioral anomaly signals",,,,,,
DRF00765,Control-47,Logging,enabled=True,enabled=False,Modify,Low,Raja Harris,raja.harris@company.com,Meera Quinn,meera.quinn@company.com,2025-08-25 18:53:00,Policy Change,Remediated,NIST,0,0,0,0,LOW,[],25.44,LOW,71.49,0.0307,False,40.2,14.93,LOW,"Weighted rule, ML risk, and behavioral anomaly signals",,,,,,
DRF00921,Control-77,Encryption,enabled=True,enabled=True,Rollback,Medium,Matthew Patel,matthew.patel@company.com,Kenneth Jackson,kenneth.jackson@company.com,2025-08-26 03:15:00,Emergency Fix,Drifted,CIS,0,0,1,0,LOW,[],58.35,MEDIUM,45.88,0.0088,False,75.84,31.8,LOW,"Weighted rule, ML risk, and behavioral anomaly signals",,,,,,
DRF00752,Control-3,DLP,enabled=True,enabled=False,Modify,Low,Sanjana Lopez,sanjana.lopez@company.com,Daniel Lewis,daniel.lewis@company.com,2025-08-26 05:05:00,Security Update,Mitigated,CIS,1,0,0,0,LOW,[],38.21,MEDIUM,60.21,0.0154,False,65.14,23.14,LOW,"Weighted rule, ML risk, and behavioral anomaly signals",,,,,,
DRF00557,Control-13,Access_Control,enabled=False,enabled=False,Remove,High,Nicholas Perez,nicholas.perez@company.com,Vikram Rao,vikram.rao@company.com,2025-08-26 06:11:00,Policy Change,Drifted,NONE,0,0,0,0,LOW,[],79.12,HIGH,42.64,0.0301,False,41.19,33.87,LOW,"Weighted rule, ML risk, and behavioral anomaly signals",,,,,,
DRF00871,Control-22,Firewall,enabled=True,enabled=True,Enable,Medium,Brian Reilly,brian.reilly@company.com,Harsh Menon,harsh.menon@company.com,2025-08-26 13:10:00,Emergency Fix,Drifted,ISO,0,0,1,0,LOW,[],45.35,MEDIUM,71.51,0.0286,False,43.61,22.41,LOW,"Weighted rule, ML risk, and behavioral anomaly signals",,,,,,
DRF00701,Control-30,Vulnerability,enabled=True,enabled=False,Remove,Critical,Elena Reilly,elena.reilly@company.com,Thomas Menon,thomas.menon@company.com,2025-08-26 13:24:00,Security Update,Under_Review,CIS,1,0,0,0,LOW,[],78.41,HIGH,59.1,0.0451,False,16.73,29.95,LOW,"Weighted rule, ML risk, and behavioral anomaly signals",,,,,,
DRF00742,Control-38,Data_Protection,enabled=True,enabled=True,Remove,Critical,Harsh Martin,harsh.martin@company.com,Karan Verma,karan.verma@company.com,2025-08-26 22:02:00,Emergency Fix,Under_Review,NONE,0,0,1,0,LOW,[],88.15,CRITICAL,68.51,0.0009,False,88.8,44.17,MEDIUM,"Weighted rule, ML risk, and behavioral anomaly signals",,,,,,
DRF00598,Control-75,Vulnerability,enabled=False,enabled=False,Modify,High,Zainab He,zainab.he@company.com,Aisha Nair,aisha.nair@company.com,2025-08-27 13:49:00,Policy Change,Drifted,NONE,0,0,0,0,LOW,[],67.7,HIGH,65.18,0.0535,False,3.01,24.15,LOW,"Weighted rule, ML risk, and behavioral anomaly signals",,,,,,
DRF00621,Control-65,Data_Protection,enabled=False,enabled=False,Disable,Low,Jacob Sun,jacob.sun@company.com,Leila Becker,leila.becker@company.com,2025-08-27 13:58:00,Performance Tuning,Drifted,GDPR,0,0,0,0,LOW,[],69.52,HIGH,54.22,0.0425,False,20.9,27.47,LOW,"Weighted rule, ML risk, and behavioral anomaly signals",,,,,,
DRF00524,Control-78,Access_Control,enabled=False,enabled=True,Modify,High,Charles Li,charles.li@company.com,Arjun Lopez,arjun.lopez@company.com,2025-08-28 04:55:00,Emergency Fix,Compliant,NIST,0,0,1,0,LOW,[],49.01,MEDIUM,53.32,0.0163,False,63.68,26.71,LOW,"Weighted rule, ML risk, and behavioral anomaly signals",,,,,,
DRF00961,Control-88,DLP,enabled=False,enabled=True,Disable,Medium,Michael Liu,michael.liu@company.com,Stephen White,stephen.white@company.com,2025-08-28 06:26:00,Performance Tuning,Under_Review,NONE,0,0,0,86,HIGH,['restore DLP policy from policy-as-code and redeploy to sensitive data repositories'],60.82,MEDIUM,39.76,0.019,False,59.26,73.18,HIGH,Unresolved medium-severity review floor applied,,,,,,
DRF00897,Control-36,Firewall,enabled=False,enabled=False,Enable,Critical,Christopher Patel,christopher.patel@company.com,Nicholas Sullivan,nicholas.sullivan@company.com,2025-08-29 13:57:00,Security Update,Remediated,GDPR,1,0,0,0,LOW,[],40.1,MEDIUM,52.15,0.0391,False,26.44,18.0,LOW,"Weighted rule, ML risk, and behavioral anomaly signals",,,,,,
DRF00570,Control-52,Firewall,enabled=True,enabled=True,Remove,Critical,Meera Muller,meera.muller@company.com,Aditya Johnson,aditya.johnson@company.com,2025-08-30 13:46:00,Policy Change,Under_Review,ISO,0,0,0,0,LOW,[],93.12,CRITICAL,84.17,0.0249,False,49.7,40.05,MEDIUM,"Weighted rule, ML risk, and behavioral anomaly signals",,,,,,
DRF00753,Control-21,Vulnerability,enabled=False,enabled=True,Rollback,Info,Amitabh Yang,amitabh.yang@company.com,Andrew Ramirez,andrew.ramirez@company.com,2025-08-30 20:40:00,Performance Tuning,Compliant,ISO,0,0,0,0,LOW,[],26.95,LOW,66.88,-0.0181,True,100.0,24.43,LOW,"Weighted rule, ML risk, and behavioral anomaly signals",,,,,,
DRF00547,Control-53,Cloud_Security,enabled=True,enabled=False,Remove,Low,Charles Young,charles.young@company.com,Nicholas Han,nicholas.han@company.com,2025-09-02 07:38:00,Performance Tuning,Compliant,NIST,0,0,0,88,HIGH,['restore cloud guardrail policy in policy-as-code and redeploy the policy template'],39.84,MEDIUM,41.98,0.0364,False,30.97,62.59,MEDIUM,"Weighted rule, ML risk, and behavioral anomaly signals",,,,,,
DRF00845,Control-87,Vulnerability,enabled=False,enabled=False,Remove,Medium,James Wang,james.wang@company.com,Maria Ramirez,maria.ramirez@company.com,2025-09-02 19:05:00,Troubleshooting,Under_Review,PCI,0,0,0,0,LOW,[],61.95,MEDIUM,44.01,0.0171,False,62.32,42.0,MEDIUM,Unresolved medium-severity review floor applied,,,,,,
DRF00770,Control-41,Endpoint,enabled=True,enabled=True,Remove,Low,Anjali Thompson,anjali.thompson@company.com,Timothy Davis,timothy.davis@company.com,2025-09-03 05:56:00,Troubleshooting,Compliant,ISO,0,0,0,87,HIGH,['re-enable endpoint protection for the device and initiate a full malware scan'],40.06,MEDIUM,52.12,0.0108,False,72.62,68.41,HIGH,"Weighted rule, ML risk, and behavioral anomaly signals",,,,,,
DRF00594,Control-60,Cloud_Security,enabled=True,enabled=False,Rollback,Low,Raja Sullivan,raja.sullivan@company.com,Andrew Lee,andrew.lee@company.com,2025-09-03 11:30:00,Security Update,Remediated,CIS,1,0,0,0,LOW,[],21.18,LOW,82.65,0.0452,False,16.57,9.9,LOW,"Weighted rule, ML risk, and behavioral anomaly signals",,,,,,
DRF00744,Control-64,Cloud_Security,enabled=False,enabled=False,Update,Critical,Rajesh Miller,rajesh.miller@company.com,Eric Rodriguez,eric.rodriguez@company.com,2025-09-05 19:52:00,Troubleshooting,Compliant,NONE,1,0,0,0,LOW,[],44.57,MEDIUM,61.9,0.0256,False,48.42,22.86,LOW,"Weighted rule, ML risk, and behavioral anomaly signals",,,,,,
DRF00588,Control-3,Network_Segmentation,enabled=True,enabled=False,Modify,Critical,Charles Patel,charles.patel@company.com,Mark Hernandez,mark.hernandez@company.com,2025-09-06 03:32:00,Performance Tuning,Under_Review,PCI,0,0,0,0,LOW,[],81.72,CRITICAL,48.51,-0.0186,True,100.0,43.6,MEDIUM,"Weighted rule, ML risk, and behavioral anomaly signals",,,,,,
DRF00737,Control-60,Logging,enabled=False,enabled=False,Remove,High,Riya Das,riya.das@company.com,Mark Ramirez,mark.ramirez@company.com,2025-09-06 13:49:00,Security Update,Remediated,NIST,1,0,0,97,CRITICAL,"['aws logs put-retention-policy --log-group-name <group> --retention-in-days 365', 'az monitor diagnostic-settings create --name <setting> --resource <resource-id>']",65.69,HIGH,36.78,0.0128,False,69.36,92.0,CRITICAL,Mandatory priority floor applied for Audit Logging Disabled,,,,,,
DRF00601,Control-1,Endpoint,enabled=False,enabled=False,Update,Low,Gary He,gary.he@company.com,Stephen Xu,stephen.xu@company.com,2025-09-06 13:57:00,Policy Change,Remediated,ISO,0,0,0,0,LOW,[],21.15,LOW,82.1,0.0104,False,73.19,18.38,LOW,"Weighted rule, ML risk, and behavioral anomaly signals",,,,,,
DRF00712,Control-91,Network_Segmentation,enabled=False,enabled=True,Disable,Low,Paul Hernandez,paul.hernandez@company.com,Jacob Reilly,jacob.reilly@company.com,2025-09-06 19:53:00,Troubleshooting,Remediated,NIST,0,0,0,0,LOW,[],44.03,MEDIUM,54.27,0.0107,False,72.84,26.34,LOW,"Weighted rule, ML risk, and behavioral anomaly signals",,,,,,
DRF00900,Control-40,Endpoint,enabled=False,enabled=True,Disable,Low,Matthew Perez,matthew.perez@company.com,Richard Schmidt,richard.schmidt@company.com,2025-09-07 09:25:00,Emergency Fix,Drifted,NIST,0,0,1,87,HIGH,['re-enable endpoint protection for the device and initiate a full malware scan'],71.22,HIGH,49.05,0.0096,False,74.58,79.61,HIGH,"Weighted rule, ML risk, and behavioral anomaly signals",,,,,,
DRF00536,Control-77,Access_Control,enabled=False,enabled=False,Enable,Medium,Elena Perez,elena.perez@company.com,George Gupta,george.gupta@company.com,2025-09-07 11:41:00,Policy Change,Drifted,PCI,0,0,0,0,LOW,[],50.66,MEDIUM,63.42,0.0186,False,59.91,26.72,LOW,"Weighted rule, ML risk, and behavioral anomaly signals",,,,,,
DRF00751,Control-53,Firewall,enabled=False,enabled=False,Update,Medium,Yuki Schmidt,yuki.schmidt@company.com,Anthony Choi,anthony.choi@company.com,2025-09-08 01:35:00,Security Update,Compliant,GDPR,1,0,0,0,LOW,[],28.61,LOW,64.97,0.0181,False,60.73,19.12,LOW,"Weighted rule, ML risk, and behavioral anomaly signals",,,,,,
DRF00665,Control-48,Vulnerability,enabled=False,enabled=True,Update,Medium,Amitabh White,amitabh.white@company.com,Priya O'Brien,priya.o'brien@company.com,2025-09-08 07:41:00,Policy Change,Under_Review,GDPR,0,0,0,0,LOW,[],47.26,MEDIUM,76.9,0.0503,False,8.25,42.0,MEDIUM,Unresolved medium-severity review floor applied,,,,,,
DRF00704,Control-25,Data_Protection,enabled=True,enabled=True,Enable,Critical,Andrew Das,andrew.das@company.com,George O'Brien,george.o'brien@company.com,2025-09-08 21:38:00,Performance Tuning,Remediated,NIST,0,0,0,0,LOW,[],47.6,MEDIUM,59.17,0.0099,False,74.1,27.77,LOW,"Weighted rule, ML risk, and behavioral anomaly signals",,,,,,
DRF00758,Control-11,Network_Segmentation,enabled=True,enabled=True,Disable,High,Akshay Muller,akshay.muller@company.com,Stephen Martin,stephen.martin@company.com,2025-09-09 01:01:00,Security Update,Compliant,NONE,1,0,0,0,LOW,[],52.39,HIGH,37.07,0.0118,False,70.93,28.98,LOW,"Weighted rule, ML risk, and behavioral anomaly signals",,,,,,
DRF00546,Control-16,Vulnerability,enabled=False,enabled=True,Rollback,Critical,Akshay Lim,akshay.lim@company.com,Eric Patel,eric.patel@company.com,2025-09-09 03:51:00,Performance Tuning,Under_Review,ISO,0,0,0,0,LOW,[],68.18,HIGH,68.21,0.0055,False,81.27,36.05,LOW,"Weighted rule, ML risk, and behavioral anomaly signals",,,,,,
DRF00968,Control-42,Data_Protection,enabled=True,enabled=False,Enable,Low,Amara Gupta,amara.gupta@company.com,Richard Muller,richard.muller@company.com,2025-09-09 08:35:00,Policy Change,Remediated,NIST,0,0,0,0,LOW,[],20.7,LOW,82.4,0.0371,False,29.74,11.71,LOW,"Weighted rule, ML risk, and behavioral anomaly signals",,,,,,
DRF00666,Control-21,Vulnerability,enabled=False,enabled=False,Rollback,High,Joseph Brown,joseph.brown@company.com,Andrew Menon,andrew.menon@company.com,2025-09-09 14:38:00,Security Update,Drifted,GDPR,1,0,0,0,LOW,[],66.08,HIGH,66.2,0.0429,False,20.33,26.18,LOW,"Weighted rule, ML risk, and behavioral anomaly signals",,,,,,
DRF00811,Control-70,Encryption,enabled=True,enabled=False,Modify,Low,Amitabh Singh,amitabh.singh@company.com,Steven Sullivan,steven.sullivan@company.com,2025-09-10 18:02:00,Policy Change,Under_Review,ISO,0,0,0,98,CRITICAL,"['aws kms enable-key-rotation --key-id <key-id>', 'gcloud kms keys update <key-name> --protection-level=hsm']",45.22,MEDIUM,71.46,0.0186,False,59.95,93.0,CRITICAL,Mandatory priority floor applied for Encryption Downgrade,,,,,,
DRF00912,Control-10,Network_Segmentation,enabled=True,enabled=False,Update,Low,Sofia Becker,sofia.becker@company.com,Kenneth Wang,kenneth.wang@company.com,2025-09-10 19:37:00,Emergency Fix,Remediated,ISO,0,0,1,0,LOW,[],20.07,LOW,86.32,0.031,False,39.75,12.99,LOW,"Weighted rule, ML risk, and behavioral anomaly signals",,,,,,
DRF00839,Control-4,Cloud_Security,enabled=False,enabled=False,Enable,Info,Vikram Meyer,vikram.meyer@company.com,James Sanchez,james.sanchez@company.com,2025-09-11 01:31:00,Troubleshooting,Remediated,CIS,0,0,0,0,LOW,[],22.46,LOW,79.37,0.0081,False,77.0,19.41,LOW,"Weighted rule, ML risk, and behavioral anomaly signals",,,,,,
DRF00793,Control-70,Encryption,enabled=True,enabled=False,Disable,Medium,Ronald Jackson,ronald.jackson@company.com,Akshay White,akshay.white@company.com,2025-09-11 02:08:00,Security Update,Mitigated,ISO,1,0,0,98,CRITICAL,"['aws kms enable-key-rotation --key-id <key-id>', 'gcloud kms keys update <key-name> --protection-level=hsm']",66.25,HIGH,54.09,-0.0014,True,92.43,93.0,CRITICAL,Mandatory priority floor applied for Encryption Downgrade,,,,,,
DRF00762,Control-30,Firewall,enabled=False,enabled=False,Modify,Low,Aditya Schmidt,aditya.schmidt@company.com,Rajesh Wilson,rajesh.wilson@company.com,2025-09-11 16:00:00,Security Update,Mitigated,ISO,1,0,0,0,LOW,[],38.7,MEDIUM,61.52,0.039,False,26.71,17.55,LOW,"Weighted rule, ML risk, and behavioral anomaly signals",,,,,,
DRF00940,Control-13,Cloud_Security,enabled=True,enabled=True,Rollback,Critical,Vikram Ramirez,vikram.ramirez@company.com,Kenneth Williams,kenneth.williams@company.com,2025-09-12 01:17:00,Security Update,Remediated,PCI,1,0,0,0,LOW,[],51.72,MEDIUM,54.09,0.0064,False,79.75,30.06,LOW,"Weighted rule, ML risk, and behavioral anomaly signals",,,,,,
DRF00627,Control-25,Access_Control,enabled=False,enabled=True,Disable,High,Kevin Young,kevin.young@company.com,Diya Williams,diya.williams@company.com,2025-09-12 09:55:00,Emergency Fix,Remediated,PCI,0,0,1,0,LOW,[],74.22,HIGH,64.32,0.0325,False,37.31,31.57,LOW,"Weighted rule, ML risk, and behavioral anomaly signals",,,,,,
DRF00812,Control-11,Encryption,enabled=False,enabled=True,Modify,Critical,Nisha Lewis,nisha.lewis@company.com,Nikhil Rodriguez,nikhil.rodriguez@company.com,2025-09-12 10:12:00,Policy Change,Compliant,NIST,0,0,0,98,CRITICAL,"['aws kms enable-key-rotation --key-id <key-id>', 'gcloud kms keys update <key-name> --protection-level=hsm']",61.31,HIGH,59.19,0.038,False,28.22,93.0,CRITICAL,Mandatory priority floor applied for Encryption Downgrade,,,,,,
DRF00817,Control-23,Vulnerability,enabled=False,enabled=False,Update,Critical,Xiulan Sun,xiulan.sun@company.com,Priya Martinez,priya.martinez@company.com,2025-09-12 17:09:00,Troubleshooting,Under_Review,NIST,0,0,0,0,LOW,[],65.55,HIGH,61.47,0.034,False,34.83,28.17,LOW,"Weighted rule, ML risk, and behavioral anomaly signals",,,,,,
DRF00564,Control-16,Cloud_Security,enabled=True,enabled=False,Rollback,Critical,Charles Moore,charles.moore@company.com,Kenneth Li,kenneth.li@company.com,2025-09-13 07:53:00,Policy Change,Compliant,GDPR,0,0,0,0,LOW,[],61.42,HIGH,57.38,0.0369,False,30.06,26.01,LOW,"Weighted rule, ML risk, and behavioral anomaly signals",,,,,,
DRF00987,Control-86,Endpoint,enabled=False,enabled=False,Rollback,Low,Nikhil Lee,nikhil.lee@company.com,Matthew Brown,matthew.brown@company.com,2025-09-14 03:05:00,Troubleshooting,Drifted,GDPR,0,0,0,0,LOW,[],49.07,MEDIUM,63.39,-0.0055,True,99.14,32.05,LOW,"Weighted rule, ML risk, and behavioral anomaly signals",,,,,,
DRF00800,Control-79,Logging,enabled=False,enabled=False,Enable,Info,Anjali Sullivan,anjali.sullivan@company.com,Karan Murphy,karan.murphy@company.com,2025-09-15 00:03:00,Troubleshooting,Mitigated,PCI,0,0,0,0,LOW,[],24.73,LOW,70.57,-0.0096,True,100.0,23.66,LOW,"Weighted rule, ML risk, and behavioral anomaly signals",,,,,,
DRF00636,Control-84,Data_Protection,enabled=True,enabled=False,Modify,Medium,William Gonzalez,william.gonzalez@company.com,Elena Murphy,elena.murphy@company.com,2025-09-15 01:16:00,Security Update,Remediated,NIST,1,0,0,0,LOW,[],40.29,LOW,41.49,0.0089,False,75.63,25.45,LOW,"Weighted rule, ML risk, and behavioral anomaly signals",,,,,,
DRF00624,Control-97,Logging,enabled=True,enabled=True,Disable,Low,Steven Brown,steven.brown@company.com,Elena Rodriguez,elena.rodriguez@company.com,2025-09-19 11:25:00,Policy Change,Compliant,ISO,0,0,0,97,CRITICAL,"['aws logs put-retention-policy --log-group-name <group> --retention-in-days 365', 'az monitor diagnostic-settings create --name <setting> --resource <resource-id>']",47.29,MEDIUM,53.53,0.0417,False,22.21,92.0,CRITICAL,Mandatory priority floor applied for Audit Logging Disabled,,,,,,
DRF00916,Control-62,Logging,enabled=True,enabled=False,Enable,Low,Zainab Park,zainab.park@company.com,Kenneth Muller,kenneth.muller@company.com,2025-09-20 05:30:00,Troubleshooting,Remediated,NONE,0,0,0,0,LOW,[],21.1,LOW,83.04,0.0037,False,84.24,20.02,LOW,"Weighted rule, ML risk, and behavioral anomaly signals",,,,,,
DRF00782,Control-39,Firewall,enabled=True,enabled=True,Update,High,Christopher Miller,christopher.miller@company.com,Richard Jackson,richard.jackson@company.com,2025-09-20 10:22:00,Troubleshooting,Remediated,PCI,0,0,0,0,LOW,[],46.67,MEDIUM,63.0,0.0342,False,34.54,21.52,LOW,"Weighted rule, ML risk, and behavioral anomaly signals",,,,,,
DRF00680,Control-5,Encryption,enabled=True,enabled=True,Modify,High,Sofia Lopez,sofia.lopez@company.com,Riya Huang,riya.huang@company.com,2025-09-20 19:40:00,Security Update,Mitigated,CIS,1,0,0,0,LOW,[],64.62,HIGH,66.52,0.0091,False,75.34,33.92,LOW,"Weighted rule, ML risk, and behavioral anomaly signals",,,,,,
DRF00519,Control-52,Firewall,enabled=True,enabled=True,Modify,Critical,Mark Lee,mark.lee@company.com,Elena Choi,elena.choi@company.com,2025-09-20 23:03:00,Performance Tuning,Remediated,ISO,0,0,0,0,LOW,[],67.83,HIGH,60.43,-0.0335,True,100.0,38.74,LOW,"Weighted rule, ML risk, and behavioral anomaly signals",,,,,,
DRF00756,Control-54,Logging,enabled=True,enabled=False,Modify,Medium,Sophia Brown,sophia.brown@company.com,Stephen Lee,stephen.lee@company.com,2025-09-21 11:52:00,Performance Tuning,Drifted,PCI,0,0,0,0,LOW,[],64.15,HIGH,47.45,-0.002,True,93.41,36.46,LOW,"Weighted rule, ML risk, and behavioral anomaly signals",,,,,,
DRF00688,Control-23,Firewall,enabled=False,enabled=False,Rollback,Critical,Richard Williams,richard.williams@company.com,George Clark,george.clark@company.com,2025-09-21 15:27:00,Troubleshooting,Under_Review,ISO,0,0,0,0,LOW,[],71.1,HIGH,64.47,0.0202,False,57.28,33.48,LOW,"Weighted rule, ML risk, and behavioral anomaly signals",,,,,,
DRF00540,Control-3,Vulnerability,enabled=False,enabled=False,Modify,Info,Anjali White,anjali.white@company.com,Aditya Burke,aditya.burke@company.com,2025-09-22 23:19:00,Emergency Fix,Drifted,ISO,0,0,1,0,LOW,[],46.37,MEDIUM,67.59,-0.0083,True,100.0,31.23,LOW,"Weighted rule, ML risk, and behavioral anomaly signals",,,,,,
DRF00583,Control-98,Logging,enabled=False,enabled=False,Remove,High,Varun Yang,varun.yang@company.com,Edward Guo,edward.guo@company.com,2025-09-23 02:33:00,Policy Change,Drifted,CIS,0,0,0,97,CRITICAL,"['aws logs put-retention-policy --log-group-name <group> --retention-in-days 365', 'az monitor diagnostic-settings create --name <setting> --resource <resource-id>']",84.5,CRITICAL,55.43,0.0065,False,79.59,92.0,CRITICAL,Mandatory priority floor applied for Audit Logging Disabled,,,,,,
DRF00835,Control-89,Endpoint,enabled=True,enabled=True,Update,Critical,Meera Meyer,meera.meyer@company.com,Stephen Chen,stephen.chen@company.com,2025-09-23 07:50:00,Emergency Fix,Compliant,PCI,0,0,1,0,LOW,[],46.06,MEDIUM,69.09,0.0268,False,46.56,23.1,LOW,"Weighted rule, ML risk, and behavioral anomaly signals",,,,,,
DRF00952,Control-5,Logging,enabled=False,enabled=True,Disable,Critical,George Young,george.young@company.com,Aisha Pillai,aisha.pillai@company.com,2025-09-23 15:14:00,Policy Change,Drifted,GDPR,0,0,0,97,CRITICAL,"['aws logs put-retention-policy --log-group-name <group> --retention-in-days 365', 'az monitor diagnostic-settings create --name <setting> --resource <resource-id>']",93.55,CRITICAL,85.0,0.0421,False,21.54,92.0,CRITICAL,Mandatory priority floor applied for Audit Logging Disabled,,,,,,
DRF00910,Control-36,Firewall,enabled=True,enabled=False,Remove,Critical,Arjun Miller,arjun.miller@company.com,George Guo,george.guo@company.com,2025-09-24 11:16:00,Performance Tuning,Mitigated,PCI,0,0,0,0,LOW,[],79.2,HIGH,46.28,0.0418,False,22.09,31.03,LOW,"Weighted rule, ML risk, and behavioral anomaly signals",,,,,,
DRF00833,Control-89,DLP,enabled=True,enabled=False,Disable,Low,Jonathan Lee,jonathan.lee@company.com,Nadia Choi,nadia.choi@company.com,2025-09-24 23:41:00,Troubleshooting,Remediated,NIST,0,0,0,86,HIGH,['restore DLP policy from policy-as-code and redeploy to sensitive data repositories'],49.16,MEDIUM,57.37,0.0041,False,83.55,72.74,HIGH,"Weighted rule, ML risk, and behavioral anomaly signals",,,,,,
DRF00802,Control-63,Logging,enabled=False,enabled=True,Rollback,Low,Rohan White,rohan.white@company.com,Sanjana Jang,sanjana.jang@company.com,2025-09-25 04:01:00,Policy Change,Under_Review,ISO,0,0,0,0,LOW,[],41.3,MEDIUM,70.32,-0.0041,True,96.91,28.99,LOW,"Weighted rule, ML risk, and behavioral anomaly signals",,,,,,
DRF00755,Control-38,Logging,enabled=True,enabled=True,Disable,Low,James Kim,james.kim@company.com,Harsh Miller,harsh.miller@company.com,2025-09-25 10:19:00,Troubleshooting,Mitigated,ISO,0,0,0,97,CRITICAL,"['aws logs put-retention-policy --log-group-name <group> --retention-in-days 365', 'az monitor diagnostic-settings create --name <setting> --resource <resource-id>']",55.05,MEDIUM,59.5,0.0477,False,12.5,92.0,CRITICAL,Mandatory priority floor applied for Audit Logging Disabled,,,,,,
DRF00774,Control-86,Cloud_Security,enabled=False,enabled=False,Modify,High,Joseph Williams,joseph.williams@company.com,Nadia Pillai,nadia.pillai@company.com,2025-09-25 23:57:00,Policy Change,Compliant,ISO,0,0,0,0,LOW,[],52.77,MEDIUM,60.18,0.0029,False,85.47,31.29,LOW,"Weighted rule, ML risk, and behavioral anomaly signals",,,,,,
DRF00872,Control-51,Access_Control,enabled=True,enabled=True,Rollback,Low,Matthew Hwang,matthew.hwang@company.com,Stephen Quinn,stephen.quinn@company.com,2025-09-26 10:53:00,Policy Change,Under_Review,NONE,0,0,0,0,LOW,[],28.92,LOW,63.93,0.0521,False,5.31,10.92,LOW,"Weighted rule, ML risk, and behavioral anomaly signals",,,,,,
DRF00836,Control-90,Endpoint,enabled=True,enabled=True,Remove,Critical,Stephen Bhat,stephen.bhat@company.com,Stephen Guo,stephen.guo@company.com,2025-09-27 17:37:00,Policy Change,Drifted,CIS,0,0,0,87,HIGH,['re-enable endpoint protection for the device and initiate a full malware scan'],92.41,CRITICAL,80.25,0.0166,False,63.15,85.32,CRITICAL,Critical unresolved drift floor applied,,,,,,
DRF00922,Control-81,Endpoint,enabled=True,enabled=True,Remove,Low,Stephen Kim,stephen.kim@company.com,Yuki Han,yuki.han@company.com,2025-09-28 09:20:00,Performance Tuning,Compliant,NONE,0,0,0,87,HIGH,['re-enable endpoint protection for the device and initiate a full malware scan'],39.64,LOW,42.15,0.0091,False,75.43,68.69,HIGH,"Weighted rule, ML risk, and behavioral anomaly signals",,,,,,
DRF00610,Control-33,Network_Segmentation,enabled=True,enabled=True,Disable,Info,Sanjana White,sanjana.white@company.com,Eric Lee,eric.lee@company.com,2025-09-28 12:23:00,Troubleshooting,Compliant,NIST,0,0,0,0,LOW,[],37.73,MEDIUM,44.21,0.0146,False,66.33,23.15,LOW,"Weighted rule, ML risk, and behavioral anomaly signals",,,,,,
DRF00530,Control-39,Encryption,enabled=True,enabled=True,Rollback,Medium,William Lim,william.lim@company.com,Jacob Das,jacob.das@company.com,2025-09-29 02:18:00,Policy Change,Remediated,NONE,0,0,0,0,LOW,[],40.17,MEDIUM,51.8,0.0161,False,63.98,23.66,LOW,"Weighted rule, ML risk, and behavioral anomaly signals",,,,,,
DRF00831,Control-61,Data_Protection,enabled=False,enabled=False,Enable,Low,Joshua Lewis,joshua.lewis@company.com,Priya Brown,priya.brown@company.com,2025-09-30 10:13:00,Emergency Fix,Remediated,CIS,0,0,1,0,LOW,[],21.52,LOW,80.37,0.0353,False,32.77,12.45,LOW,"Weighted rule, ML risk, and behavioral anomaly signals",,,,,,
DRF00542,Control-4,Endpoint,enabled=True,enabled=True,Update,Low,George Menon,george.menon@company.com,Priya Reddy,priya.reddy@company.com,2025-09-30 10:22:00,Policy Change,Under_Review,NIST,0,0,0,0,LOW,[],41.68,MEDIUM,64.44,0.046,False,15.29,16.88,LOW,"Weighted rule, ML risk, and behavioral anomaly signals",,,,,,
DRF00629,Control-74,Cloud_Security,enabled=True,enabled=True,Rollback,High,Yuki Hernandez,yuki.hernandez@company.com,Diya Verma,diya.verma@company.com,2025-09-30 19:29:00,Emergency Fix,Mitigated,PCI,0,0,1,0,LOW,[],56.55,MEDIUM,55.84,0.0158,False,64.41,29.45,LOW,"Weighted rule, ML risk, and behavioral anomaly signals",,,,,,
DRF00882,Control-9,Network_Segmentation,enabled=True,enabled=True,Modify,High,Sofia Rodriguez,sofia.rodriguez@company.com,Raja Yang,raja.yang@company.com,2025-10-02 11:01:00,Emergency Fix,Drifted,NIST,0,0,1,0,LOW,[],70.38,HIGH,61.13,0.0399,False,25.19,28.41,LOW,"Weighted rule, ML risk, and behavioral anomaly signals",,,,,,
DRF00599,Control-83,Endpoint,enabled=False,enabled=True,Enable,Low,Stephen Reddy,stephen.reddy@company.com,Isha Mishra,isha.mishra@company.com,2025-10-03 07:42:00,Performance Tuning,Drifted,NONE,0,0,0,0,LOW,[],30.01,LOW,58.33,0.0219,False,54.46,18.67,LOW,"Weighted rule, ML risk, and behavioral anomaly signals",,,,,,
DRF00648,Control-66,DLP,enabled=True,enabled=False,Disable,Medium,Charles Moore,charles.moore@company.com,Richard Park,richard.park@company.com,2025-10-03 23:47:00,Security Update,Under_Review,NIST,1,0,0,86,HIGH,['restore DLP policy from policy-as-code and redeploy to sensitive data repositories'],72.34,HIGH,63.18,0.0038,False,83.94,80.91,HIGH,Unresolved medium-severity review floor applied,,,,,,
DRF00856,Control-63,Encryption,enabled=False,enabled=False,Modify,High,Priya Rao,priya.rao@company.com,Rajesh Smith,rajesh.smith@company.com,2025-10-04 10:47:00,Policy Change,Mitigated,CIS,0,0,0,98,CRITICAL,"['aws kms enable-key-rotation --key-id <key-id>', 'gcloud kms keys update <key-name> --protection-level=hsm']",66.02,HIGH,67.24,0.0181,False,60.73,93.0,CRITICAL,Mandatory priority floor applied for Encryption Downgrade,,,,,,
DRF00556,Control-39,Endpoint,enabled=True,enabled=False,Disable,Medium,Eric Thompson,eric.thompson@company.com,Ronald O'Brien,ronald.o'brien@company.com,2025-10-04 17:31:00,Emergency Fix,Compliant,PCI,0,0,1,87,HIGH,['re-enable endpoint protection for the device and initiate a full malware scan'],59.32,MEDIUM,42.81,0.013,False,68.98,74.61,HIGH,"Weighted rule, ML risk, and behavioral anomaly signals",,,,,,
DRF00779,Control-50,Access_Control,enabled=True,enabled=False,Rollback,Critical,Amitabh Das,amitabh.das@company.com,David Martin,david.martin@company.com,2025-10-04 18:53:00,Performance Tuning,Under_Review,ISO,0,0,0,0,LOW,[],70.33,HIGH,69.34,0.005,False,82.03,36.92,LOW,"Weighted rule, ML risk, and behavioral anomaly signals",,,,,,
DRF00559,Control-96,Access_Control,enabled=False,enabled=False,Remove,Medium,Donald White,donald.white@company.com,William Hernandez,william.hernandez@company.com,2025-10-05 22:05:00,Performance Tuning,Under_Review,NIST,0,0,0,0,LOW,[],72.77,HIGH,45.67,-0.0055,True,99.14,42.0,MEDIUM,Unresolved medium-severity review floor applied,,,,,,
DRF00772,Control-66,Cloud_Security,enabled=True,enabled=False,Disable,High,Amara Brown,amara.brown@company.com,Eric Gonzalez,eric.gonzalez@company.com,2025-10-06 01:49:00,Emergency Fix,Compliant,ISO,0,0,1,88,HIGH,['restore cloud guardrail policy in policy-as-code and redeploy the policy template'],71.08,HIGH,60.15,-0.0149,True,100.0,83.88,HIGH,"Weighted rule, ML risk, and behavioral anomaly signals",,,,,,
DRF00997,Control-44,Cloud_Security,enabled=False,enabled=True,Remove,Low,Aisha Garcia,aisha.garcia@company.com,Larry Harris,larry.harris@company.com,2025-10-06 10:51:00,Performance Tuning,Under_Review,NIST,0,0,0,88,HIGH,['restore cloud guardrail policy in policy-as-code and redeploy the policy template'],61.72,HIGH,55.04,0.0355,False,32.33,70.45,HIGH,"Weighted rule, ML risk, and behavioral anomaly signals",,,,,,
DRF00502,Control-19,DLP,enabled=False,enabled=False,Enable,Low,Donald Kang,donald.kang@company.com,Aisha Hernandez,aisha.hernandez@company.com,2025-10-07 17:14:00,Troubleshooting,Drifted,GDPR,0,0,0,0,LOW,[],40.74,MEDIUM,61.25,0.0188,False,59.54,23.19,LOW,"Weighted rule, ML risk, and behavioral anomaly signals",,,,,,
DRF00637,Control-65,Cloud_Security,enabled=True,enabled=False,Update,High,William Verma,william.verma@company.com,Jason Schmidt,jason.schmidt@company.com,2025-10-08 19:52:00,Troubleshooting,Drifted,NONE,1,0,0,0,LOW,[],58.99,MEDIUM,43.48,0.0233,False,52.18,28.47,LOW,"Weighted rule, ML risk, and behavioral anomaly signals",,,,,,
DRF00682,Control-52,DLP,enabled=True,enabled=True,Rollback,Low,Daniel Anderson,daniel.anderson@company.com,Priya Hwang,priya.hwang@company.com,2025-10-08 21:39:00,Security Update,Mitigated,CIS,1,0,0,0,LOW,[],36.2,MEDIUM,48.78,0.0154,False,65.05,22.43,LOW,"Weighted rule, ML risk, and behavioral anomaly signals",,,,,,
DRF00554,Control-36,Data_Protection,enabled=False,enabled=False,Enable,High,Timothy Xu,timothy.xu@company.com,David Johnson,david.johnson@company.com,2025-10-09 13:26:00,Policy Change,Remediated,NIST,0,0,0,0,LOW,[],40.09,MEDIUM,61.46,0.0403,False,24.47,17.7,LOW,"Weighted rule, ML risk, and behavioral anomaly signals",,,,,,
DRF00804,Control-12,Endpoint,enabled=False,enabled=True,Update,High,Joseph Connor,joseph.connor@company.com,Eric Williams,eric.williams@company.com,2025-10-09 20:35:00,Emergency Fix,Mitigated,NONE,0,0,1,0,LOW,[],47.92,MEDIUM,58.31,0.0228,False,53.02,24.72,LOW,"Weighted rule, ML risk, and behavioral anomaly signals",,,,,,
DRF00869,Control-28,Endpoint,enabled=True,enabled=False,Rollback,Medium,Donald Jones,donald.jones@company.com,Ronald Singh,ronald.singh@company.com,2025-10-10 10:39:00,Performance Tuning,Compliant,PCI,0,0,0,0,LOW,[],38.23,MEDIUM,59.56,0.0216,False,55.05,21.64,LOW,"Weighted rule, ML risk, and behavioral anomaly signals",,,,,,
DRF00975,Control-81,Network_Segmentation,enabled=True,enabled=False,Rollback,High,Isha Liu,isha.liu@company.com,Donald Schmidt,donald.schmidt@company.com,2025-10-10 15:33:00,Troubleshooting,Under_Review,ISO,0,0,0,0,LOW,[],63.47,HIGH,58.85,0.0344,False,34.21,27.35,LOW,"Weighted rule, ML risk, and behavioral anomaly signals",,,,,,
DRF00962,Control-26,Access_Control,enabled=False,enabled=False,Rollback,Medium,Meera Kumar,meera.kumar@company.com,Robert Clark,robert.clark@company.com,2025-10-10 18:29:00,Emergency Fix,Compliant,PCI,0,0,1,0,LOW,[],39.21,MEDIUM,58.67,0.0259,False,47.95,20.92,LOW,"Weighted rule, ML risk, and behavioral anomaly signals",,,,,,
DRF00609,Control-51,Vulnerability,enabled=True,enabled=False,Disable,Medium,Ryan Meyer,ryan.meyer@company.com,Fatima Clark,fatima.clark@company.com,2025-10-10 21:44:00,Emergency Fix,Compliant,NIST,0,0,1,0,LOW,[],56.97,HIGH,38.07,0.0074,False,78.18,31.67,LOW,"Weighted rule, ML risk, and behavioral anomaly signals",,,,,,
DRF00973,Control-52,Cloud_Security,enabled=False,enabled=True,Modify,Critical,Ronald Sullivan,ronald.sullivan@company.com,Deepika Meyer,deepika.meyer@company.com,2025-10-11 06:22:00,Policy Change,Remediated,NONE,0,0,0,0,LOW,[],58.35,HIGH,47.25,0.0077,False,77.66,32.07,LOW,"Weighted rule, ML risk, and behavioral anomaly signals",,,,,,
DRF00959,Control-50,Firewall,enabled=True,enabled=True,Enable,Low,Fatima Williams,fatima.williams@company.com,Zainab Sullivan,zainab.sullivan@company.com,2025-10-11 18:24:00,Security Update,Remediated,GDPR,1,0,0,0,LOW,[],20.73,LOW,84.6,0.0081,False,77.04,18.81,LOW,"Weighted rule, ML risk, and behavioral anomaly signals",,,,,,
DRF00510,Control-73,Access_Control,enabled=False,enabled=True,Enable,High,David Iyer,david.iyer@company.com,Matthew Lee,matthew.lee@company.com,2025-10-13 09:06:00,Security Update,Drifted,ISO,1,0,0,0,LOW,[],64.6,HIGH,65.46,0.0276,False,45.27,29.4,LOW,"Weighted rule, ML risk, and behavioral anomaly signals",,,,,,
DRF00544,Control-29,Access_Control,enabled=False,enabled=True,Remove,High,Eric White,eric.white@company.com,Brian Hernandez,brian.hernandez@company.com,2025-10-13 22:52:00,Policy Change,Mitigated,NIST,0,0,0,0,LOW,[],75.71,HIGH,60.22,0.0056,False,81.14,38.67,LOW,"Weighted rule, ML risk, and behavioral anomaly signals",,,,,,
DRF00678,Control-50,Vulnerability,enabled=False,enabled=False,Disable,Critical,Matthew Lee,matthew.lee@company.com,Nisha Clark,nisha.clark@company.com,2025-10-14 06:52:00,Policy Change,Remediated,NONE,0,0,0,0,LOW,[],65.83,HIGH,55.15,0.012,False,70.69,33.64,LOW,"Weighted rule, ML risk, and behavioral anomaly signals",,,,,,
DRF00933,Control-89,Data_Protection,enabled=False,enabled=True,Modify,Low,Nikhil Gonzalez,nikhil.gonzalez@company.com,Anjali Becker,anjali.becker@company.com,2025-10-14 15:07:00,Troubleshooting,Under_Review,CIS,0,0,0,0,LOW,[],48.23,MEDIUM,61.29,0.0292,False,42.62,23.27,LOW,"Weighted rule, ML risk, and behavioral anomaly signals",,,,,,
DRF00894,Control-29,DLP,enabled=True,enabled=True,Update,High,Neha Choi,neha.choi@company.com,Timothy Reilly,timothy.reilly@company.com,2025-10-15 05:43:00,Policy Change,Drifted,GDPR,0,0,0,0,LOW,[],69.26,HIGH,72.05,0.019,False,59.3,33.14,LOW,"Weighted rule, ML risk, and behavioral anomaly signals",,,,,,
DRF00743,Control-85,Vulnerability,enabled=True,enabled=True,Modify,Low,Richard Ghosh,richard.ghosh@company.com,Rajesh Kelly,rajesh.kelly@company.com,2025-10-15 12:35:00,Performance Tuning,Compliant,NIST,0,0,0,0,LOW,[],22.27,LOW,81.1,0.0377,False,28.83,12.12,LOW,"Weighted rule, ML risk, and behavioral anomaly signals",,,,,,
DRF00673,Control-14,Data_Protection,enabled=False,enabled=False,Update,Medium,Kenneth Gonzalez,kenneth.gonzalez@company.com,Jason Sanchez,jason.sanchez@company.com,2025-10-17 16:33:00,Emergency Fix,Compliant,GDPR,0,0,1,0,LOW,[],36.16,MEDIUM,46.82,0.0352,False,32.9,17.59,LOW,"Weighted rule, ML risk, and behavioral anomaly signals",,,,,,
DRF00658,Control-94,Cloud_Security,enabled=True,enabled=True,Rollback,Critical,Robert Becker,robert.becker@company.com,Richard He,richard.he@company.com,2025-10-20 07:24:00,Policy Change,Mitigated,GDPR,0,0,0,0,LOW,[],64.25,HIGH,66.58,0.0329,False,36.63,27.98,LOW,"Weighted rule, ML risk, and behavioral anomaly signals",,,,,,
DRF00819,Control-95,Logging,enabled=False,enabled=True,Remove,Critical,Xiulan Iyer,xiulan.iyer@company.com,Akshay Schmidt,akshay.schmidt@company.com,2025-10-20 07:34:00,Troubleshooting,Remediated,NONE,0,0,0,97,CRITICAL,"['aws logs put-retention-policy --log-group-name <group> --retention-in-days 365', 'az monitor diagnostic-settings create --name <setting> --resource <resource-id>']",67.96,HIGH,49.02,0.0334,False,35.85,92.0,CRITICAL,Mandatory priority floor applied for Audit Logging Disabled,,,,,,
DRF00740,Control-29,DLP,enabled=False,enabled=True,Rollback,Low,Rohan Thomas,rohan.thomas@company.com,Sanjana Kim,sanjana.kim@company.com,2025-10-20 23:41:00,Emergency Fix,Drifted,NONE,0,0,1,0,LOW,[],44.58,MEDIUM,61.06,-0.0035,True,95.86,29.98,LOW,"Weighted rule, ML risk, and behavioral anomaly signals",,,,,,
DRF00890,Control-40,Data_Protection,enabled=True,enabled=False,Remove,Critical,Xiulan Rao,xiulan.rao@company.com,Aditya Sullivan,aditya.sullivan@company.com,2025-10-22 18:30:00,Troubleshooting,Compliant,NIST,0,0,0,0,LOW,[],73.24,HIGH,61.99,0.0283,False,44.03,32.24,LOW,"Weighted rule, ML risk, and behavioral anomaly signals",,,,,,
DRF00508,Control-71,DLP,enabled=True,enabled=True,Rollback,Medium,Aditya Jackson,aditya.jackson@company.com,Pooja Anderson,pooja.anderson@company.com,2025-10-23 09:08:00,Troubleshooting,Under_Review,CIS,0,0,0,0,LOW,[],52.4,MEDIUM,64.23,0.045,False,16.94,42.0,MEDIUM,Unresolved medium-severity review floor applied,,,,,,
DRF00500,Control-5,Cloud_Security,enabled=False,enabled=True,Enable,Critical,Fatima Kelly,fatima.kelly@company.com,Larry Kang,larry.kang@company.com,2025-10-23 12:13:00,Emergency Fix,Remediated,GDPR,0,0,1,0,LOW,[],45.03,MEDIUM,65.17,0.0189,False,59.42,24.67,LOW,"Weighted rule, ML risk, and behavioral anomaly signals",,,,,,
DRF00577,Control-58,Encryption,enabled=False,enabled=True,Update,High,Harsh Muller,harsh.muller@company.com,Meera Fischer,meera.fischer@company.com,2025-10-23 17:05:00,Security Update,Under_Review,ISO,1,0,0,98,CRITICAL,"['aws kms enable-key-rotation --key-id <key-id>', 'gcloud kms keys update <key-name> --protection-level=hsm']",57.3,MEDIUM,53.68,0.0256,False,48.5,93.0,CRITICAL,Mandatory priority floor applied for Encryption Downgrade,,,,,,
DRF00631,Control-74,Logging,enabled=True,enabled=False,Modify,Low,Andrew Hernandez,andrew.hernandez@company.com,Raja Yang,raja.yang@company.com,2025-10-24 05:42:00,Performance Tuning,Drifted,CIS,0,0,0,0,LOW,[],50.19,MEDIUM,62.92,0.0016,False,87.6,30.71,LOW,"Weighted rule, ML risk, and behavioral anomaly signals",,,,,,
DRF00986,Control-50,Data_Protection,enabled=False,enabled=False,Modify,High,Nicholas Miller,nicholas.miller@company.com,James Han,james.han@company.com,2025-10-24 08:26:00,Performance Tuning,Drifted,CIS,0,0,0,0,LOW,[],74.01,HIGH,60.76,0.0393,False,26.16,29.83,LOW,"Weighted rule, ML risk, and behavioral anomaly signals",,,,,,
DRF00795,Control-58,Endpoint,enabled=True,enabled=True,Modify,Critical,Rajesh Lee,rajesh.lee@company.com,Elena Clark,elena.clark@company.com,2025-10-24 16:20:00,Security Update,Remediated,GDPR,1,0,0,0,LOW,[],51.48,MEDIUM,53.49,0.0304,False,40.66,24.12,LOW,"Weighted rule, ML risk, and behavioral anomaly signals",,,,,,
DRF00529,Control-48,Vulnerability,enabled=False,enabled=False,Modify,Low,Arjun Reilly,arjun.reilly@company.com,Shruti Weber,shruti.weber@company.com,2025-10-24 20:52:00,Troubleshooting,Drifted,NONE,0,0,0,0,LOW,[],45.7,MEDIUM,61.06,0.0086,False,76.17,27.42,LOW,"Weighted rule, ML risk, and behavioral anomaly signals",,,,,,
DRF00955,Control-34,DLP,enabled=False,enabled=True,Update,Medium,Kevin Verma,kevin.verma@company.com,Rajesh Davis,rajesh.davis@company.com,2025-10-25 16:12:00,Security Update,Under_Review,CIS,1,0,0,0,LOW,[],50.88,MEDIUM,64.39,0.0351,False,33.01,42.0,MEDIUM,Unresolved medium-severity review floor applied,,,,,,
DRF00999,Control-61,Logging,enabled=True,enabled=True,Remove,Critical,Isha Hwang,isha.hwang@company.com,Sanjana Jackson,sanjana.jackson@company.com,2025-10-25 18:56:00,Security Update,Under_Review,ISO,1,0,0,97,CRITICAL,"['aws logs put-retention-policy --log-group-name <group> --retention-in-days 365', 'az monitor diagnostic-settings create --name <setting> --resource <resource-id>']",90.0,CRITICAL,74.02,-0.0161,True,100.0,95.0,CRITICAL,"Weighted rule, ML risk, and behavioral anomaly signals",,,,,,
DRF00851,Control-38,Vulnerability,enabled=False,enabled=True,Disable,Medium,Anthony Martinez,anthony.martinez@company.com,Rohan Hwang,rohan.hwang@company.com,2025-10-26 13:21:00,Policy Change,Remediated,PCI,0,0,0,0,LOW,[],55.39,MEDIUM,45.52,0.0223,False,53.94,27.48,LOW,"Weighted rule, ML risk, and behavioral anomaly signals",,,,,,
DRF00535,Control-90,Access_Control,enabled=False,enabled=False,Rollback,Info,Matthew Pillai,matthew.pillai@company.com,Aisha Williams,aisha.williams@company.com,2025-10-27 04:56:00,Performance Tuning,Remediated,PCI,0,0,0,0,LOW,[],24.57,LOW,73.97,0.0057,False,80.99,20.75,LOW,"Weighted rule, ML risk, and behavioral anomaly signals",,,,,,
DRF00852,Control-96,Logging,enabled=False,enabled=True,Modify,Medium,Akshay Park,akshay.park@company.com,Jacob Thompson,jacob.thompson@company.com,2025-10-28 16:54:00,Performance Tuning,Remediated,ISO,0,0,0,0,LOW,[],43.13,MEDIUM,57.27,0.0112,False,71.91,25.88,LOW,"Weighted rule, ML risk, and behavioral anomaly signals",,,,,,
DRF00719,Control-70,Cloud_Security,enabled=True,enabled=False,Rollback,Critical,Nadia Patel,nadia.patel@company.com,Christopher Chen,christopher.chen@company.com,2025-10-29 00:21:00,Security Update,Under_Review,NONE,1,0,0,0,LOW,[],67.1,HIGH,67.84,0.0163,False,63.68,33.04,LOW,"Weighted rule, ML risk, and behavioral anomaly signals",,,,,,
DRF00757,Control-59,DLP,enabled=True,enabled=True,Remove,High,Fatima Quinn,fatima.quinn@company.com,Akshay Moore,akshay.moore@company.com,2025-10-29 02:43:00,Policy Change,Mitigated,PCI,0,0,0,86,HIGH,['restore DLP policy from policy-as-code and redeploy to sensitive data repositories'],73.92,HIGH,52.78,0.0076,False,77.82,80.55,HIGH,"Weighted rule, ML risk, and behavioral anomaly signals",,,,,,
DRF00512,Control-74,Endpoint,enabled=True,enabled=True,Update,Critical,Brian Ghosh,brian.ghosh@company.com,Rohan Patel,rohan.patel@company.com,2025-10-31 02:57:00,Performance Tuning,Drifted,GDPR,0,0,0,0,LOW,[],71.99,HIGH,68.21,0.0086,False,76.26,78.0,HIGH,Critical unresolved drift floor applied,,,,,,
DRF00618,Control-52,Network_Segmentation,enabled=True,enabled=False,Modify,High,Paul Thompson,paul.thompson@company.com,Arjun Williams,arjun.williams@company.com,2025-10-31 05:30:00,Troubleshooting,Compliant,NONE,0,0,0,0,LOW,[],46.66,MEDIUM,52.54,0.0177,False,61.39,25.54,LOW,"Weighted rule, ML risk, and behavioral anomaly signals",,,,,,
DRF00515,Control-21,Firewall,enabled=True,enabled=False,Modify,Low,Nikhil Ghosh,nikhil.ghosh@company.com,Neha Singh,neha.singh@company.com,2025-11-01 07:39:00,Troubleshooting,Mitigated,CIS,0,0,0,0,LOW,[],42.46,MEDIUM,59.89,0.0285,False,43.83,21.44,LOW,"Weighted rule, ML risk, and behavioral anomaly signals",,,,,,
DRF00639,Control-79,Logging,enabled=False,enabled=False,Remove,Critical,David Han,david.han@company.com,Aditya Iyer,aditya.iyer@company.com,2025-11-01 23:35:00,Security Update,Compliant,CIS,1,0,0,97,CRITICAL,"['aws logs put-retention-policy --log-group-name <group> --retention-in-days 365', 'az monitor diagnostic-settings create --name <setting> --resource <resource-id>']",71.95,HIGH,46.0,-0.0167,True,100.0,92.0,CRITICAL,Mandatory priority floor applied for Audit Logging Disabled,,,,,,
DRF00923,Control-75,Endpoint,enabled=False,enabled=False,Modify,High,Sofia Park,sofia.park@company.com,George Lopez,george.lopez@company.com,2025-11-03 09:39:00,Policy Change,Compliant,NONE,0,0,0,0,LOW,[],44.12,MEDIUM,59.88,0.0185,False,59.99,24.44,LOW,"Weighted rule, ML risk, and behavioral anomaly signals",,,,,,
DRF00864,Control-13,Vulnerability,enabled=False,enabled=False,Remove,Critical,Arjun Singh,arjun.singh@company.com,Steven Anderson,steven.anderson@company.com,2025-11-04 00:59:00,Emergency Fix,Remediated,NONE,0,0,1,0,LOW,[],68.52,HIGH,65.43,0.0084,False,76.49,35.46,LOW,"Weighted rule, ML risk, and behavioral anomaly signals",,,,,,
DRF00578,Control-65,Firewall,enabled=False,enabled=False,Disable,Critical,Jacob Becker,jacob.becker@company.com,Stephen Wang,stephen.wang@company.com,2025-11-04 08:39:00,Security Update,Remediated,GDPR,1,0,0,0,LOW,[],71.03,CRITICAL,38.04,0.0149,False,65.97,34.76,LOW,"Weighted rule, ML risk, and behavioral anomaly signals",,,,,,
DRF00669,Control-5,Firewall,enabled=True,enabled=False,Update,Low,Kenneth Hwang,kenneth.hwang@company.com,Ronald Jang,ronald.jang@company.com,2025-11-04 15:55:00,Security Update,Remediated,NIST,1,0,0,0,LOW,[],18.27,LOW,90.06,0.0379,False,28.53,10.67,LOW,"Weighted rule, ML risk, and behavioral anomaly signals",,,,,,
DRF00796,Control-68,Firewall,enabled=True,enabled=True,Remove,Info,Joshua Yang,joshua.yang@company.com,Christopher Schneider,christopher.schneider@company.com,2025-11-04 21:18:00,Security Update,Drifted,NONE,1,0,0,0,LOW,[],62.02,MEDIUM,46.04,-0.0008,True,91.5,35.43,LOW,"Weighted rule, ML risk, and behavioral anomaly signals",,,,,,
DRF00552,Control-51,Endpoint,enabled=True,enabled=False,Rollback,Low,Ryan Jackson,ryan.jackson@company.com,Paul Patel,paul.patel@company.com,2025-11-05 11:38:00,Emergency Fix,Drifted,NONE,0,0,1,0,LOW,[],37.65,LOW,41.8,0.0302,False,41.07,19.34,LOW,"Weighted rule, ML risk, and behavioral anomaly signals",,,,,,
DRF00985,Control-45,Encryption,enabled=False,enabled=True,Remove,Info,Nicholas Williams,nicholas.williams@company.com,Kenneth Martinez,kenneth.martinez@company.com,2025-11-08 06:44:00,Troubleshooting,Remediated,CIS,0,0,0,98,CRITICAL,"['aws kms enable-key-rotation --key-id <key-id>', 'gcloud kms keys update <key-name> --protection-level=hsm']",47.95,MEDIUM,54.86,-0.0006,True,91.21,93.0,CRITICAL,Mandatory priority floor applied for Encryption Downgrade,,,,,,
DRF00622,Control-18,Firewall,enabled=False,enabled=True,Disable,Critical,Anthony Choi,anthony.choi@company.com,Vikram Menon,vikram.menon@company.com,2025-11-08 15:16:00,Performance Tuning,Drifted,GDPR,0,0,0,0,LOW,[],93.6,CRITICAL,84.51,0.016,False,64.17,78.0,HIGH,Critical unresolved drift floor applied,,,,,,
DRF00602,Control-15,DLP,enabled=True,enabled=True,Rollback,High,Fatima Ghosh,fatima.ghosh@company.com,David Park,david.park@company.com,2025-11-08 23:02:00,Troubleshooting,Under_Review,PCI,0,0,0,0,LOW,[],72.12,HIGH,65.78,-0.023,True,100.0,40.24,MEDIUM,"Weighted rule, ML risk, and behavioral anomaly signals",,,,,,
DRF00580,Control-69,Vulnerability,enabled=False,enabled=True,Rollback,Low,Joshua Xu,joshua.xu@company.com,Christopher Harris,christopher.harris@company.com,2025-11-09 05:20:00,Troubleshooting,Drifted,NONE,0,0,0,0,LOW,[],40.28,MEDIUM,47.77,0.001,False,88.56,27.38,LOW,"Weighted rule, ML risk, and behavioral anomaly signals",,,,,,
DRF00653,Control-64,Cloud_Security,enabled=False,enabled=True,Disable,Low,George Davis,george.davis@company.com,Meera Huang,meera.huang@company.com,2025-11-09 09:02:00,Security Update,Compliant,ISO,1,0,0,88,HIGH,['restore cloud guardrail policy in policy-as-code and redeploy the policy template'],40.49,LOW,43.83,-0.0082,True,100.0,73.17,HIGH,"Weighted rule, ML risk, and behavioral anomaly signals",,,,,,
DRF00746,Control-89,Firewall,enabled=True,enabled=True,Modify,Low,Christopher Schmidt,christopher.schmidt@company.com,Ryan Gonzalez,ryan.gonzalez@company.com,2025-11-10 10:03:00,Performance Tuning,Drifted,CIS,0,0,0,0,LOW,[],50.5,MEDIUM,61.5,0.0311,False,39.47,23.6,LOW,"Weighted rule, ML risk, and behavioral anomaly signals",,,,,,
DRF00521,Control-55,Vulnerability,enabled=False,enabled=False,Rollback,Low,Varun Lee,varun.lee@company.com,Amara Kim,amara.kim@company.com,2025-11-10 22:33:00,Security Update,Under_Review,NIST,1,0,0,0,LOW,[],47.22,MEDIUM,73.78,0.0036,False,84.38,29.18,LOW,"Weighted rule, ML risk, and behavioral anomaly signals",,,,,,
DRF00735,Control-20,Firewall,enabled=False,enabled=True,Rollback,Medium,Pooja Rodriguez,pooja.rodriguez@company.com,Andrew Wagner,andrew.wagner@company.com,2025-11-10 22:37:00,Performance Tuning,Compliant,ISO,0,0,0,0,LOW,[],39.57,MEDIUM,48.74,-0.0174,True,100.0,28.85,LOW,"Weighted rule, ML risk, and behavioral anomaly signals",,,,,,
DRF00937,Control-90,Network_Segmentation,enabled=True,enabled=False,Disable,High,Matthew Sun,matthew.sun@company.com,Gary Hernandez,gary.hernandez@company.com,2025-11-11 10:24:00,Policy Change,Under_Review,PCI,0,0,0,0,LOW,[],82.65,CRITICAL,49.53,0.0326,False,37.14,34.5,LOW,"Weighted rule, ML risk, and behavioral anomaly signals",,,,,,
DRF00791,Control-10,Access_Control,enabled=True,enabled=False,Update,Low,Sophia Young,sophia.young@company.com,William Kang,william.kang@company.com,2025-11-12 03:20:00,Performance Tuning,Mitigated,CIS,0,0,0,0,LOW,[],24.76,LOW,71.95,0.024,False,51.05,16.32,LOW,"Weighted rule, ML risk, and behavioral anomaly signals",,,,,,
DRF00527,Control-75,Vulnerability,enabled=False,enabled=True,Enable,Critical,Jonathan Martinez,jonathan.martinez@company.com,Sofia Clark,sofia.clark@company.com,2025-11-13 01:13:00,Troubleshooting,Compliant,NIST,0,0,0,0,LOW,[],46.56,MEDIUM,56.43,0.0065,False,79.67,28.25,LOW,"Weighted rule, ML risk, and behavioral anomaly signals",,,,,,
DRF00522,Control-79,Data_Protection,enabled=True,enabled=True,Remove,Info,Arjun Harris,arjun.harris@company.com,Donald Menon,donald.menon@company.com,2025-11-13 05:58:00,Troubleshooting,Drifted,NIST,0,0,0,0,LOW,[],67.16,HIGH,53.78,0.0156,False,64.86,33.23,LOW,"Weighted rule, ML risk, and behavioral anomaly signals",,,,,,
DRF00509,Control-66,Encryption,enabled=False,enabled=True,Update,Low,Akshay White,akshay.white@company.com,Mark Connor,mark.connor@company.com,2025-11-13 15:06:00,Security Update,Mitigated,NONE,1,0,0,98,CRITICAL,"['aws kms enable-key-rotation --key-id <key-id>', 'gcloud kms keys update <key-name> --protection-level=hsm']",22.14,LOW,81.08,0.0467,False,14.16,93.0,CRITICAL,Mandatory priority floor applied for Encryption Downgrade,,,,,,
DRF00863,Control-39,Endpoint,enabled=True,enabled=False,Disable,High,Joseph Johnson,joseph.johnson@company.com,Isha Lewis,isha.lewis@company.com,2025-11-14 12:05:00,Emergency Fix,Mitigated,GDPR,0,0,1,87,HIGH,['re-enable endpoint protection for the device and initiate a full malware scan'],77.34,HIGH,57.87,0.0302,False,41.03,76.72,HIGH,"Weighted rule, ML risk, and behavioral anomaly signals",,,,,,
DRF00724,Control-63,Firewall,enabled=True,enabled=False,Remove,Medium,James Johnson,james.johnson@company.com,Rohan Perez,rohan.perez@company.com,2025-11-15 22:19:00,Troubleshooting,Remediated,CIS,0,0,0,0,LOW,[],64.18,HIGH,57.18,-0.0085,True,100.0,37.46,LOW,"Weighted rule, ML risk, and behavioral anomaly signals",,,,,,
DRF00533,Control-67,Vulnerability,enabled=True,enabled=False,Enable,High,Gary Kumar,gary.kumar@company.com,Christopher Choi,christopher.choi@company.com,2025-11-15 22:50:00,Policy Change,Mitigated,CIS,0,0,0,0,LOW,[],55.14,MEDIUM,52.74,-0.0058,True,99.63,34.24,LOW,"Weighted rule, ML risk, and behavioral anomaly signals",,,,,,
DRF00548,Control-23,Vulnerability,enabled=True,enabled=True,Enable,Medium,Meera Park,meera.park@company.com,Donald Chen,donald.chen@company.com,2025-11-16 02:14:00,Troubleshooting,Remediated,CIS,0,0,0,0,LOW,[],38.82,MEDIUM,56.61,-0.0069,True,100.0,28.59,LOW,"Weighted rule, ML risk, and behavioral anomaly signals",,,,,,
DRF00908,Control-1,Access_Control,enabled=True,enabled=False,Disable,Critical,Anjali Muller,anjali.muller@company.com,Larry Quinn,larry.quinn@company.com,2025-11-16 04:58:00,Troubleshooting,Drifted,PCI,0,0,0,0,LOW,[],93.9,CRITICAL,86.67,-0.0133,True,100.0,78.0,HIGH,Critical unresolved drift floor applied,,,,,,
DRF00562,Control-32,Encryption,enabled=True,enabled=True,Update,Critical,Harsh Chen,harsh.chen@company.com,William Jang,william.jang@company.com,2025-11-16 13:31:00,Performance Tuning,Mitigated,GDPR,0,0,0,0,LOW,[],62.81,HIGH,53.49,0.012,False,70.71,32.59,LOW,"Weighted rule, ML risk, and behavioral anomaly signals",,,,,,
DRF00903,Control-53,Network_Segmentation,enabled=False,enabled=True,Update,Low,Donald Clark,donald.clark@company.com,Kenneth Schneider,kenneth.schneider@company.com,2025-11-16 21:24:00,Security Update,Mitigated,NIST,1,0,0,0,LOW,[],30.52,LOW,61.23,-0.0125,True,100.0,25.68,LOW,"Weighted rule, ML risk, and behavioral anomaly signals",,,,,,
DRF00799,Control-99,Cloud_Security,enabled=False,enabled=True,Rollback,Critical,Larry Johnson,larry.johnson@company.com,Fatima Iyer,fatima.iyer@company.com,2025-11-18 02:01:00,Performance Tuning,Under_Review,GDPR,0,0,0,0,LOW,[],71.75,HIGH,70.05,-0.0002,True,90.45,38.68,LOW,"Weighted rule, ML risk, and behavioral anomaly signals",,,,,,
DRF00970,Control-37,Endpoint,enabled=True,enabled=False,Disable,Low,Xiulan Moore,xiulan.moore@company.com,Charles Kelly,charles.kelly@company.com,2025-11-18 04:52:00,Performance Tuning,Drifted,NONE,0,0,0,87,HIGH,['re-enable endpoint protection for the device and initiate a full malware scan'],60.05,MEDIUM,42.25,0.0041,False,83.57,77.05,HIGH,"Weighted rule, ML risk, and behavioral anomaly signals",,,,,,
DRF00953,Control-36,Endpoint,enabled=True,enabled=True,Rollback,Info,Raja Wilson,raja.wilson@company.com,Jeffrey Xu,jeffrey.xu@company.com,2025-11-18 15:22:00,Troubleshooting,Compliant,ISO,0,0,0,0,LOW,[],21.71,LOW,81.95,0.0128,False,69.31,17.99,LOW,"Weighted rule, ML risk, and behavioral anomaly signals",,,,,,
DRF00911,Control-63,Endpoint,enabled=False,enabled=False,Rollback,Critical,Amara Park,amara.park@company.com,Daniel Connor,daniel.connor@company.com,2025-11-18 20:38:00,Policy Change,Mitigated,NIST,0,0,0,0,LOW,[],65.41,HIGH,66.2,0.0101,False,73.69,33.95,LOW,"Weighted rule, ML risk, and behavioral anomaly signals",,,,,,
DRF00696,Control-78,Endpoint,enabled=False,enabled=False,Update,High,Priya Kang,priya.kang@company.com,Maria Moore,maria.moore@company.com,2025-11-19 07:57:00,Troubleshooting,Compliant,CIS,0,0,0,0,LOW,[],45.21,MEDIUM,68.23,0.0322,False,37.77,21.49,LOW,"Weighted rule, ML risk, and behavioral anomaly signals",,,,,,
DRF00974,Control-56,Logging,enabled=True,enabled=False,Rollback,Low,Michael Chen,michael.chen@company.com,Donald Clark,donald.clark@company.com,2025-11-19 15:20:00,Security Update,Under_Review,PCI,1,0,0,0,LOW,[],41.71,MEDIUM,69.52,0.0169,False,62.6,23.99,LOW,"Weighted rule, ML risk, and behavioral anomaly signals",,,,,,
DRF00532,Control-71,Network_Segmentation,enabled=True,enabled=True,Modify,Critical,Robert Patel,robert.patel@company.com,Timothy Reilly,timothy.reilly@company.com,2025-11-19 18:26:00,Security Update,Mitigated,NONE,1,0,0,0,LOW,[],55.02,HIGH,39.66,0.031,False,39.62,25.2,LOW,"Weighted rule, ML risk, and behavioral anomaly signals",,,,,,
DRF00808,Control-85,Encryption,enabled=False,enabled=True,Rollback,High,Charles Chen,charles.chen@company.com,Pooja Bhat,pooja.bhat@company.com,2025-11-21 09:24:00,Troubleshooting,Compliant,GDPR,0,0,0,98,CRITICAL,"['aws kms enable-key-rotation --key-id <key-id>', 'gcloud kms keys update <key-name> --protection-level=hsm']",48.24,MEDIUM,55.1,0.0262,False,47.55,93.0,CRITICAL,Mandatory priority floor applied for Encryption Downgrade,,,,,,
DRF00711,Control-86,Network_Segmentation,enabled=True,enabled=True,Enable,Info,Pooja Kang,pooja.kang@company.com,Joshua Liu,joshua.liu@company.com,2025-11-22 21:30:00,Policy Change,Compliant,PCI,0,0,0,0,LOW,[],21.66,LOW,82.98,-0.0062,True,100.0,22.58,LOW,"Weighted rule, ML risk, and behavioral anomaly signals",,,,,,
DRF00989,Control-5,Network_Segmentation,enabled=True,enabled=False,Update,High,Anthony Martinez,anthony.martinez@company.com,Deepika Wang,deepika.wang@company.com,2025-11-22 23:03:00,Security Update,Drifted,NIST,1,0,0,0,LOW,[],71.73,HIGH,49.34,-0.0109,True,100.0,40.11,MEDIUM,"Weighted rule, ML risk, and behavioral anomaly signals",,,,,,
DRF00956,Control-94,Network_Segmentation,enabled=True,enabled=False,Rollback,High,Jason O'Brien,jason.o'brien@company.com,Aisha Martinez,aisha.martinez@company.com,2025-11-22 23:32:00,Troubleshooting,Mitigated,CIS,0,0,0,0,LOW,[],62.7,HIGH,56.44,-0.0083,True,100.0,36.95,LOW,"Weighted rule, ML risk, and behavioral anomaly signals",,,,,,
DRF00991,Control-16,Vulnerability,enabled=False,enabled=False,Remove,Low,Raja Muller,raja.muller@company.com,Akshay Bhat,akshay.bhat@company.com,2025-11-23 05:47:00,Emergency Fix,Compliant,CIS,0,0,1,0,LOW,[],44.13,MEDIUM,40.54,0.0001,False,89.96,28.94,LOW,"Weighted rule, ML risk, and behavioral anomaly signals",,,,,,
DRF00705,Control-33,Encryption,enabled=False,enabled=True,Update,Low,Brian O'Brien,brian.o'brien@company.com,Paul Williams,paul.williams@company.com,2025-11-24 05:00:00,Security Update,Under_Review,GDPR,1,0,0,98,CRITICAL,"['aws kms enable-key-rotation --key-id <key-id>', 'gcloud kms keys update <key-name> --protection-level=hsm']",43.73,MEDIUM,67.32,0.012,False,70.69,93.0,CRITICAL,Mandatory priority floor applied for Encryption Downgrade,,,,,,
DRF00616,Control-11,DLP,enabled=True,enabled=False,Modify,Low,Arjun Jang,arjun.jang@company.com,Neha Burke,neha.burke@company.com,2025-11-24 22:54:00,Performance Tuning,Compliant,ISO,0,0,0,0,LOW,[],25.48,LOW,69.84,-0.0182,True,100.0,23.92,LOW,"Weighted rule, ML risk, and behavioral anomaly signals",,,,,,
DRF00920,Control-5,Firewall,enabled=False,enabled=False,Update,Critical,Timothy He,timothy.he@company.com,Nadia Schneider,nadia.schneider@company.com,2025-11-24 22:56:00,Security Update,Under_Review,NONE,1,0,0,0,LOW,[],62.04,HIGH,53.16,0.0099,False,74.01,32.82,LOW,"Weighted rule, ML risk, and behavioral anomaly signals",,,,,,
DRF00537,Control-12,Endpoint,enabled=False,enabled=True,Update,Info,Shruti Lopez,shruti.lopez@company.com,Edward Reddy,edward.reddy@company.com,2025-11-25 06:23:00,Policy Change,Drifted,ISO,0,0,0,0,LOW,[],44.2,MEDIUM,62.39,-0.0032,True,95.34,29.77,LOW,"Weighted rule, ML risk, and behavioral anomaly signals",,,,,,
DRF00647,Control-48,Data_Protection,enabled=False,enabled=False,Enable,Low,Nisha Liu,nisha.liu@company.com,Sanjana Nair,sanjana.nair@company.com,2025-11-27 02:26:00,Troubleshooting,Mitigated,ISO,0,0,0,0,LOW,[],23.08,LOW,76.39,0.005,False,82.01,20.38,LOW,"Weighted rule, ML risk, and behavioral anomaly signals",,,,,,
DRF00821,Control-88,Cloud_Security,enabled=False,enabled=True,Update,Medium,Andrew Harris,andrew.harris@company.com,Maria O'Brien,maria.o'brien@company.com,2025-11-27 16:12:00,Policy Change,Under_Review,CIS,1,0,0,0,LOW,[],49.46,MEDIUM,70.63,0.0403,False,24.61,42.0,MEDIUM,Unresolved medium-severity review floor applied,,,,,,
DRF00797,Control-2,Encryption,enabled=False,enabled=True,Update,Low,Timothy Meyer,timothy.meyer@company.com,Jason Jang,jason.jang@company.com,2025-11-28 09:56:00,Performance Tuning,Compliant,GDPR,0,0,0,98,CRITICAL,"['aws kms enable-key-rotation --key-id <key-id>', 'gcloud kms keys update <key-name> --protection-level=hsm']",22.35,LOW,78.68,0.0413,False,22.87,93.0,CRITICAL,Mandatory priority floor applied for Encryption Downgrade,,,,,,
DRF00686,Control-11,Vulnerability,enabled=True,enabled=False,Remove,Low,Michael Xu,michael.xu@company.com,Aisha Connor,aisha.connor@company.com,2025-11-28 12:52:00,Policy Change,Compliant,ISO,0,0,0,0,LOW,[],29.76,LOW,63.13,0.0399,False,25.24,14.2,LOW,"Weighted rule, ML risk, and behavioral anomaly signals",,,,,,
DRF00875,Control-11,Data_Protection,enabled=False,enabled=False,Modify,Medium,Donald Nair,donald.nair@company.com,Eric Hernandez,eric.hernandez@company.com,2025-11-28 14:46:00,Performance Tuning,Mitigated,GDPR,0,0,0,0,LOW,[],51.47,MEDIUM,51.85,0.0327,False,36.87,23.54,LOW,"Weighted rule, ML risk, and behavioral anomaly signals",,,,,,
DRF00730,Control-54,Logging,enabled=True,enabled=True,Update,High,Pooja Singh,pooja.singh@company.com,Sanjana Rao,sanjana.rao@company.com,2025-11-28 16:17:00,Performance Tuning,Under_Review,GDPR,0,0,0,0,LOW,[],58.43,MEDIUM,48.19,0.0292,False,42.69,26.85,LOW,"Weighted rule, ML risk, and behavioral anomaly signals",,,,,,
DRF00726,Control-76,DLP,enabled=True,enabled=False,Remove,Critical,Amara Sanchez,amara.sanchez@company.com,Stephen Rao,stephen.rao@company.com,2025-11-28 19:28:00,Performance Tuning,Drifted,PCI,0,0,0,86,HIGH,['restore DLP policy from policy-as-code and redeploy to sensitive data repositories'],90.37,CRITICAL,74.08,0.0215,False,55.13,82.9,HIGH,Critical unresolved drift floor applied,,,,,,
DRF00717,Control-90,Vulnerability,enabled=False,enabled=False,Enable,High,Nicholas White,nicholas.white@company.com,Donald Wagner,donald.wagner@company.com,2025-11-29 09:02:00,Emergency Fix,Compliant,PCI,0,0,1,0,LOW,[],44.69,MEDIUM,72.2,0.0171,False,62.35,24.99,LOW,"Weighted rule, ML risk, and behavioral anomaly signals",,,,,,
DRF00928,Control-31,Firewall,enabled=True,enabled=False,Remove,High,Amara Jackson,amara.jackson@company.com,Edward Weber,edward.weber@company.com,2025-11-30 04:07:00,Security Update,Under_Review,CIS,1,0,0,0,LOW,[],90.05,CRITICAL,73.1,-0.0157,True,100.0,46.52,MEDIUM,"Weighted rule, ML risk, and behavioral anomaly signals",,,,,,
DRF00700,Control-46,Access_Control,enabled=True,enabled=True,Remove,Medium,Richard Patel,richard.patel@company.com,Arjun Meyer,arjun.meyer@company.com,2025-11-30 13:04:00,Policy Change,Compliant,ISO,0,0,0,0,LOW,[],56.11,HIGH,42.61,0.0138,False,67.71,29.79,LOW,"Weighted rule, ML risk, and behavioral anomaly signals",,,,,,
DRF00603,Control-89,Vulnerability,enabled=True,enabled=True,Enable,Critical,Steven Burke,steven.burke@company.com,Yuki Reilly,yuki.reilly@company.com,2025-11-30 21:31:00,Troubleshooting,Mitigated,CIS,0,0,0,0,LOW,[],60.78,HIGH,51.13,-0.008,True,100.0,36.27,LOW,"Weighted rule, ML risk, and behavioral anomaly signals",,,,,,
DRF00592,Control-44,Endpoint,enabled=False,enabled=False,Modify,Critical,Fatima Kumar,fatima.kumar@company.com,Ronald Jones,ronald.jones@company.com,2025-12-01 06:15:00,Security Update,Remediated,NONE,1,0,0,0,LOW,[],53.84,MEDIUM,37.61,0.003,False,85.35,31.65,LOW,"Weighted rule, ML risk, and behavioral anomaly signals",,,,,,
DRF00866,Control-83,Logging,enabled=True,enabled=True,Enable,Critical,Xiulan Kang,xiulan.kang@company.com,Deepika Han,deepika.han@company.com,2025-12-01 19:25:00,Performance Tuning,Drifted,CIS,0,0,0,0,LOW,[],67.02,HIGH,61.51,0.0086,False,76.12,78.0,HIGH,Critical unresolved drift floor applied,,,,,,
DRF00947,Control-46,Vulnerability,enabled=True,enabled=True,Remove,Info,Xiulan Ramirez,xiulan.ramirez@company.com,Karan Lim,karan.lim@company.com,2025-12-02 05:54:00,Performance Tuning,Mitigated,ISO,0,0,0,0,LOW,[],45.64,MEDIUM,56.36,0.0099,False,74.15,27.1,LOW,"Weighted rule, ML risk, and behavioral anomaly signals",,,,,,
DRF00654,Control-87,Data_Protection,enabled=True,enabled=False,Disable,Low,Xiulan Wilson,xiulan.wilson@company.com,Yuki Sun,yuki.sun@company.com,2025-12-02 07:22:00,Security Update,Remediated,ISO,1,0,0,0,LOW,[],43.18,LOW,39.93,0.0139,False,67.49,25.24,LOW,"Weighted rule, ML risk, and behavioral anomaly signals",,,,,,
DRF00551,Control-9,DLP,enabled=True,enabled=False,Modify,Medium,Jonathan Jo,jonathan.jo@company.com,Robert Thomas,robert.thomas@company.com,2025-12-02 12:39:00,Security Update,Mitigated,NIST,1,0,0,0,LOW,[],46.79,MEDIUM,50.98,0.0387,False,27.13,20.45,LOW,"Weighted rule, ML risk, and behavioral anomaly signals",,,,,,
DRF00876,Control-50,Endpoint,enabled=True,enabled=False,Remove,Info,Arjun Ramirez,arjun.ramirez@company.com,Charles Menon,charles.menon@company.com,2025-12-02 20:04:00,Security Update,Under_Review,ISO,1,0,0,87,HIGH,['re-enable endpoint protection for the device and initiate a full malware scan'],55.97,MEDIUM,54.3,-0.0108,True,100.0,78.09,HIGH,"Weighted rule, ML risk, and behavioral anomaly signals",,,,,,
DRF00786,Control-11,DLP,enabled=False,enabled=True,Update,Critical,Varun Murphy,varun.murphy@company.com,Eric Rao,eric.rao@company.com,2025-12-03 11:38:00,Policy Change,Remediated,NONE,0,0,0,0,LOW,[],44.16,MEDIUM,64.87,0.0422,False,21.37,18.66,LOW,"Weighted rule, ML risk, and behavioral anomaly signals",,,,,,
DRF00613,Control-72,Access_Control,enabled=False,enabled=True,Disable,High,Richard Singh,richard.singh@company.com,Jason Lewis,jason.lewis@company.com,2025-12-03 14:26:00,Security Update,Mitigated,PCI,1,0,0,0,LOW,[],74.58,HIGH,56.62,0.0227,False,53.17,34.08,LOW,"Weighted rule, ML risk, and behavioral anomaly signals",,,,,,
DRF00934,Control-31,Vulnerability,enabled=True,enabled=True,Modify,Low,Neha Iyer,neha.iyer@company.com,Fatima Bhat,fatima.bhat@company.com,2025-12-04 12:11:00,Emergency Fix,Remediated,CIS,0,0,1,0,LOW,[],24.24,LOW,73.46,0.0422,False,21.49,11.71,LOW,"Weighted rule, ML risk, and behavioral anomaly signals",,,,,,
DRF00994,Control-65,Encryption,enabled=False,enabled=True,Modify,High,Amitabh Moore,amitabh.moore@company.com,Diya Hwang,diya.hwang@company.com,2025-12-04 12:47:00,Security Update,Drifted,PCI,1,0,0,98,CRITICAL,"['aws kms enable-key-rotation --key-id <key-id>', 'gcloud kms keys update <key-name> --protection-level=hsm']",73.25,HIGH,68.45,0.0275,False,45.43,93.0,CRITICAL,Mandatory priority floor applied for Encryption Downgrade,,,,,,
DRF00832,Control-73,Data_Protection,enabled=False,enabled=True,Disable,Low,Amitabh Johnson,amitabh.johnson@company.com,Meera Burke,meera.burke@company.com,2025-12-04 22:53:00,Policy Change,Drifted,NONE,0,0,0,0,LOW,[],68.61,HIGH,44.3,-0.0006,True,91.13,37.68,LOW,"Weighted rule, ML risk, and behavioral anomaly signals",,,,,,
DRF00652,Control-68,Network_Segmentation,enabled=False,enabled=False,Rollback,Critical,Paul Reilly,paul.reilly@company.com,David Liu,david.liu@company.com,2025-12-05 14:45:00,Performance Tuning,Drifted,ISO,0,0,0,0,LOW,[],69.89,HIGH,71.84,0.0281,False,44.36,78.0,HIGH,Critical unresolved drift floor applied,,,,,,
DRF00501,Control-11,DLP,enabled=True,enabled=False,Disable,Critical,William Robinson,william.robinson@company.com,Isha Sharma,isha.sharma@company.com,2025-12-05 15:03:00,Emergency Fix,Under_Review,ISO,0,0,1,86,HIGH,['restore DLP policy from policy-as-code and redeploy to sensitive data repositories'],85.71,CRITICAL,56.24,0.0299,False,41.48,79.22,HIGH,"Weighted rule, ML risk, and behavioral anomaly signals",,,,,,
DRF00846,Control-43,Vulnerability,enabled=True,enabled=True,Modify,Medium,Amara Xu,amara.xu@company.com,Robert Kim,robert.kim@company.com,2025-12-05 20:49:00,Security Update,Compliant,GDPR,1,0,0,0,LOW,[],32.34,LOW,57.74,0.0125,False,69.82,21.79,LOW,"Weighted rule, ML risk, and behavioral anomaly signals",,,,,,
DRF00679,Control-13,Network_Segmentation,enabled=True,enabled=True,Enable,High,Anthony Gupta,anthony.gupta@company.com,Neha Kumar,neha.kumar@company.com,2025-12-06 09:17:00,Policy Change,Remediated,CIS,0,0,0,0,LOW,[],45.28,MEDIUM,65.31,0.0282,False,44.27,22.49,LOW,"Weighted rule, ML risk, and behavioral anomaly signals",,,,,,
DRF00815,Control-11,Data_Protection,enabled=False,enabled=False,Enable,Critical,Rajesh Wagner,rajesh.wagner@company.com,Michael Patel,michael.patel@company.com,2025-12-06 11:23:00,Emergency Fix,Compliant,ISO,0,0,1,0,LOW,[],49.67,MEDIUM,50.88,0.0097,False,74.35,28.54,LOW,"Weighted rule, ML risk, and behavioral anomaly signals",,,,,,
DRF00998,Control-93,Encryption,enabled=True,enabled=True,Disable,Low,Andrew Kim,andrew.kim@company.com,Michael Jones,michael.jones@company.com,2025-12-07 03:49:00,Emergency Fix,Compliant,NONE,0,0,1,98,CRITICAL,"['aws kms enable-key-rotation --key-id <key-id>', 'gcloud kms keys update <key-name> --protection-level=hsm']",46.45,MEDIUM,43.3,-0.011,True,100.0,93.0,CRITICAL,Mandatory priority floor applied for Encryption Downgrade,,,,,,
DRF00798,Control-96,Firewall,enabled=True,enabled=True,Update,Low,Daniel Singh,daniel.singh@company.com,Anthony Sharma,anthony.sharma@company.com,2025-12-07 08:55:00,Troubleshooting,Under_Review,ISO,0,0,0,0,LOW,[],41.97,MEDIUM,70.23,0.0153,False,65.25,24.48,LOW,"Weighted rule, ML risk, and behavioral anomaly signals",,,,,,
DRF00584,Control-21,Logging,enabled=False,enabled=False,Disable,Critical,Sofia Connor,sofia.connor@company.com,Pooja Reddy,pooja.reddy@company.com,2025-12-07 15:59:00,Troubleshooting,Remediated,PCI,0,0,0,97,CRITICAL,"['aws logs put-retention-policy --log-group-name <group> --retention-in-days 365', 'az monitor diagnostic-settings create --name <setting> --resource <resource-id>']",84.86,CRITICAL,62.76,0.0088,False,75.86,92.0,CRITICAL,Mandatory priority floor applied for Audit Logging Disabled,,,,,,
DRF00843,Control-18,Logging,enabled=True,enabled=False,Disable,Low,Andrew Harris,andrew.harris@company.com,Diya Martin,diya.martin@company.com,2025-12-08 07:01:00,Troubleshooting,Mitigated,GDPR,0,0,0,97,CRITICAL,"['aws logs put-retention-policy --log-group-name <group> --retention-in-days 365', 'az monitor diagnostic-settings create --name <setting> --resource <resource-id>']",53.77,MEDIUM,53.54,0.0237,False,51.54,92.0,CRITICAL,Mandatory priority floor applied for Audit Logging Disabled,,,,,,
DRF00507,Control-37,Vulnerability,enabled=False,enabled=False,Enable,Info,Eric Huang,eric.huang@company.com,Gary Chen,gary.chen@company.com,2025-12-09 10:27:00,Performance Tuning,Drifted,PCI,0,0,0,0,LOW,[],40.75,MEDIUM,61.27,0.0373,False,29.46,18.68,LOW,"Weighted rule, ML risk, and behavioral anomaly signals",,,,,,
DRF00810,Control-88,Encryption,enabled=False,enabled=False,Disable,Low,Jacob Chen,jacob.chen@company.com,Neha Garcia,neha.garcia@company.com,2025-12-09 16:39:00,Performance Tuning,Mitigated,NIST,0,0,0,98,CRITICAL,"['aws kms enable-key-rotation --key-id <key-id>', 'gcloud kms keys update <key-name> --protection-level=hsm']",51.61,MEDIUM,48.4,0.0186,False,59.9,93.0,CRITICAL,Mandatory priority floor applied for Encryption Downgrade,,,,,,
DRF00825,Control-46,Logging,enabled=False,enabled=False,Rollback,High,Yuki Burke,yuki.burke@company.com,Paul Park,paul.park@company.com,2025-12-09 18:42:00,Performance Tuning,Drifted,GDPR,0,0,0,0,LOW,[],68.73,HIGH,66.07,0.0198,False,57.96,32.75,LOW,"Weighted rule, ML risk, and behavioral anomaly signals",,,,,,
DRF00950,Control-42,Endpoint,enabled=False,enabled=False,Disable,Low,Timothy Choi,timothy.choi@company.com,Arjun Patel,arjun.patel@company.com,2025-12-09 20:26:00,Troubleshooting,Mitigated,PCI,0,0,0,87,HIGH,['re-enable endpoint protection for the device and initiate a full malware scan'],52.98,MEDIUM,59.64,-0.0066,True,100.0,77.04,HIGH,"Weighted rule, ML risk, and behavioral anomaly signals",,,,,,
DRF00824,Control-8,Access_Control,enabled=True,enabled=False,Update,Low,Ronald Mishra,ronald.mishra@company.com,Joseph Williams,joseph.williams@company.com,2025-12-09 23:05:00,Security Update,Remediated,NIST,1,0,0,0,LOW,[],21.18,LOW,84.26,0.0162,False,63.77,16.98,LOW,"Weighted rule, ML risk, and behavioral anomaly signals",,,,,,
DRF00943,Control-17,Firewall,enabled=False,enabled=False,Enable,High,Matthew Han,matthew.han@company.com,Neha Wang,neha.wang@company.com,2025-12-11 16:02:00,Policy Change,Under_Review,GDPR,0,0,0,0,LOW,[],56.68,MEDIUM,53.2,0.0272,False,45.88,26.72,LOW,"Weighted rule, ML risk, and behavioral anomaly signals",,,,,,
DRF00520,Control-37,Logging,enabled=False,enabled=False,Disable,Critical,Amara Pillai,amara.pillai@company.com,Brian Meyer,brian.meyer@company.com,2025-12-12 09:53:00,Security Update,Under_Review,ISO,1,0,0,97,CRITICAL,"['aws logs put-retention-policy --log-group-name <group> --retention-in-days 365', 'az monitor diagnostic-settings create --name <setting> --resource <resource-id>']",91.36,CRITICAL,80.55,0.0215,False,55.13,92.0,CRITICAL,Mandatory priority floor applied for Audit Logging Disabled,,,,,,
DRF00590,Control-5,Network_Segmentation,enabled=True,enabled=False,Remove,High,Robert Williams,robert.williams@company.com,Akshay Yang,akshay.yang@company.com,2025-12-12 22:45:00,Policy Change,Mitigated,CIS,0,0,0,0,LOW,[],77.73,CRITICAL,42.77,0.0126,False,69.7,37.66,LOW,"Weighted rule, ML risk, and behavioral anomaly signals",,,,,,
DRF00672,Control-52,Access_Control,enabled=False,enabled=False,Rollback,Critical,Leila Sullivan,leila.sullivan@company.com,Mark O'Brien,mark.o'brien@company.com,2025-12-13 06:56:00,Security Update,Drifted,GDPR,1,0,0,0,LOW,[],79.47,CRITICAL,43.88,0.0009,False,88.73,78.0,HIGH,Critical unresolved drift floor applied,,,,,,
DRF00873,Control-67,Cloud_Security,enabled=True,enabled=True,Update,Critical,Raja Lim,raja.lim@company.com,Arjun Connor,arjun.connor@company.com,2025-12-13 09:32:00,Security Update,Under_Review,NIST,1,0,0,0,LOW,[],70.04,HIGH,53.36,0.0233,False,52.31,32.36,LOW,"Weighted rule, ML risk, and behavioral anomaly signals",,,,,,
DRF00754,Control-99,Data_Protection,enabled=True,enabled=True,Rollback,High,Akshay Huang,akshay.huang@company.com,Raja Nair,raja.nair@company.com,2025-12-14 04:39:00,Troubleshooting,Compliant,ISO,0,0,0,0,LOW,[],54.91,MEDIUM,57.25,-0.014,True,100.0,34.22,LOW,"Weighted rule, ML risk, and behavioral anomaly signals",,,,,,
DRF00936,Control-66,Cloud_Security,enabled=False,enabled=True,Update,Medium,James Patel,james.patel@company.com,Maria Kim,maria.kim@company.com,2025-12-15 07:38:00,Performance Tuning,Mitigated,GDPR,1,0,0,0,LOW,[],41.9,MEDIUM,54.52,0.0275,False,45.47,21.49,LOW,"Weighted rule, ML risk, and behavioral anomaly signals",,,,,,
DRF00944,Control-67,Access_Control,enabled=False,enabled=True,Remove,Critical,Priya Harris,priya.harris@company.com,Amitabh O'Brien,amitabh.o'brien@company.com,2025-12-16 13:50:00,Emergency Fix,Compliant,PCI,0,0,1,0,LOW,[],72.12,HIGH,63.78,0.027,False,46.15,32.16,LOW,"Weighted rule, ML risk, and behavioral anomaly signals",,,,,,
DRF00829,Control-22,Firewall,enabled=True,enabled=False,Modify,High,Christopher Davis,christopher.davis@company.com,Aisha Li,aisha.li@company.com,2025-12-18 13:26:00,Troubleshooting,Drifted,NIST,0,0,0,0,LOW,[],72.26,HIGH,62.62,0.038,False,28.27,29.53,LOW,"Weighted rule, ML risk, and behavioral anomaly signals",,,,,,
DRF00503,Control-21,Cloud_Security,enabled=True,enabled=True,Rollback,Low,Anthony Gupta,anthony.gupta@company.com,Meera Martin,meera.martin@company.com,2025-12-19 13:09:00,Performance Tuning,Compliant,CIS,0,0,0,0,LOW,[],22.18,LOW,81.94,0.031,False,39.72,13.72,LOW,"Weighted rule, ML risk, and behavioral anomaly signals",,,,,,
DRF00792,Control-3,Network_Segmentation,enabled=False,enabled=False,Enable,Medium,Harsh White,harsh.white@company.com,Pooja Iyer,pooja.iyer@company.com,2025-12-19 13:31:00,Policy Change,Remediated,ISO,0,0,0,0,LOW,[],28.07,LOW,62.26,0.0319,False,38.24,15.56,LOW,"Weighted rule, ML risk, and behavioral anomaly signals",,,,,,
DRF00693,Control-43,DLP,enabled=True,enabled=False,Enable,Low,James Sharma,james.sharma@company.com,Jonathan White,jonathan.white@company.com,2025-12-19 14:27:00,Performance Tuning,Remediated,CIS,0,0,0,0,LOW,[],20.64,LOW,83.78,0.0285,False,43.79,13.79,LOW,"Weighted rule, ML risk, and behavioral anomaly signals",,,,,,
DRF00984,Control-30,Vulnerability,enabled=True,enabled=False,Modify,Info,Xiulan Schneider,xiulan.schneider@company.com,Kenneth Brown,kenneth.brown@company.com,2025-12-19 20:32:00,Security Update,Drifted,ISO,1,0,0,0,LOW,[],47.64,MEDIUM,59.34,0.0025,False,86.2,29.6,LOW,"Weighted rule, ML risk, and behavioral anomaly signals",,,,,,
DRF00906,Control-39,DLP,enabled=True,enabled=True,Remove,High,Kevin Guo,kevin.guo@company.com,Anjali Jang,anjali.jang@company.com,2025-12-19 21:12:00,Troubleshooting,Drifted,NIST,0,0,0,86,HIGH,['restore DLP policy from policy-as-code and redeploy to sensitive data repositories'],88.97,CRITICAL,71.53,-0.005,True,98.33,84.99,HIGH,"Weighted rule, ML risk, and behavioral anomaly signals",,,,,,
DRF00612,Control-92,Cloud_Security,enabled=False,enabled=False,Rollback,Critical,Aisha Das,aisha.das@company.com,Christopher Becker,christopher.becker@company.com,2025-12-20 18:33:00,Performance Tuning,Under_Review,GDPR,0,0,0,0,LOW,[],72.48,HIGH,70.2,0.0151,False,65.6,35.21,LOW,"Weighted rule, ML risk, and behavioral anomaly signals",,,,,,
DRF00828,Control-18,Logging,enabled=True,enabled=False,Disable,Critical,Christopher Lopez,christopher.lopez@company.com,Yuki Xu,yuki.xu@company.com,2025-12-20 18:49:00,Performance Tuning,Drifted,NONE,0,0,0,97,CRITICAL,"['aws logs put-retention-policy --log-group-name <group> --retention-in-days 365', 'az monitor diagnostic-settings create --name <setting> --resource <resource-id>']",90.74,CRITICAL,78.05,0.0032,False,84.97,93.0,CRITICAL,Critical unresolved drift floor applied,,,,,,
DRF00965,Control-4,Cloud_Security,enabled=False,enabled=False,Update,Info,Sofia Kang,sofia.kang@company.com,Robert Clark,robert.clark@company.com,2025-12-21 04:49:00,Troubleshooting,Under_Review,GDPR,1,0,0,0,LOW,[],48.73,MEDIUM,64.33,-0.0138,True,100.0,32.06,LOW,"Weighted rule, ML risk, and behavioral anomaly signals",,,,,,
DRF00739,Control-59,Endpoint,enabled=True,enabled=False,Remove,Medium,Nikhil Young,nikhil.young@company.com,Brian Huang,brian.huang@company.com,2025-12-21 10:42:00,Emergency Fix,Mitigated,PCI,0,0,1,87,HIGH,['re-enable endpoint protection for the device and initiate a full malware scan'],63.16,HIGH,42.25,0.007,False,78.76,77.42,HIGH,"Weighted rule, ML risk, and behavioral anomaly signals",,,,,,
DRF00504,Control-48,Data_Protection,enabled=False,enabled=True,Modify,Critical,Jacob Lopez,jacob.lopez@company.com,Richard Verma,richard.verma@company.com,2025-12-21 20:41:00,Security Update,Under_Review,NONE,1,0,0,0,LOW,[],71.74,HIGH,59.29,-0.0192,True,100.0,40.11,MEDIUM,"Weighted rule, ML risk, and behavioral anomaly signals",,,,,,
DRF00674,Control-55,Logging,enabled=False,enabled=False,Enable,Medium,Brian Iyer,brian.iyer@company.com,Sanjana Bhat,sanjana.bhat@company.com,2025-12-22 00:56:00,Emergency Fix,Mitigated,CIS,0,0,1,0,LOW,[],43.49,MEDIUM,59.75,-0.0138,True,100.0,30.22,LOW,"Weighted rule, ML risk, and behavioral anomaly signals",,,,,,
DRF00597,Control-69,DLP,enabled=True,enabled=False,Enable,Critical,Robert Miller,robert.miller@company.com,Kenneth Harris,kenneth.harris@company.com,2025-12-22 01:11:00,Security Update,Remediated,PCI,1,0,0,0,LOW,[],46.08,MEDIUM,49.47,-0.0146,True,100.0,31.13,LOW,"Weighted rule, ML risk, and behavioral anomaly signals",,,,,,
DRF00901,Control-73,Endpoint,enabled=True,enabled=True,Update,Low,Jacob Park,jacob.park@company.com,Richard Murphy,richard.murphy@company.com,2025-12-23 11:39:00,Emergency Fix,Remediated,ISO,0,0,1,0,LOW,[],19.81,LOW,85.81,0.025,False,49.45,14.35,LOW,"Weighted rule, ML risk, and behavioral anomaly signals",,,,,,
DRF00899,Control-73,Encryption,enabled=False,enabled=True,Enable,Critical,Michael Das,michael.das@company.com,Rajesh Young,rajesh.young@company.com,2025-12-23 18:24:00,Policy Change,Compliant,NONE,0,0,0,98,CRITICAL,"['aws kms enable-key-rotation --key-id <key-id>', 'gcloud kms keys update <key-name> --protection-level=hsm']",44.69,MEDIUM,53.61,0.0179,False,61.07,93.0,CRITICAL,Mandatory priority floor applied for Encryption Downgrade,,,,,,
DRF00849,Control-13,Data_Protection,enabled=True,enabled=False,Disable,High,Sofia Wagner,sofia.wagner@company.com,George Huang,george.huang@company.com,2025-12-24 03:53:00,Security Update,Drifted,ISO,1,0,0,0,LOW,[],91.09,CRITICAL,78.33,-0.0017,True,93.03,45.84,MEDIUM,"Weighted rule, ML risk, and behavioral anomaly signals",,,,,,
DRF00780,Control-83,Data_Protection,enabled=True,enabled=False,Remove,Info,Christopher Jang,christopher.jang@company.com,Raja Taylor,raja.taylor@company.com,2025-12-24 13:25:00,Performance Tuning,Drifted,NIST,0,0,0,0,LOW,[],60.26,HIGH,47.85,0.033,False,36.4,26.55,LOW,"Weighted rule, ML risk, and behavioral anomaly signals",,,,,,
DRF00585,Control-92,Cloud_Security,enabled=False,enabled=True,Enable,High,Donald Muller,donald.muller@company.com,Aditya Muller,aditya.muller@company.com,2025-12-25 08:07:00,Security Update,Drifted,PCI,1,0,0,0,LOW,[],66.73,HIGH,62.86,0.0132,False,68.76,33.67,LOW,"Weighted rule, ML risk, and behavioral anomaly signals",,,,,,
DRF00571,Control-24,Vulnerability,enabled=False,enabled=True,Remove,Low,Ronald Park,ronald.park@company.com,James Park,james.park@company.com,2025-12-25 13:09:00,Policy Change,Compliant,ISO,0,0,0,0,LOW,[],29.08,LOW,64.49,0.0386,False,27.31,14.27,LOW,"Weighted rule, ML risk, and behavioral anomaly signals",,,,,,
DRF00914,Control-27,Endpoint,enabled=False,enabled=False,Disable,Critical,Jeffrey Hwang,jeffrey.hwang@company.com,Robert Sullivan,robert.sullivan@company.com,2025-12-25 22:59:00,Emergency Fix,Under_Review,GDPR,0,0,1,87,HIGH,['re-enable endpoint protection for the device and initiate a full malware scan'],91.98,CRITICAL,79.08,0.0018,False,87.29,84.99,HIGH,"Weighted rule, ML risk, and behavioral anomaly signals",,,,,,
DRF00714,Control-26,Endpoint,enabled=False,enabled=False,Disable,Low,Isha Park,isha.park@company.com,Edward Harris,edward.harris@company.com,2025-12-26 00:44:00,Policy Change,Remediated,PCI,0,0,0,87,HIGH,['re-enable endpoint protection for the device and initiate a full malware scan'],48.76,MEDIUM,56.25,-0.0098,True,100.0,75.57,HIGH,"Weighted rule, ML risk, and behavioral anomaly signals",,,,,,
DRF00915,Control-38,Access_Control,enabled=False,enabled=False,Disable,Low,Steven Huang,steven.huang@company.com,Rajesh Kelly,rajesh.kelly@company.com,2025-12-26 11:32:00,Performance Tuning,Under_Review,ISO,0,0,0,0,LOW,[],68.02,HIGH,57.67,0.0271,False,46.12,30.72,LOW,"Weighted rule, ML risk, and behavioral anomaly signals",,,,,,
DRF00861,Control-96,Vulnerability,enabled=True,enabled=True,Rollback,Info,Sophia Guo,sophia.guo@company.com,Ryan Kelly,ryan.kelly@company.com,2025-12-26 12:19:00,Policy Change,Compliant,NONE,0,0,0,0,LOW,[],19.73,LOW,87.47,0.046,False,15.3,9.2,LOW,"Weighted rule, ML risk, and behavioral anomaly signals",,,,,,
DRF00988,Control-89,Vulnerability,enabled=False,enabled=False,Update,High,Daniel Connor,daniel.connor@company.com,Priya Moore,priya.moore@company.com,2025-12-27 14:46:00,Troubleshooting,Remediated,ISO,0,0,0,0,LOW,[],48.7,MEDIUM,65.55,0.014,False,67.36,27.15,LOW,"Weighted rule, ML risk, and behavioral anomaly signals",,,,,,
DRF00954,Control-50,DLP,enabled=False,enabled=True,Update,Critical,Amara Garcia,amara.garcia@company.com,Priya Li,priya.li@company.com,2025-12-27 21:14:00,Policy Change,Drifted,GDPR,0,0,0,0,LOW,[],72.1,HIGH,49.84,-0.0054,True,98.98,78.0,HIGH,Critical unresolved drift floor applied,,,,,,
DRF00738,Control-41,Network_Segmentation,enabled=False,enabled=False,Update,Medium,Christopher Rao,christopher.rao@company.com,Ryan Reddy,ryan.reddy@company.com,2025-12-29 00:25:00,Security Update,Drifted,PCI,1,0,0,0,LOW,[],58.48,HIGH,47.0,0.0027,False,85.84,33.34,LOW,"Weighted rule, ML risk, and behavioral anomaly signals",,,,,,
DRF00877,Control-50,Network_Segmentation,enabled=False,enabled=False,Disable,High,Jacob Becker,jacob.becker@company.com,Shruti Taylor,shruti.taylor@company.com,2025-12-29 06:24:00,Security Update,Drifted,NIST,1,0,0,0,LOW,[],89.19,CRITICAL,75.4,0.0069,False,78.94,43.06,MEDIUM,"Weighted rule, ML risk, and behavioral anomaly signals",,,,,,
DRF00734,Control-73,Endpoint,enabled=False,enabled=True,Modify,Medium,Elena Hernandez,elena.hernandez@company.com,Donald Bhat,donald.bhat@company.com,2025-12-30 05:29:00,Performance Tuning,Drifted,ISO,0,0,0,0,LOW,[],63.23,HIGH,53.29,-0.0113,True,100.0,37.13,LOW,"Weighted rule, ML risk, and behavioral anomaly signals",,,,,,
DRF00803,Control-76,Data_Protection,enabled=True,enabled=True,Remove,Critical,Stephen Harris,stephen.harris@company.com,George Ramirez,george.ramirez@company.com,2025-12-30 12:05:00,Security Update,Under_Review,NONE,1,0,0,0,LOW,[],85.73,CRITICAL,64.48,0.0247,False,49.94,37.5,LOW,"Weighted rule, ML risk, and behavioral anomaly signals",,,,,,
DRF00996,Control-59,Logging,enabled=True,enabled=True,Disable,Medium,Amitabh Jang,amitabh.jang@company.com,Isha Hernandez,isha.hernandez@company.com,2025-12-30 14:49:00,Performance Tuning,Remediated,NIST,0,0,0,97,CRITICAL,"['aws logs put-retention-policy --log-group-name <group> --retention-in-days 365', 'az monitor diagnostic-settings create --name <setting> --resource <resource-id>']",63.06,HIGH,52.1,0.0255,False,48.69,92.0,CRITICAL,Mandatory priority floor applied for Audit Logging Disabled,,,,,,
DRF00656,Control-14,Logging,enabled=True,enabled=True,Modify,High,Edward Hwang,edward.hwang@company.com,Rohan Garcia,rohan.garcia@company.com,2025-12-30 16:20:00,Emergency Fix,Mitigated,ISO,0,0,1,0,LOW,[],51.27,MEDIUM,61.69,0.0173,False,62.02,27.25,LOW,"Weighted rule, ML risk, and behavioral anomaly signals",,,,,,
DRF00887,Control-76,DLP,enabled=False,enabled=False,Update,High,Xiulan Martin,xiulan.martin@company.com,Anjali Perez,anjali.perez@company.com,2025-12-30 17:37:00,Policy Change,Drifted,PCI,0,0,0,0,LOW,[],64.62,HIGH,56.14,0.0222,False,54.04,30.72,LOW,"Weighted rule, ML risk, and behavioral anomaly signals",,,,,,
DRF00941,Control-80,Data_Protection,enabled=True,enabled=False,Update,Low,Donald Pillai,donald.pillai@company.com,Priya Choi,priya.choi@company.com,2025-12-31 20:57:00,Security Update,Mitigated,GDPR,1,0,0,0,LOW,[],26.64,LOW,70.65,0.0202,False,57.21,17.91,LOW,"Weighted rule, ML risk, and behavioral anomaly signals",,,,,,
DRF00889,Control-69,Logging,enabled=True,enabled=False,Enable,Medium,Maria Sullivan,maria.sullivan@company.com,Deepika Martin,deepika.martin@company.com,2026-01-02 00:39:00,Security Update,Mitigated,CIS,1,0,0,0,LOW,[],37.78,MEDIUM,50.53,-0.0148,True,100.0,28.22,LOW,"Weighted rule, ML risk, and behavioral anomaly signals",,,,,,
DRF00884,Control-13,Encryption,enabled=True,enabled=False,Rollback,Low,Nikhil Robinson,nikhil.robinson@company.com,Sophia Meyer,sophia.meyer@company.com,2026-01-02 10:31:00,Emergency Fix,Mitigated,PCI,0,0,1,98,CRITICAL,"['aws kms enable-key-rotation --key-id <key-id>', 'gcloud kms keys update <key-name> --protection-level=hsm']",27.68,LOW,63.55,0.0411,False,23.25,93.0,CRITICAL,Mandatory priority floor applied for Encryption Downgrade,,,,,,
DRF00925,Control-66,Network_Segmentation,enabled=True,enabled=False,Rollback,Info,Maria Weber,maria.weber@company.com,Joshua Reilly,joshua.reilly@company.com,2026-01-02 12:07:00,Security Update,Compliant,NIST,1,0,0,0,LOW,[],20.2,LOW,84.31,0.0407,False,23.92,10.66,LOW,"Weighted rule, ML risk, and behavioral anomaly signals",,,,,,
DRF00818,Control-75,Data_Protection,enabled=True,enabled=False,Modify,Low,Nikhil Meyer,nikhil.meyer@company.com,Neha Jones,neha.jones@company.com,2026-01-03 09:50:00,Troubleshooting,Remediated,CIS,0,0,0,0,LOW,[],34.66,MEDIUM,49.63,0.02,False,57.56,20.77,LOW,"Weighted rule, ML risk, and behavioral anomaly signals",,,,,,
DRF00919,Control-12,Vulnerability,enabled=False,enabled=False,Disable,Critical,Meera Menon,meera.menon@company.com,William Miller,william.miller@company.com,2026-01-04 18:06:00,Troubleshooting,Drifted,CIS,0,0,0,0,LOW,[],83.49,CRITICAL,52.64,0.005,False,82.03,78.0,HIGH,Critical unresolved drift floor applied,,,,,,
DRF00929,Control-69,Cloud_Security,enabled=True,enabled=False,Update,Critical,Jeffrey Xu,jeffrey.xu@company.com,Stephen Sun,stephen.sun@company.com,2026-01-05 12:16:00,Policy Change,Compliant,GDPR,1,0,0,0,LOW,[],43.95,MEDIUM,55.01,0.0422,False,21.41,18.59,LOW,"Weighted rule, ML risk, and behavioral anomaly signals",,,,,,
DRF00725,Control-80,Encryption,enabled=False,enabled=True,Remove,Low,Jeffrey Martinez,jeffrey.martinez@company.com,Joshua Kelly,joshua.kelly@company.com,2026-01-05 12:19:00,Emergency Fix,Drifted,GDPR,0,0,1,98,CRITICAL,"['aws kms enable-key-rotation --key-id <key-id>', 'gcloud kms keys update <key-name> --protection-level=hsm']",60.33,MEDIUM,41.67,0.0276,False,45.18,93.0,CRITICAL,Mandatory priority floor applied for Encryption Downgrade,,,,,,
DRF00528,Control-39,DLP,enabled=True,enabled=True,Enable,High,Jonathan Lee,jonathan.lee@company.com,Yuki Pillai,yuki.pillai@company.com,2026-01-05 17:29:00,Security Update,Under_Review,CIS,1,0,0,0,LOW,[],57.69,MEDIUM,49.21,0.0284,False,43.87,26.77,LOW,"Weighted rule, ML risk, and behavioral anomaly signals",,,,,,
DRF00794,Control-58,Endpoint,enabled=True,enabled=False,Remove,Low,Nikhil Reilly,nikhil.reilly@company.com,Joseph Verma,joseph.verma@company.com,2026-01-07 12:17:00,Emergency Fix,Mitigated,PCI,0,0,1,87,HIGH,['re-enable endpoint protection for the device and initiate a full malware scan'],46.97,MEDIUM,56.39,0.0301,False,41.1,66.1,HIGH,"Weighted rule, ML risk, and behavioral anomaly signals",,,,,,
DRF00667,Control-67,Network_Segmentation,enabled=False,enabled=True,Disable,Medium,Joseph Ramirez,joseph.ramirez@company.com,Robert Patel,robert.patel@company.com,2026-01-08 21:14:00,Security Update,Under_Review,NIST,1,0,0,0,LOW,[],73.43,HIGH,61.33,0.0117,False,71.13,42.0,MEDIUM,Unresolved medium-severity review floor applied,,,,,,
DRF00858,Control-69,Vulnerability,enabled=True,enabled=False,Rollback,Low,Aditya Thompson,aditya.thompson@company.com,Pooja Jackson,pooja.jackson@company.com,2026-01-08 23:47:00,Emergency Fix,Drifted,GDPR,0,0,1,0,LOW,[],45.3,MEDIUM,67.49,0.0012,False,88.21,29.09,LOW,"Weighted rule, ML risk, and behavioral anomaly signals",,,,,,
DRF00978,Control-21,Data_Protection,enabled=False,enabled=True,Rollback,Medium,David Harris,david.harris@company.com,Andrew Williams,andrew.williams@company.com,2026-01-10 02:08:00,Security Update,Remediated,CIS,1,0,0,0,LOW,[],36.21,LOW,45.78,0.0051,False,81.83,24.95,LOW,"Weighted rule, ML risk, and behavioral anomaly signals",,,,,,
DRF00892,Control-7,Cloud_Security,enabled=False,enabled=False,Enable,Critical,Matthew Rodriguez,matthew.rodriguez@company.com,Sophia Li,sophia.li@company.com,2026-01-10 15:04:00,Emergency Fix,Compliant,CIS,0,0,1,0,LOW,[],49.47,MEDIUM,53.41,0.0201,False,57.44,25.93,LOW,"Weighted rule, ML risk, and behavioral anomaly signals",,,,,,
DRF00964,Control-81,Encryption,enabled=False,enabled=True,Enable,Low,Leila Johnson,leila.johnson@company.com,Anjali Pillai,anjali.pillai@company.com,2026-01-10 15:11:00,Security Update,Mitigated,CIS,1,0,0,98,CRITICAL,"['aws kms enable-key-rotation --key-id <key-id>', 'gcloud kms keys update <key-name> --protection-level=hsm']",26.06,LOW,68.51,0.0156,False,64.78,93.0,CRITICAL,Mandatory priority floor applied for Encryption Downgrade,,,,,,
DRF00517,Control-74,Vulnerability,enabled=True,enabled=False,Disable,High,Stephen Fischer,stephen.fischer@company.com,Isha Huang,isha.huang@company.com,2026-01-11 15:02:00,Performance Tuning,Remediated,GDPR,0,0,0,0,LOW,[],68.52,HIGH,52.23,0.0118,False,70.95,34.62,LOW,"Weighted rule, ML risk, and behavioral anomaly signals",,,,,,
DRF00745,Control-21,Firewall,enabled=False,enabled=False,Modify,Info,Robert Connor,robert.connor@company.com,Joshua Perez,joshua.perez@company.com,2026-01-12 02:18:00,Troubleshooting,Drifted,NONE,0,0,0,0,LOW,[],45.53,MEDIUM,63.03,0.0179,False,61.02,25.09,LOW,"Weighted rule, ML risk, and behavioral anomaly signals",,,,,,
DRF00506,Control-78,Vulnerability,enabled=False,enabled=True,Disable,Medium,Anjali Lee,anjali.lee@company.com,Raja Murphy,raja.murphy@company.com,2026-01-13 06:38:00,Performance Tuning,Remediated,PCI,0,0,0,0,LOW,[],57.48,HIGH,42.34,0.0074,False,78.17,31.84,LOW,"Weighted rule, ML risk, and behavioral anomaly signals",,,,,,
DRF00591,Control-10,Firewall,enabled=False,enabled=False,Remove,Critical,Paul Thomas,paul.thomas@company.com,Michael Murphy,michael.murphy@company.com,2026-01-15 05:47:00,Emergency Fix,Mitigated,GDPR,0,0,1,0,LOW,[],79.08,HIGH,42.03,0.0042,False,83.38,40.18,MEDIUM,"Weighted rule, ML risk, and behavioral anomaly signals",,,,,,
DRF00608,Control-63,Access_Control,enabled=True,enabled=True,Disable,Low,Anjali Johnson,anjali.johnson@company.com,Leila Quinn,leila.quinn@company.com,2026-01-15 10:40:00,Policy Change,Mitigated,ISO,0,0,0,0,LOW,[],56.47,MEDIUM,39.36,0.0394,False,26.01,23.67,LOW,"Weighted rule, ML risk, and behavioral anomaly signals",,,,,,
DRF00807,Control-18,Endpoint,enabled=False,enabled=False,Update,High,Michael Muller,michael.muller@company.com,Diya Robinson,diya.robinson@company.com,2026-01-15 15:44:00,Policy Change,Under_Review,PCI,0,0,0,0,LOW,[],56.22,MEDIUM,52.39,0.0326,False,37.1,25.24,LOW,"Weighted rule, ML risk, and behavioral anomaly signals",,,,,,
DRF00634,Control-48,Data_Protection,enabled=True,enabled=False,Update,Medium,Varun Martin,varun.martin@company.com,Sofia Thomas,sofia.thomas@company.com,2026-01-16 17:46:00,Security Update,Drifted,PCI,1,0,0,0,LOW,[],49.93,MEDIUM,67.82,0.0385,False,27.4,21.59,LOW,"Weighted rule, ML risk, and behavioral anomaly signals",,,,,,
DRF00942,Control-36,Data_Protection,enabled=False,enabled=True,Remove,High,Meera Sun,meera.sun@company.com,Andrew Lim,andrew.lim@company.com,2026-01-16 22:08:00,Performance Tuning,Compliant,NONE,0,0,0,0,LOW,[],66.83,HIGH,44.07,-0.0012,True,92.12,37.21,LOW,"Weighted rule, ML risk, and behavioral anomaly signals",,,,,,
DRF00650,Control-90,Firewall,enabled=True,enabled=True,Enable,Low,Richard Das,richard.das@company.com,Charles Martin,charles.martin@company.com,2026-01-17 18:53:00,Performance Tuning,Drifted,NIST,0,0,0,0,LOW,[],40.01,MEDIUM,58.06,0.0056,False,81.01,26.16,LOW,"Weighted rule, ML risk, and behavioral anomaly signals",,,,,,
DRF00775,Control-19,Data_Protection,enabled=False,enabled=False,Disable,Medium,Nikhil Li,nikhil.li@company.com,Leila Reilly,leila.reilly@company.com,2026-01-18 21:33:00,Policy Change,Drifted,PCI,0,0,0,0,LOW,[],86.69,CRITICAL,65.09,-0.0079,True,100.0,45.34,MEDIUM,"Weighted rule, ML risk, and behavioral anomaly signals",,,,,,
DRF00055,Control-38,Data_Protection,enabled=False,enabled=True,Remove,High,Sophia Lopez,sophia.lopez@company.com,Edward Smith,edward.smith@company.com,2026-01-21 10:54:40,Troubleshooting,Drifted,GDPR,0,0,0,0,LOW,[],88.37,CRITICAL,65.4,0.0404,False,24.45,34.6,LOW,"Weighted rule, ML risk, and behavioral anomaly signals",,,,,,
DRF00330,Control-12,Network_Segmentation,enabled=True,enabled=False,Disable,Critical,Mark Pillai,mark.pillai@company.com,Rajesh Patel,rajesh.patel@company.com,2026-01-21 10:54:40,Security Update,Compliant,ISO,1,0,0,0,LOW,[],65.12,MEDIUM,35.84,0.03,False,41.25,28.98,LOW,"Weighted rule, ML risk, and behavioral anomaly signals",,,,,,
DRF00027,Control-39,Logging,enabled=True,enabled=False,Rollback,Medium,Aditya Jones,aditya.jones@company.com,Amara Sanchez,amara.sanchez@company.com,2026-01-21 10:54:40,Performance Tuning,Compliant,ISO,0,0,0,0,LOW,[],34.19,MEDIUM,53.76,0.027,False,46.25,18.9,LOW,"Weighted rule, ML risk, and behavioral anomaly signals",,,,,,
DRF00245,Control-74,Firewall,enabled=False,enabled=False,Disable,Critical,Nicholas Martinez,nicholas.martinez@company.com,Ryan Davis,ryan.davis@company.com,2026-01-21 10:54:40,Security Update,Remediated,NONE,1,0,0,0,LOW,[],64.51,MEDIUM,30.14,0.0429,False,20.31,25.62,LOW,"Weighted rule, ML risk, and behavioral anomaly signals",,,,,,
DRF00063,Control-43,Logging,enabled=False,enabled=False,Update,Info,Joseph Reddy,joseph.reddy@company.com,Aditya Moore,aditya.moore@company.com,2026-01-22 10:54:40,Performance Tuning,Drifted,GDPR,0,0,0,0,LOW,[],43.2,MEDIUM,73.49,0.0489,False,10.52,16.7,LOW,"Weighted rule, ML risk, and behavioral anomaly signals",,,,,,
DRF00336,Control-84,Access_Control,enabled=False,enabled=True,Rollback,Medium,Nadia Johnson,nadia.johnson@company.com,George Jones,george.jones@company.com,2026-01-22 10:54:40,Emergency Fix,Compliant,NONE,0,0,1,0,LOW,[],24.38,LOW,70.86,0.0565,False,0.0,8.53,LOW,"Weighted rule, ML risk, and behavioral anomaly signals",,,,,,
DRF00304,Control-72,Access_Control,enabled=True,enabled=True,Update,Critical,Matthew Williams,matthew.williams@company.com,Neha Martinez,neha.martinez@company.com,2026-01-22 10:54:40,Emergency Fix,Remediated,NONE,0,0,1,0,LOW,[],40.6,MEDIUM,67.16,0.0523,False,5.03,14.96,LOW,"Weighted rule, ML risk, and behavioral anomaly signals",,,,,,
DRF00110,Control-70,Firewall,enabled=True,enabled=True,Enable,Medium,Kevin Bhat,kevin.bhat@company.com,Xiulan Rao,xiulan.rao@company.com,2026-01-22 10:54:40,Troubleshooting,Remediated,NONE,0,0,0,0,LOW,[],25.68,LOW,67.49,0.051,False,7.14,10.06,LOW,"Weighted rule, ML risk, and behavioral anomaly signals",,,,,,
DRF00344,Control-47,Data_Protection,enabled=False,enabled=False,Remove,Medium,Amitabh Lewis,amitabh.lewis@company.com,George Anderson,george.anderson@company.com,2026-01-22 10:54:40,Security Update,Compliant,NIST,1,0,0,0,LOW,[],51.22,HIGH,37.83,0.0469,False,13.76,19.99,LOW,"Weighted rule, ML risk, and behavioral anomaly signals",,,,,,
DRF00178,Control-87,Encryption,enabled=False,enabled=True,Modify,Info,Christopher Robinson,christopher.robinson@company.com,Anthony Reddy,anthony.reddy@company.com,2026-01-23 10:54:40,Troubleshooting,Compliant,ISO,0,0,0,98,CRITICAL,"['aws kms enable-key-rotation --key-id <key-id>', 'gcloud kms keys update <key-name> --protection-level=hsm']",26.87,LOW,67.45,0.0274,False,45.56,93.0,CRITICAL,Mandatory priority floor applied for Encryption Downgrade,,,,,,
DRF00284,Control-15,Data_Protection,enabled=False,enabled=True,Update,Low,Akshay Kumar,akshay.kumar@company.com,Sophia Mishra,sophia.mishra@company.com,2026-01-23 10:54:40,Policy Change,Mitigated,PCI,0,0,0,0,LOW,[],22.76,LOW,77.42,0.0522,False,5.2,8.75,LOW,"Weighted rule, ML risk, and behavioral anomaly signals",,,,,,
DRF00070,Control-72,Encryption,enabled=True,enabled=True,Update,High,Aisha Smith,aisha.smith@company.com,Ryan Williams,ryan.williams@company.com,2026-01-23 10:54:40,Security Update,Under_Review,NONE,1,0,0,0,LOW,[],50.91,MEDIUM,51.39,0.0595,False,0.0,17.82,LOW,"Weighted rule, ML risk, and behavioral anomaly signals",,,,,,
DRF00462,Control-53,Logging,enabled=False,enabled=False,Remove,High,Eric Jones,eric.jones@company.com,Timothy Perez,timothy.perez@company.com,2026-01-23 10:54:40,Performance Tuning,Compliant,NONE,0,0,0,97,CRITICAL,"['aws logs put-retention-policy --log-group-name <group> --retention-in-days 365', 'az monitor diagnostic-settings create --name <setting> --resource <resource-id>']",60.11,HIGH,43.24,0.0341,False,34.59,92.0,CRITICAL,Mandatory priority floor applied for Audit Logging Disabled,,,,,,
DRF00408,Control-1,Vulnerability,enabled=False,enabled=False,Rollback,Low,Rohan Robinson,rohan.robinson@company.com,Kenneth Martin,kenneth.martin@company.com,2026-01-23 10:54:40,Policy Change,Compliant,GDPR,0,0,0,0,LOW,[],23.08,LOW,76.48,0.0526,False,4.54,8.76,LOW,"Weighted rule, ML risk, and behavioral anomaly signals",,,,,,
DRF00433,Control-23,Firewall,enabled=True,enabled=True,Remove,High,Fatima Moore,fatima.moore@company.com,Charles Robinson,charles.robinson@company.com,2026-01-23 10:54:40,Policy Change,Under_Review,CIS,0,0,0,0,LOW,[],89.63,CRITICAL,72.04,0.0562,False,0.0,31.37,LOW,"Weighted rule, ML risk, and behavioral anomaly signals",,,,,,
DRF00046,Control-30,Access_Control,enabled=False,enabled=True,Enable,Info,Timothy Kumar,timothy.kumar@company.com,Pooja Mishra,pooja.mishra@company.com,2026-01-23 10:54:40,Policy Change,Compliant,GDPR,0,0,0,0,LOW,[],21.67,LOW,80.06,0.0395,False,25.91,11.47,LOW,"Weighted rule, ML risk, and behavioral anomaly signals",,,,,,
DRF00411,Control-30,Data_Protection,enabled=False,enabled=True,Remove,Info,Edward Singh,edward.singh@company.com,Andrew Moore,andrew.moore@company.com,2026-01-23 10:54:40,Performance Tuning,Compliant,NIST,0,0,0,0,LOW,[],38.22,LOW,42.49,0.0408,False,23.65,16.92,LOW,"Weighted rule, ML risk, and behavioral anomaly signals",,,,,,
DRF00222,Control-57,DLP,enabled=False,enabled=False,Disable,Critical,Eric Bhat,eric.bhat@company.com,Pooja Mishra,pooja.mishra@company.com,2026-01-23 10:54:40,Emergency Fix,Under_Review,CIS,0,0,1,86,HIGH,['restore DLP policy from policy-as-code and redeploy to sensitive data repositories'],86.27,CRITICAL,59.36,0.042,False,21.84,76.47,HIGH,"Weighted rule, ML risk, and behavioral anomaly signals",,,,,,
DRF00360,Control-22,Cloud_Security,enabled=False,enabled=True,Rollback,Critical,Neha Thomas,neha.thomas@company.com,Vikram Gonzalez,vikram.gonzalez@company.com,2026-01-24 10:54:40,Emergency Fix,Compliant,NIST,0,0,1,0,LOW,[],60.77,HIGH,55.08,0.0417,False,22.34,24.62,LOW,"Weighted rule, ML risk, and behavioral anomaly signals",,,,,,
DRF00334,Control-71,Firewall,enabled=True,enabled=False,Remove,Medium,Varun Lopez,varun.lopez@company.com,Amara Taylor,amara.taylor@company.com,2026-01-24 10:54:40,Emergency Fix,Mitigated,CIS,0,0,1,0,LOW,[],69.76,HIGH,63.59,0.032,False,38.12,30.13,LOW,"Weighted rule, ML risk, and behavioral anomaly signals",,,,,,
DRF00316,Control-18,Firewall,enabled=True,enabled=True,Enable,High,Robert Rodriguez,robert.rodriguez@company.com,Isha Lopez,isha.lopez@company.com,2026-01-24 10:54:40,Troubleshooting,Remediated,NONE,0,0,0,0,LOW,[],40.66,MEDIUM,70.49,0.0299,False,41.46,20.45,LOW,"Weighted rule, ML risk, and behavioral anomaly signals",,,,,,
DRF00080,Control-80,Encryption,enabled=False,enabled=True,Disable,Medium,Aisha Young,aisha.young@company.com,Daniel Taylor,daniel.taylor@company.com,2026-01-24 10:54:40,Troubleshooting,Compliant,NONE,0,0,0,98,CRITICAL,"['aws kms enable-key-rotation --key-id <key-id>', 'gcloud kms keys update <key-name> --protection-level=hsm']",46.15,MEDIUM,40.93,0.0247,False,49.96,93.0,CRITICAL,Mandatory priority floor applied for Encryption Downgrade,,,,,,
DRF00482,Control-69,DLP,enabled=True,enabled=True,Update,Critical,Robert Lopez,robert.lopez@company.com,Harsh Das,harsh.das@company.com,2026-01-25 10:54:40,Security Update,Compliant,NIST,1,0,0,0,LOW,[],46.73,MEDIUM,40.92,0.0229,False,52.89,24.29,LOW,"Weighted rule, ML risk, and behavioral anomaly signals",,,,,,
DRF00064,Control-1,Data_Protection,enabled=True,enabled=False,Rollback,High,William Lewis,william.lewis@company.com,Neha Pillai,neha.pillai@company.com,2026-01-25 10:54:40,Security Update,Drifted,CIS,1,0,0,0,LOW,[],68.76,HIGH,64.69,0.0291,False,42.76,30.48,LOW,"Weighted rule, ML risk, and behavioral anomaly signals",,,,,,
DRF00339,Control-72,Vulnerability,enabled=False,enabled=False,Modify,Medium,Pooja Bhat,pooja.bhat@company.com,Jason Ghosh,jason.ghosh@company.com,2026-01-25 10:54:40,Troubleshooting,Remediated,ISO,0,0,0,0,LOW,[],46.75,MEDIUM,69.61,0.0166,False,63.14,25.83,LOW,"Weighted rule, ML risk, and behavioral anomaly signals",,,,,,
DRF00049,Control-63,Firewall,enabled=False,enabled=False,Enable,Critical,George Clark,george.clark@company.com,Zainab Bhat,zainab.bhat@company.com,2026-01-25 10:54:40,Troubleshooting,Remediated,GDPR,0,0,0,0,LOW,[],50.8,MEDIUM,60.92,0.021,False,55.99,26.18,LOW,"Weighted rule, ML risk, and behavioral anomaly signals",,,,,,
DRF00042,Control-49,Firewall,enabled=False,enabled=True,Modify,Critical,Richard Lee,richard.lee@company.com,Zainab Harris,zainab.harris@company.com,2026-01-25 10:54:40,Emergency Fix,Under_Review,PCI,0,0,1,0,LOW,[],75.63,HIGH,62.11,0.0205,False,56.79,34.99,LOW,"Weighted rule, ML risk, and behavioral anomaly signals",,,,,,
DRF00151,Control-27,Endpoint,enabled=True,enabled=True,Modify,High,Joseph Moore,joseph.moore@company.com,Maria Lewis,maria.lewis@company.com,2026-01-26 10:54:40,Policy Change,Remediated,PCI,0,0,0,0,LOW,[],51.63,MEDIUM,56.51,0.0229,False,52.92,26.01,LOW,"Weighted rule, ML risk, and behavioral anomaly signals",,,,,,
DRF00291,Control-22,Logging,enabled=True,enabled=True,Disable,Low,Stephen Harris,stephen.harris@company.com,Kevin Young,kevin.young@company.com,2026-01-26 10:54:40,Policy Change,Under_Review,ISO,0,0,0,97,CRITICAL,"['aws logs put-retention-policy --log-group-name <group> --retention-in-days 365', 'az monitor diagnostic-settings create --name <setting> --resource <resource-id>']",68.01,HIGH,47.15,0.0359,False,31.67,92.0,CRITICAL,Mandatory priority floor applied for Audit Logging Disabled,,,,,,
DRF00120,Control-48,Endpoint,enabled=False,enabled=False,Update,Low,Harsh Das,harsh.das@company.com,William Williams,william.williams@company.com,2026-01-26 10:54:40,Security Update,Under_Review,NONE,1,0,0,0,LOW,[],27.75,LOW,62.97,0.0394,False,25.93,13.6,LOW,"Weighted rule, ML risk, and behavioral anomaly signals",,,,,,
DRF00430,Control-87,Encryption,enabled=True,enabled=True,Update,High,Jeffrey Martin,jeffrey.martin@company.com,Pooja Menon,pooja.menon@company.com,2026-01-26 10:54:40,Security Update,Drifted,CIS,1,0,0,0,LOW,[],64.77,HIGH,65.17,0.0465,False,14.37,24.82,LOW,"Weighted rule, ML risk, and behavioral anomaly signals",,,,,,
DRF00174,Control-34,DLP,enabled=True,enabled=True,Disable,Low,Raja Sanchez,raja.sanchez@company.com,Aditya Singh,aditya.singh@company.com,2026-01-26 10:54:40,Security Update,Drifted,CIS,1,0,0,86,HIGH,['restore DLP policy from policy-as-code and redeploy to sensitive data repositories'],66.06,MEDIUM,37.82,0.0337,False,35.22,71.4,HIGH,"Weighted rule, ML risk, and behavioral anomaly signals",,,,,,
DRF00386,Control-41,Vulnerability,enabled=False,enabled=True,Rollback,Critical,Aditya Robinson,aditya.robinson@company.com,Nadia Hernandez,nadia.hernandez@company.com,2026-01-27 10:54:40,Performance Tuning,Drifted,NIST,0,0,0,0,LOW,[],68.95,HIGH,76.26,0.0395,False,25.79,78.0,HIGH,Critical unresolved drift floor applied,,,,,,
DRF00379,Control-22,Cloud_Security,enabled=True,enabled=False,Disable,Medium,Nikhil Johnson,nikhil.johnson@company.com,Shruti Robinson,shruti.robinson@company.com,2026-01-27 10:54:40,Security Update,Mitigated,GDPR,1,0,0,88,HIGH,['restore cloud guardrail policy in policy-as-code and redeploy the policy template'],67.21,HIGH,58.11,0.0322,False,37.67,73.17,HIGH,"Weighted rule, ML risk, and behavioral anomaly signals",,,,,,
DRF00400,Control-68,Vulnerability,enabled=True,enabled=False,Rollback,Low,Larry Singh,larry.singh@company.com,Zainab Ghosh,zainab.ghosh@company.com,2026-01-27 10:54:40,Security Update,Under_Review,NIST,1,0,0,0,LOW,[],40.13,MEDIUM,63.83,0.0466,False,14.35,16.2,LOW,"Weighted rule, ML risk, and behavioral anomaly signals",,,,,,
DRF00175,Control-34,Endpoint,enabled=True,enabled=False,Remove,Medium,Thomas Clark,thomas.clark@company.com,Andrew Singh,andrew.singh@company.com,2026-01-27 10:54:40,Security Update,Under_Review,NONE,1,0,0,87,HIGH,['re-enable endpoint protection for the device and initiate a full malware scan'],58.7,MEDIUM,45.58,0.0365,False,30.75,68.66,HIGH,Unresolved medium-severity review floor applied,,,,,,
DRF00016,Control-89,Cloud_Security,enabled=True,enabled=True,Disable,High,Anjali Verma,anjali.verma@company.com,Vikram Reddy,vikram.reddy@company.com,2026-01-27 10:54:40,Performance Tuning,Compliant,PCI,0,0,0,88,HIGH,['restore cloud guardrail policy in policy-as-code and redeploy the policy template'],72.23,HIGH,54.92,0.0326,False,37.01,74.83,HIGH,"Weighted rule, ML risk, and behavioral anomaly signals",,,,,,
DRF00407,Control-93,Vulnerability,enabled=False,enabled=True,Rollback,Low,Richard Verma,richard.verma@company.com,Yuki Lee,yuki.lee@company.com,2026-01-27 10:54:40,Performance Tuning,Remediated,ISO,0,0,0,0,LOW,[],20.23,LOW,84.47,0.0352,False,32.86,12.01,LOW,"Weighted rule, ML risk, and behavioral anomaly signals",,,,,,
DRF00157,Control-76,Vulnerability,enabled=False,enabled=True,Remove,Medium,Isha Jackson,isha.jackson@company.com,Ronald Das,ronald.das@company.com,2026-01-28 10:54:40,Emergency Fix,Under_Review,NONE,0,0,1,0,LOW,[],57.87,MEDIUM,43.2,0.0495,False,9.58,42.0,MEDIUM,Unresolved medium-severity review floor applied,,,,,,
DRF00365,Control-54,Cloud_Security,enabled=True,enabled=True,Disable,High,Amara Kumar,amara.kumar@company.com,Christopher Thompson,christopher.thompson@company.com,2026-01-28 10:54:40,Performance Tuning,Under_Review,GDPR,0,0,0,88,HIGH,['restore cloud guardrail policy in policy-as-code and redeploy the policy template'],89.34,CRITICAL,69.95,0.0443,False,18.02,77.97,HIGH,"Weighted rule, ML risk, and behavioral anomaly signals",,,,,,
DRF00390,Control-97,Access_Control,enabled=True,enabled=False,Update,Info,James Bhat,james.bhat@company.com,Akshay Garcia,akshay.garcia@company.com,2026-01-28 10:54:40,Policy Change,Mitigated,ISO,0,0,0,0,LOW,[],19.96,LOW,84.5,0.0462,False,14.99,9.23,LOW,"Weighted rule, ML risk, and behavioral anomaly signals",,,,,,
DRF00052,Control-6,Logging,enabled=False,enabled=False,Disable,High,Rajesh Bhat,rajesh.bhat@company.com,Aisha Reddy,aisha.reddy@company.com,2026-01-28 10:54:40,Troubleshooting,Remediated,NIST,0,0,0,97,CRITICAL,"['aws logs put-retention-policy --log-group-name <group> --retention-in-days 365', 'az monitor diagnostic-settings create --name <setting> --resource <resource-id>']",72.7,HIGH,57.85,0.0408,False,23.68,92.0,CRITICAL,Mandatory priority floor applied for Audit Logging Disabled,,,,,,
DRF00058,Control-26,Logging,enabled=True,enabled=True,Disable,Medium,Amitabh Sharma,amitabh.sharma@company.com,Joshua Jones,joshua.jones@company.com,2026-01-28 10:54:40,Troubleshooting,Remediated,NIST,0,0,0,97,CRITICAL,"['aws logs put-retention-policy --log-group-name <group> --retention-in-days 365', 'az monitor diagnostic-settings create --name <setting> --resource <resource-id>']",65.17,HIGH,49.92,0.0408,False,23.68,92.0,CRITICAL,Mandatory priority floor applied for Audit Logging Disabled,,,,,,
DRF00288,Control-99,Endpoint,enabled=False,enabled=True,Remove,Medium,Nicholas Lopez,nicholas.lopez@company.com,Riya Mishra,riya.mishra@company.com,2026-01-28 10:54:40,Emergency Fix,Remediated,PCI,0,0,1,87,HIGH,['re-enable endpoint protection for the device and initiate a full malware scan'],55.39,MEDIUM,46.25,0.031,False,39.69,68.84,HIGH,"Weighted rule, ML risk, and behavioral anomaly signals",,,,,,
DRF00299,Control-97,Network_Segmentation,enabled=False,enabled=False,Disable,Info,Shruti Ramirez,shruti.ramirez@company.com,James Nair,james.nair@company.com,2026-01-29 10:54:40,Policy Change,Mitigated,NONE,0,0,0,0,LOW,[],37.4,LOW,47.5,0.0499,False,8.94,14.43,LOW,"Weighted rule, ML risk, and behavioral anomaly signals",,,,,,
DRF00489,Control-33,Access_Control,enabled=False,enabled=False,Enable,High,Jason Rao,jason.rao@company.com,Shruti Gonzalez,shruti.gonzalez@company.com,2026-01-29 10:54:40,Emergency Fix,Drifted,CIS,0,0,1,0,LOW,[],64.64,HIGH,62.03,0.0356,False,32.12,27.44,LOW,"Weighted rule, ML risk, and behavioral anomaly signals",,,,,,
DRF00467,Control-20,Vulnerability,enabled=False,enabled=True,Enable,High,Meera Mishra,meera.mishra@company.com,George Nair,george.nair@company.com,2026-01-29 10:54:40,Policy Change,Drifted,PCI,0,0,0,0,LOW,[],63.32,HIGH,62.31,0.0515,False,6.25,23.1,LOW,"Weighted rule, ML risk, and behavioral anomaly signals",,,,,,
DRF00359,Control-92,Firewall,enabled=True,enabled=False,Modify,Critical,Timothy Iyer,timothy.iyer@company.com,Matthew Jackson,matthew.jackson@company.com,2026-01-29 10:54:40,Security Update,Remediated,GDPR,1,0,0,0,LOW,[],51.19,MEDIUM,52.9,0.0479,False,12.22,19.75,LOW,"Weighted rule, ML risk, and behavioral anomaly signals",,,,,,
DRF00458,Control-94,DLP,enabled=True,enabled=True,Rollback,Low,Leila Martin,leila.martin@company.com,Eric Smith,eric.smith@company.com,2026-01-30 10:54:40,Policy Change,Remediated,NIST,0,0,0,0,LOW,[],23.58,LOW,76.26,0.0412,False,23.08,11.71,LOW,"Weighted rule, ML risk, and behavioral anomaly signals",,,,,,
DRF00182,Control-8,Access_Control,enabled=True,enabled=False,Remove,Info,Gary Rodriguez,gary.rodriguez@company.com,Nisha Sharma,nisha.sharma@company.com,2026-01-30 10:54:40,Security Update,Mitigated,PCI,1,0,0,0,LOW,[],50.44,MEDIUM,54.46,0.0559,False,0.0,17.65,LOW,"Weighted rule, ML risk, and behavioral anomaly signals",,,,,,
DRF00154,Control-34,Data_Protection,enabled=True,enabled=False,Modify,Low,William Verma,william.verma@company.com,Akshay Lopez,akshay.lopez@company.com,2026-01-30 10:54:40,Troubleshooting,Remediated,NONE,0,0,0,0,LOW,[],23.22,LOW,77.58,0.0376,False,28.97,12.47,LOW,"Weighted rule, ML risk, and behavioral anomaly signals",,,,,,
DRF00203,Control-22,Encryption,enabled=True,enabled=True,Rollback,Medium,Edward Das,edward.das@company.com,Gary Young,gary.young@company.com,2026-01-31 10:54:40,Emergency Fix,Under_Review,CIS,0,0,1,0,LOW,[],49.95,MEDIUM,59.59,0.0297,False,41.82,42.0,MEDIUM,Unresolved medium-severity review floor applied,,,,,,
DRF00013,Control-59,Logging,enabled=True,enabled=False,Modify,Low,Amara Singh,amara.singh@company.com,Jacob Garcia,jacob.garcia@company.com,2026-01-31 10:54:40,Policy Change,Under_Review,GDPR,0,0,0,0,LOW,[],47.44,MEDIUM,68.19,0.0179,False,61.02,25.76,LOW,"Weighted rule, ML risk, and behavioral anomaly signals",,,,,,
DRF00443,Control-35,Cloud_Security,enabled=False,enabled=True,Disable,Medium,Fatima Gonzalez,fatima.gonzalez@company.com,Ryan Reddy,ryan.reddy@company.com,2026-01-31 10:54:40,Emergency Fix,Compliant,GDPR,0,0,1,88,HIGH,['restore cloud guardrail policy in policy-as-code and redeploy the policy template'],65.38,HIGH,49.24,0.0253,False,48.93,74.22,HIGH,"Weighted rule, ML risk, and behavioral anomaly signals",,,,,,
DRF00170,Control-3,Endpoint,enabled=True,enabled=False,Rollback,Critical,Varun Lopez,varun.lopez@company.com,Maria Miller,maria.miller@company.com,2026-01-31 10:54:40,Security Update,Remediated,CIS,1,0,0,0,LOW,[],53.2,MEDIUM,45.44,0.0259,False,48.03,25.82,LOW,"Weighted rule, ML risk, and behavioral anomaly signals",,,,,,
DRF00098,Control-84,Encryption,enabled=True,enabled=True,Update,Info,Shruti Ramirez,shruti.ramirez@company.com,Daniel Bhat,daniel.bhat@company.com,2026-01-31 10:54:40,Security Update,Compliant,GDPR,1,0,0,0,LOW,[],20.66,LOW,82.9,0.0258,False,48.16,14.45,LOW,"Weighted rule, ML risk, and behavioral anomaly signals",,,,,,
DRF00355,Control-56,Firewall,enabled=True,enabled=False,Remove,Info,Riya Smith,riya.smith@company.com,Yuki Iyer,yuki.iyer@company.com,2026-01-31 10:54:40,Policy Change,Compliant,NIST,0,0,0,0,LOW,[],41.49,LOW,38.93,0.0355,False,32.32,19.37,LOW,"Weighted rule, ML risk, and behavioral anomaly signals",,,,,,
DRF00342,Control-54,DLP,enabled=False,enabled=False,Remove,Medium,Brian Gupta,brian.gupta@company.com,Karan White,karan.white@company.com,2026-01-31 10:54:40,Security Update,Compliant,NIST,1,0,0,86,HIGH,['restore DLP policy from policy-as-code and redeploy to sensitive data repositories'],44.92,LOW,37.75,0.0313,False,39.15,64.59,MEDIUM,"Weighted rule, ML risk, and behavioral anomaly signals",,,,,,
DRF00307,Control-17,Encryption,enabled=False,enabled=True,Enable,Low,Daniel Anderson,daniel.anderson@company.com,Nadia Mishra,nadia.mishra@company.com,2026-01-31 10:54:40,Emergency Fix,Mitigated,NONE,0,0,1,98,CRITICAL,"['aws kms enable-key-rotation --key-id <key-id>', 'gcloud kms keys update <key-name> --protection-level=hsm']",19.95,LOW,84.22,0.0331,False,36.33,93.0,CRITICAL,Mandatory priority floor applied for Encryption Downgrade,,,,,,
DRF00324,Control-9,Logging,enabled=False,enabled=False,Update,High,Christopher Mishra,christopher.mishra@company.com,Varun Bhat,varun.bhat@company.com,2026-02-01 10:54:40,Troubleshooting,Remediated,NONE,0,0,0,0,LOW,[],41.8,MEDIUM,70.43,0.0198,False,57.87,23.31,LOW,"Weighted rule, ML risk, and behavioral anomaly signals",,,,,,
DRF00280,Control-20,Encryption,enabled=True,enabled=False,Disable,Medium,Sophia Singh,sophia.singh@company.com,Jacob Iyer,jacob.iyer@company.com,2026-02-01 10:54:40,Emergency Fix,Compliant,GDPR,0,0,1,98,CRITICAL,"['aws kms enable-key-rotation --key-id <key-id>', 'gcloud kms keys update <key-name> --protection-level=hsm']",63.54,HIGH,50.93,0.0183,False,60.37,93.0,CRITICAL,Mandatory priority floor applied for Encryption Downgrade,,,,,,
DRF00340,Control-78,Vulnerability,enabled=False,enabled=True,Modify,Critical,Shruti Jackson,shruti.jackson@company.com,Kenneth Lopez,kenneth.lopez@company.com,2026-02-01 10:54:40,Troubleshooting,Mitigated,ISO,0,0,0,0,LOW,[],65.87,HIGH,65.27,0.0199,False,57.8,31.72,LOW,"Weighted rule, ML risk, and behavioral anomaly signals",,,,,,
DRF00191,Control-62,Firewall,enabled=True,enabled=True,Enable,Low,Fatima Sharma,fatima.sharma@company.com,Eric Ghosh,eric.ghosh@company.com,2026-02-01 10:54:40,Security Update,Under_Review,CIS,1,0,0,0,LOW,[],37.67,MEDIUM,62.5,0.0195,False,58.4,21.94,LOW,"Weighted rule, ML risk, and behavioral anomaly signals",,,,,,
DRF00045,Control-14,Endpoint,enabled=True,enabled=True,Rollback,Medium,Ryan Taylor,ryan.taylor@company.com,Edward Thompson,edward.thompson@company.com,2026-02-01 10:54:40,Performance Tuning,Compliant,CIS,0,0,0,0,LOW,[],43.16,MEDIUM,69.33,0.0163,False,63.67,24.66,LOW,"Weighted rule, ML risk, and behavioral anomaly signals",,,,,,
DRF00332,Control-88,Endpoint,enabled=False,enabled=False,Remove,High,Leila Lee,leila.lee@company.com,Yuki Das,yuki.das@company.com,2026-02-02 10:54:40,Policy Change,Remediated,NONE,0,0,0,87,HIGH,['re-enable endpoint protection for the device and initiate a full malware scan'],60.55,HIGH,39.95,0.0434,False,19.52,67.62,HIGH,"Weighted rule, ML risk, and behavioral anomaly signals",,,,,,
DRF00389,Control-96,Cloud_Security,enabled=False,enabled=False,Disable,High,Rajesh Das,rajesh.das@company.com,Nisha Wilson,nisha.wilson@company.com,2026-02-02 10:54:40,Emergency Fix,Under_Review,NIST,0,0,1,88,HIGH,['restore cloud guardrail policy in policy-as-code and redeploy the policy template'],90.13,CRITICAL,73.04,0.031,False,39.65,81.49,HIGH,"Weighted rule, ML risk, and behavioral anomaly signals",,,,,,
DRF00441,Control-17,Logging,enabled=False,enabled=True,Modify,Medium,Neha Gonzalez,neha.gonzalez@company.com,Nisha Das,nisha.das@company.com,2026-02-02 10:54:40,Performance Tuning,Drifted,GDPR,0,0,0,0,LOW,[],61.43,MEDIUM,46.04,0.0326,False,37.13,27.07,LOW,"Weighted rule, ML risk, and behavioral anomaly signals",,,,,,
DRF00466,Control-42,Logging,enabled=False,enabled=False,Enable,Critical,Elena Rodriguez,elena.rodriguez@company.com,Aditya Lewis,aditya.lewis@company.com,2026-02-02 10:54:40,Troubleshooting,Mitigated,GDPR,0,0,0,0,LOW,[],49.97,MEDIUM,59.07,0.0356,False,32.15,22.31,LOW,"Weighted rule, ML risk, and behavioral anomaly signals",,,,,,
DRF00219,Control-51,DLP,enabled=False,enabled=True,Enable,Medium,Amara Thomas,amara.thomas@company.com,Brian Verma,brian.verma@company.com,2026-02-03 10:54:40,Emergency Fix,Mitigated,CIS,0,0,1,0,LOW,[],40.18,MEDIUM,68.19,0.0365,False,30.75,18.68,LOW,"Weighted rule, ML risk, and behavioral anomaly signals",,,,,,
DRF00325,Control-95,Access_Control,enabled=False,enabled=True,Disable,Low,Nisha Lewis,nisha.lewis@company.com,Riya Kumar,riya.kumar@company.com,2026-02-03 10:54:40,Troubleshooting,Drifted,CIS,0,0,0,0,LOW,[],73.32,HIGH,53.78,0.0339,False,34.99,30.91,LOW,"Weighted rule, ML risk, and behavioral anomaly signals",,,,,,
DRF00358,Control-55,Cloud_Security,enabled=True,enabled=True,Update,Medium,George Bhat,george.bhat@company.com,Nicholas Lopez,nicholas.lopez@company.com,2026-02-03 10:54:40,Emergency Fix,Under_Review,NIST,1,0,1,0,LOW,[],47.92,MEDIUM,75.17,0.0442,False,18.24,42.0,MEDIUM,Unresolved medium-severity review floor applied,,,,,,
DRF00177,Control-97,Encryption,enabled=True,enabled=True,Modify,Critical,Charles Rao,charles.rao@company.com,William Sharma,william.sharma@company.com,2026-02-03 10:54:40,Policy Change,Remediated,CIS,0,0,0,0,LOW,[],62.89,HIGH,59.4,0.0512,False,6.78,23.03,LOW,"Weighted rule, ML risk, and behavioral anomaly signals",,,,,,
DRF00103,Control-26,Encryption,enabled=True,enabled=False,Rollback,Medium,Maria Singh,maria.singh@company.com,Paul Pillai,paul.pillai@company.com,2026-02-03 10:54:40,Performance Tuning,Compliant,GDPR,0,0,0,98,CRITICAL,"['aws kms enable-key-rotation --key-id <key-id>', 'gcloud kms keys update <key-name> --protection-level=hsm']",34.85,MEDIUM,51.99,0.0427,False,20.57,93.0,CRITICAL,Mandatory priority floor applied for Encryption Downgrade,,,,,,
DRF00091,Control-40,Cloud_Security,enabled=False,enabled=True,Disable,Medium,Isha Gonzalez,isha.gonzalez@company.com,Raja Jones,raja.jones@company.com,2026-02-03 10:54:40,Emergency Fix,Remediated,CIS,0,0,1,88,HIGH,['restore cloud guardrail policy in policy-as-code and redeploy the policy template'],65.85,HIGH,55.91,0.0402,False,24.74,70.76,HIGH,"Weighted rule, ML risk, and behavioral anomaly signals",,,,,,
DRF00440,Control-4,Network_Segmentation,enabled=True,enabled=True,Modify,Medium,Stephen Patel,stephen.patel@company.com,William Clark,william.clark@company.com,2026-02-03 10:54:40,Emergency Fix,Mitigated,NONE,0,0,1,0,LOW,[],39.29,MEDIUM,62.92,0.0551,False,0.37,13.81,LOW,"Weighted rule, ML risk, and behavioral anomaly signals",,,,,,
DRF00231,Control-19,Access_Control,enabled=True,enabled=True,Disable,Low,Nisha Jones,nisha.jones@company.com,Richard Lee,richard.lee@company.com,2026-02-04 10:54:40,Emergency Fix,Under_Review,ISO,0,0,1,0,LOW,[],70.36,HIGH,62.05,0.0338,False,35.21,29.91,LOW,"Weighted rule, ML risk, and behavioral anomaly signals",,,,,,
DRF00439,Control-17,Access_Control,enabled=True,enabled=False,Disable,Critical,Robert Perez,robert.perez@company.com,Timothy Williams,timothy.williams@company.com,2026-02-04 10:54:40,Security Update,Under_Review,NONE,1,0,0,0,LOW,[],85.15,CRITICAL,69.02,0.0471,False,13.45,31.82,LOW,"Weighted rule, ML risk, and behavioral anomaly signals",,,,,,
DRF00090,Control-5,Endpoint,enabled=False,enabled=False,Rollback,High,William Williams,william.williams@company.com,Anthony Kumar,anthony.kumar@company.com,2026-02-04 10:54:40,Emergency Fix,Compliant,PCI,0,0,1,0,LOW,[],46.22,MEDIUM,70.9,0.0306,False,40.27,22.22,LOW,"Weighted rule, ML risk, and behavioral anomaly signals",,,,,,
DRF00075,Control-86,Data_Protection,enabled=True,enabled=True,Rollback,Low,Charles Gupta,charles.gupta@company.com,Anthony Mishra,anthony.mishra@company.com,2026-02-04 10:54:40,Performance Tuning,Under_Review,PCI,0,0,0,0,LOW,[],39.66,MEDIUM,59.27,0.0387,False,27.18,17.96,LOW,"Weighted rule, ML risk, and behavioral anomaly signals",,,,,,
DRF00328,Control-12,Cloud_Security,enabled=False,enabled=True,Enable,Info,Christopher Sanchez,christopher.sanchez@company.com,Neha Iyer,neha.iyer@company.com,2026-02-05 10:54:40,Security Update,Compliant,ISO,1,0,0,0,LOW,[],18.47,LOW,90.25,0.0316,False,38.79,12.28,LOW,"Weighted rule, ML risk, and behavioral anomaly signals",,,,,,
DRF00144,Control-8,Encryption,enabled=False,enabled=True,Enable,Critical,Akshay Reddy,akshay.reddy@company.com,Daniel Ramirez,daniel.ramirez@company.com,2026-02-05 10:54:40,Emergency Fix,Mitigated,NONE,0,0,1,98,CRITICAL,"['aws kms enable-key-rotation --key-id <key-id>', 'gcloud kms keys update <key-name> --protection-level=hsm']",42.39,MEDIUM,56.69,0.0476,False,12.71,93.0,CRITICAL,Mandatory priority floor applied for Encryption Downgrade,,,,,,
DRF00201,Control-75,DLP,enabled=True,enabled=False,Enable,Low,Pooja Patel,pooja.patel@company.com,Varun Verma,varun.verma@company.com,2026-02-05 10:54:40,Troubleshooting,Compliant,ISO,0,0,0,0,LOW,[],18.32,LOW,89.97,0.0429,False,20.3,9.46,LOW,"Weighted rule, ML risk, and behavioral anomaly signals",,,,,,
DRF00460,Control-50,Access_Control,enabled=True,enabled=True,Modify,High,Stephen Sharma,stephen.sharma@company.com,Joseph Martinez,joseph.martinez@company.com,2026-02-05 10:54:40,Security Update,Compliant,NONE,1,0,0,0,LOW,[],35.4,MEDIUM,45.51,0.0538,False,2.55,12.77,LOW,"Weighted rule, ML risk, and behavioral anomaly signals",,,,,,
DRF00497,Control-10,Cloud_Security,enabled=False,enabled=False,Update,High,Kenneth Wilson,kenneth.wilson@company.com,Shruti Ramirez,shruti.ramirez@company.com,2026-02-05 10:54:40,Policy Change,Compliant,PCI,1,0,0,0,LOW,[],42.32,MEDIUM,66.3,0.0443,False,17.99,17.51,LOW,"Weighted rule, ML risk, and behavioral anomaly signals",,,,,,
DRF00057,Control-76,Cloud_Security,enabled=True,enabled=True,Rollback,Critical,Stephen Menon,stephen.menon@company.com,Rohan Wilson,rohan.wilson@company.com,2026-02-05 10:54:40,Emergency Fix,Mitigated,ISO,0,0,1,0,LOW,[],57.12,HIGH,45.47,0.0383,False,27.76,24.16,LOW,"Weighted rule, ML risk, and behavioral anomaly signals",,,,,,
DRF00318,Control-86,Access_Control,enabled=True,enabled=True,Rollback,Low,Diya Kumar,diya.kumar@company.com,Yuki Sharma,yuki.sharma@company.com,2026-02-05 10:54:40,Policy Change,Drifted,CIS,0,0,0,0,LOW,[],41.84,MEDIUM,63.5,0.0483,False,11.46,16.36,LOW,"Weighted rule, ML risk, and behavioral anomaly signals",,,,,,
DRF00277,Control-20,Cloud_Security,enabled=True,enabled=False,Modify,Info,Donald Jackson,donald.jackson@company.com,Brian Johnson,brian.johnson@company.com,2026-02-06 10:54:40,Policy Change,Remediated,PCI,0,0,0,0,LOW,[],30.61,LOW,63.84,0.0468,False,14.03,12.82,LOW,"Weighted rule, ML risk, and behavioral anomaly signals",,,,,,
DRF00262,Control-65,Endpoint,enabled=False,enabled=True,Update,Low,Aditya Singh,aditya.singh@company.com,Christopher Williams,christopher.williams@company.com,2026-02-06 10:54:40,Performance Tuning,Remediated,PCI,0,0,0,0,LOW,[],18.81,LOW,87.96,0.0371,False,29.74,11.04,LOW,"Weighted rule, ML risk, and behavioral anomaly signals",,,,,,
DRF00004,Control-14,Network_Segmentation,enabled=False,enabled=True,Remove,Critical,Nicholas Moore,nicholas.moore@company.com,Riya Kumar,riya.kumar@company.com,2026-02-06 10:54:40,Emergency Fix,Remediated,NONE,0,0,1,0,LOW,[],67.02,HIGH,43.19,0.0531,False,3.63,24.0,LOW,"Weighted rule, ML risk, and behavioral anomaly signals",,,,,,
DRF00073,Control-59,Access_Control,enabled=False,enabled=False,Enable,Medium,Jason Menon,jason.menon@company.com,Leila Taylor,leila.taylor@company.com,2026-02-06 10:54:40,Security Update,Drifted,PCI,1,0,0,0,LOW,[],46.69,MEDIUM,69.93,0.0486,False,10.99,17.99,LOW,"Weighted rule, ML risk, and behavioral anomaly signals",,,,,,
DRF00393,Control-42,Cloud_Security,enabled=False,enabled=False,Enable,Medium,Amitabh Verma,amitabh.verma@company.com,Daniel Taylor,daniel.taylor@company.com,2026-02-06 10:54:40,Troubleshooting,Under_Review,NONE,0,0,0,0,LOW,[],38.84,MEDIUM,58.35,0.0408,False,23.76,42.0,MEDIUM,Unresolved medium-severity review floor applied,,,,,,
DRF00166,Control-51,Access_Control,enabled=False,enabled=False,Rollback,Low,Michael Johnson,michael.johnson@company.com,Nadia Johnson,nadia.johnson@company.com,2026-02-06 10:54:40,Performance Tuning,Mitigated,NONE,0,0,0,0,LOW,[],25.09,LOW,70.15,0.0542,False,1.94,9.07,LOW,"Weighted rule, ML risk, and behavioral anomaly signals",,,,,,
DRF00043,Control-17,Data_Protection,enabled=False,enabled=True,Rollback,High,Robert Thompson,robert.thompson@company.com,Jason Gupta,jason.gupta@company.com,2026-02-06 10:54:40,Emergency Fix,Remediated,NONE,0,0,1,0,LOW,[],42.95,MEDIUM,66.78,0.0525,False,4.66,15.73,LOW,"Weighted rule, ML risk, and behavioral anomaly signals",,,,,,
DRF00490,Control-11,Vulnerability,enabled=True,enabled=True,Rollback,High,Rajesh Martin,rajesh.martin@company.com,Anthony Brown,anthony.brown@company.com,2026-02-06 10:54:40,Troubleshooting,Compliant,NONE,0,0,0,0,LOW,[],43.36,MEDIUM,73.55,0.0559,False,0.0,15.18,LOW,"Weighted rule, ML risk, and behavioral anomaly signals",,,,,,
DRF00065,Control-74,Logging,enabled=True,enabled=True,Disable,High,Neha Anderson,neha.anderson@company.com,Daniel Bhat,daniel.bhat@company.com,2026-02-07 10:54:40,Policy Change,Drifted,GDPR,0,0,0,97,CRITICAL,"['aws logs put-retention-policy --log-group-name <group> --retention-in-days 365', 'az monitor diagnostic-settings create --name <setting> --resource <resource-id>']",94.78,CRITICAL,88.77,0.0386,False,27.28,92.0,CRITICAL,Mandatory priority floor applied for Audit Logging Disabled,,,,,,
DRF00031,Control-99,Firewall,enabled=True,enabled=False,Remove,Medium,Daniel Verma,daniel.verma@company.com,Yuki Gupta,yuki.gupta@company.com,2026-02-07 10:54:40,Emergency Fix,Under_Review,PCI,0,0,1,0,LOW,[],75.23,HIGH,54.52,0.0328,False,36.82,42.0,MEDIUM,Unresolved medium-severity review floor applied,,,,,,
DRF00261,Control-78,Access_Control,enabled=True,enabled=True,Rollback,High,Yuki Bhat,yuki.bhat@company.com,Sanjana Kumar,sanjana.kumar@company.com,2026-02-07 10:54:40,Policy Change,Mitigated,NIST,0,0,0,0,LOW,[],54.45,MEDIUM,47.15,0.0394,False,26.05,22.96,LOW,"Weighted rule, ML risk, and behavioral anomaly signals",,,,,,
DRF00431,Control-63,Logging,enabled=True,enabled=True,Update,Info,David Nair,david.nair@company.com,Arjun Martin,arjun.martin@company.com,2026-02-07 10:54:40,Emergency Fix,Mitigated,NONE,0,0,1,0,LOW,[],20.2,LOW,83.7,0.0369,False,30.08,11.58,LOW,"Weighted rule, ML risk, and behavioral anomaly signals",,,,,,
DRF00129,Control-70,DLP,enabled=True,enabled=False,Update,Medium,Sanjana Reddy,sanjana.reddy@company.com,Sanjana Williams,sanjana.williams@company.com,2026-02-07 10:54:40,Performance Tuning,Under_Review,CIS,0,0,0,0,LOW,[],49.32,MEDIUM,69.82,0.0224,False,53.63,42.0,MEDIUM,Unresolved medium-severity review floor applied,,,,,,
DRF00078,Control-73,DLP,enabled=False,enabled=True,Enable,Medium,Sophia Jackson,sophia.jackson@company.com,Aditya Ghosh,aditya.ghosh@company.com,2026-02-07 10:54:40,Troubleshooting,Compliant,CIS,0,0,0,0,LOW,[],36.14,MEDIUM,54.2,0.0278,False,44.85,19.38,LOW,"Weighted rule, ML risk, and behavioral anomaly signals",,,,,,
DRF00251,Control-19,Network_Segmentation,enabled=False,enabled=True,Modify,Medium,Anthony Ramirez,anthony.ramirez@company.com,Thomas Brown,thomas.brown@company.com,2026-02-07 10:54:40,Performance Tuning,Compliant,NIST,0,0,0,0,LOW,[],44.19,MEDIUM,57.48,0.0234,False,52.07,23.28,LOW,"Weighted rule, ML risk, and behavioral anomaly signals",,,,,,
DRF00139,Control-9,Cloud_Security,enabled=True,enabled=True,Remove,High,Richard Young,richard.young@company.com,Shruti Anderson,shruti.anderson@company.com,2026-02-07 10:54:40,Troubleshooting,Under_Review,ISO,0,0,0,88,HIGH,['restore cloud guardrail policy in policy-as-code and redeploy the policy template'],91.86,CRITICAL,80.69,0.0244,False,50.51,83.73,HIGH,"Weighted rule, ML risk, and behavioral anomaly signals",,,,,,
DRF00000,Control-83,Access_Control,enabled=True,enabled=True,Update,Medium,Pooja Lewis,pooja.lewis@company.com,Thomas Iyer,thomas.iyer@company.com,2026-02-08 10:54:40,Troubleshooting,Remediated,ISO,0,0,0,0,LOW,[],36.06,MEDIUM,49.77,0.0175,False,61.77,21.89,LOW,"Weighted rule, ML risk, and behavioral anomaly signals",,,,,,
DRF00242,Control-16,Access_Control,enabled=True,enabled=True,Disable,High,Matthew Johnson,matthew.johnson@company.com,Nadia Gupta,nadia.gupta@company.com,2026-02-08 10:54:40,Policy Change,Drifted,PCI,0,0,0,0,LOW,[],95.03,CRITICAL,89.52,0.0318,False,38.45,39.03,LOW,"Weighted rule, ML risk, and behavioral anomaly signals",,,,,,
DRF00044,Control-34,Encryption,enabled=False,enabled=True,Modify,High,Eric Reddy,eric.reddy@company.com,Deepika Kumar,deepika.kumar@company.com,2026-02-08 10:54:40,Security Update,Under_Review,CIS,1,0,0,98,CRITICAL,"['aws kms enable-key-rotation --key-id <key-id>', 'gcloud kms keys update <key-name> --protection-level=hsm']",69.65,HIGH,68.66,0.0161,False,64.01,93.0,CRITICAL,Mandatory priority floor applied for Encryption Downgrade,,,,,,
DRF00341,Control-47,Network_Segmentation,enabled=True,enabled=True,Update,Info,Arjun Ramirez,arjun.ramirez@company.com,Eric Sharma,eric.sharma@company.com,2026-02-08 10:54:40,Policy Change,Compliant,ISO,0,0,0,0,LOW,[],23.89,LOW,73.19,0.0167,False,62.95,17.8,LOW,"Weighted rule, ML risk, and behavioral anomaly signals",,,,,,
DRF00130,Control-44,Vulnerability,enabled=True,enabled=False,Rollback,Critical,Deepika Lee,deepika.lee@company.com,Aisha Mishra,aisha.mishra@company.com,2026-02-08 10:54:40,Policy Change,Compliant,CIS,0,0,0,0,LOW,[],60.97,HIGH,55.39,0.0396,False,25.77,25.2,LOW,"Weighted rule, ML risk, and behavioral anomaly signals",,,,,,
DRF00145,Control-1,Cloud_Security,enabled=False,enabled=True,Enable,Info,Riya Smith,riya.smith@company.com,Aisha Gonzalez,aisha.gonzalez@company.com,2026-02-08 10:54:40,Emergency Fix,Compliant,ISO,0,0,1,0,LOW,[],23.83,LOW,75.13,0.0075,False,77.9,20.03,LOW,"Weighted rule, ML risk, and behavioral anomaly signals",,,,,,
DRF00202,Control-81,Firewall,enabled=True,enabled=True,Modify,High,David Ghosh,david.ghosh@company.com,Andrew Rodriguez,andrew.rodriguez@company.com,2026-02-08 10:54:40,Troubleshooting,Mitigated,NONE,0,0,0,0,LOW,[],52.8,MEDIUM,60.31,0.0313,False,39.22,24.36,LOW,"Weighted rule, ML risk, and behavioral anomaly signals",,,,,,
DRF00403,Control-19,Encryption,enabled=False,enabled=True,Update,Critical,Fatima Robinson,fatima.robinson@company.com,Timothy Reddy,timothy.reddy@company.com,2026-02-09 10:54:40,Troubleshooting,Remediated,NONE,0,0,0,98,CRITICAL,"['aws kms enable-key-rotation --key-id <key-id>', 'gcloud kms keys update <key-name> --protection-level=hsm']",42.71,MEDIUM,61.82,0.0366,False,30.52,93.0,CRITICAL,Mandatory priority floor applied for Encryption Downgrade,,,,,,
DRF00246,Control-98,DLP,enabled=True,enabled=False,Disable,High,Kevin Clark,kevin.clark@company.com,Ronald Lopez,ronald.lopez@company.com,2026-02-09 10:54:40,Performance Tuning,Compliant,CIS,0,0,0,86,HIGH,['restore DLP policy from policy-as-code and redeploy to sensitive data repositories'],65.92,HIGH,48.22,0.0377,False,28.72,70.38,HIGH,"Weighted rule, ML risk, and behavioral anomaly signals",,,,,,
DRF00444,Control-41,Logging,enabled=True,enabled=False,Disable,Medium,Jonathan Davis,jonathan.davis@company.com,Steven Hernandez,steven.hernandez@company.com,2026-02-09 10:54:40,Policy Change,Drifted,PCI,0,0,0,97,CRITICAL,"['aws logs put-retention-policy --log-group-name <group> --retention-in-days 365', 'az monitor diagnostic-settings create --name <setting> --resource <resource-id>']",87.3,CRITICAL,65.9,0.0426,False,20.77,92.0,CRITICAL,Mandatory priority floor applied for Audit Logging Disabled,,,,,,
DRF00221,Control-25,Vulnerability,enabled=True,enabled=True,Modify,Critical,Nadia Pillai,nadia.pillai@company.com,Charles Sanchez,charles.sanchez@company.com,2026-02-09 10:54:40,Emergency Fix,Under_Review,ISO,0,0,1,0,LOW,[],70.9,HIGH,67.52,0.0352,False,32.89,29.75,LOW,"Weighted rule, ML risk, and behavioral anomaly signals",,,,,,
DRF00461,Control-36,Firewall,enabled=False,enabled=False,Modify,High,Diya Anderson,diya.anderson@company.com,Maria Pillai,maria.pillai@company.com,2026-02-09 10:54:40,Policy Change,Drifted,GDPR,0,0,0,0,LOW,[],73.21,HIGH,60.99,0.0511,False,7.01,26.67,LOW,"Weighted rule, ML risk, and behavioral anomaly signals",,,,,,
DRF00053,Control-94,Network_Segmentation,enabled=True,enabled=True,Modify,Medium,Paul Perez,paul.perez@company.com,Daniel Garcia,daniel.garcia@company.com,2026-02-10 10:54:40,Emergency Fix,Under_Review,GDPR,0,0,1,0,LOW,[],56.02,MEDIUM,57.98,0.0472,False,13.34,42.0,MEDIUM,Unresolved medium-severity review floor applied,,,,,,
DRF00309,Control-18,Logging,enabled=True,enabled=True,Rollback,Low,Michael Sanchez,michael.sanchez@company.com,Sophia Garcia,sophia.garcia@company.com,2026-02-10 10:54:40,Policy Change,Mitigated,ISO,0,0,0,0,LOW,[],26.63,LOW,67.31,0.0261,False,47.7,16.48,LOW,"Weighted rule, ML risk, and behavioral anomaly signals",,,,,,
DRF00474,Control-5,Encryption,enabled=True,enabled=True,Remove,Medium,Fatima Davis,fatima.davis@company.com,Michael Nair,michael.nair@company.com,2026-02-11 10:54:40,Security Update,Mitigated,PCI,1,0,0,0,LOW,[],62.93,HIGH,57.22,0.0428,False,20.43,25.09,LOW,"Weighted rule, ML risk, and behavioral anomaly signals",,,,,,
DRF00188,Control-46,Access_Control,enabled=False,enabled=True,Enable,Medium,Gary Singh,gary.singh@company.com,George Sanchez,george.sanchez@company.com,2026-02-11 10:54:40,Performance Tuning,Compliant,NONE,0,0,0,0,LOW,[],22.17,LOW,78.21,0.0425,False,20.96,10.9,LOW,"Weighted rule, ML risk, and behavioral anomaly signals",,,,,,
DRF00406,Control-81,Vulnerability,enabled=False,enabled=False,Update,Medium,Arjun Gonzalez,arjun.gonzalez@company.com,Priya Moore,priya.moore@company.com,2026-02-11 10:54:40,Security Update,Under_Review,GDPR,1,0,0,0,LOW,[],44.82,MEDIUM,73.75,0.0535,False,2.98,42.0,MEDIUM,Unresolved medium-severity review floor applied,,,,,,
DRF00356,Control-18,Endpoint,enabled=True,enabled=False,Enable,Critical,Sanjana Thompson,sanjana.thompson@company.com,Brian Garcia,brian.garcia@company.com,2026-02-11 10:54:40,Troubleshooting,Drifted,ISO,0,0,0,0,LOW,[],66.82,HIGH,71.85,0.0301,False,41.19,78.0,HIGH,Critical unresolved drift floor applied,,,,,,
DRF00197,Control-13,Endpoint,enabled=True,enabled=False,Update,Low,Edward Taylor,edward.taylor@company.com,Nadia Brown,nadia.brown@company.com,2026-02-11 10:54:40,Troubleshooting,Mitigated,PCI,0,0,0,0,LOW,[],21.55,LOW,80.17,0.0366,False,30.54,12.12,LOW,"Weighted rule, ML risk, and behavioral anomaly signals",,,,,,
DRF00418,Control-71,Network_Segmentation,enabled=True,enabled=False,Update,Info,Akshay Wilson,akshay.wilson@company.com,Arjun Mishra,arjun.mishra@company.com,2026-02-12 10:54:40,Performance Tuning,Mitigated,PCI,0,0,0,0,LOW,[],20.52,LOW,83.5,0.0483,False,11.49,8.91,LOW,"Weighted rule, ML risk, and behavioral anomaly signals",,,,,,
DRF00412,Control-82,Data_Protection,enabled=False,enabled=True,Disable,Low,Edward Gonzalez,edward.gonzalez@company.com,Neha Harris,neha.harris@company.com,2026-02-12 10:54:40,Security Update,Under_Review,PCI,1,0,0,0,LOW,[],67.83,HIGH,59.41,0.036,False,31.51,28.47,LOW,"Weighted rule, ML risk, and behavioral anomaly signals",,,,,,
DRF00244,Control-84,Encryption,enabled=True,enabled=True,Rollback,Low,Harsh Robinson,harsh.robinson@company.com,Edward Rao,edward.rao@company.com,2026-02-12 10:54:40,Emergency Fix,Under_Review,NONE,0,0,1,0,LOW,[],26.31,LOW,69.7,0.0538,False,2.54,9.59,LOW,"Weighted rule, ML risk, and behavioral anomaly signals",,,,,,
DRF00095,Control-12,Encryption,enabled=True,enabled=False,Rollback,High,Nadia Brown,nadia.brown@company.com,Sophia Patel,sophia.patel@company.com,2026-02-12 10:54:40,Performance Tuning,Mitigated,PCI,0,0,0,98,CRITICAL,"['aws kms enable-key-rotation --key-id <key-id>', 'gcloud kms keys update <key-name> --protection-level=hsm']",52.73,MEDIUM,48.57,0.0429,False,20.24,93.0,CRITICAL,Mandatory priority floor applied for Encryption Downgrade,,,,,,
DRF00257,Control-27,Network_Segmentation,enabled=False,enabled=True,Enable,Medium,Andrew Brown,andrew.brown@company.com,Stephen Smith,stephen.smith@company.com,2026-02-12 10:54:40,Performance Tuning,Under_Review,PCI,0,0,0,0,LOW,[],44.46,MEDIUM,64.66,0.0475,False,12.82,42.0,MEDIUM,Unresolved medium-severity review floor applied,,,,,,
DRF00122,Control-86,Cloud_Security,enabled=False,enabled=False,Update,Medium,Sanjana Hernandez,sanjana.hernandez@company.com,Timothy Anderson,timothy.anderson@company.com,2026-02-12 10:54:40,Emergency Fix,Under_Review,PCI,1,0,1,0,LOW,[],47.85,MEDIUM,75.51,0.0381,False,28.15,42.0,MEDIUM,Unresolved medium-severity review floor applied,,,,,,
DRF00228,Control-45,Vulnerability,enabled=False,enabled=True,Rollback,Medium,Nadia Gupta,nadia.gupta@company.com,Mark Lewis,mark.lewis@company.com,2026-02-13 10:54:40,Troubleshooting,Compliant,NIST,0,0,0,0,LOW,[],37.56,MEDIUM,58.16,0.0381,False,28.05,17.35,LOW,"Weighted rule, ML risk, and behavioral anomaly signals",,,,,,
DRF00423,Control-86,Endpoint,enabled=True,enabled=False,Remove,Critical,Meera Robinson,meera.robinson@company.com,Amitabh Verma,amitabh.verma@company.com,2026-02-13 10:54:40,Emergency Fix,Under_Review,GDPR,0,0,1,87,HIGH,['re-enable endpoint protection for the device and initiate a full malware scan'],85.17,CRITICAL,55.89,0.0384,False,27.64,77.46,HIGH,"Weighted rule, ML risk, and behavioral anomaly signals",,,,,,
DRF00354,Control-67,DLP,enabled=False,enabled=False,Update,Critical,Edward Brown,edward.brown@company.com,Timothy Lee,timothy.lee@company.com,2026-02-13 10:54:40,Performance Tuning,Drifted,NIST,0,0,0,0,LOW,[],67.03,HIGH,69.33,0.0382,False,27.9,78.0,HIGH,Critical unresolved drift floor applied,,,,,,
DRF00117,Control-70,DLP,enabled=True,enabled=True,Enable,Low,Diya Jones,diya.jones@company.com,Aditya Ramirez,aditya.ramirez@company.com,2026-02-14 10:54:40,Security Update,Remediated,NIST,1,0,0,0,LOW,[],18.53,LOW,89.2,0.0192,False,58.95,15.33,LOW,"Weighted rule, ML risk, and behavioral anomaly signals",,,,,,
DRF00207,Control-56,Endpoint,enabled=True,enabled=True,Rollback,High,Amara Mishra,amara.mishra@company.com,Isha Johnson,isha.johnson@company.com,2026-02-14 10:54:40,Troubleshooting,Remediated,NIST,0,0,0,0,LOW,[],49.71,MEDIUM,68.15,0.0287,False,43.41,23.91,LOW,"Weighted rule, ML risk, and behavioral anomaly signals",,,,,,
DRF00499,Control-81,Access_Control,enabled=False,enabled=False,Rollback,Critical,Fatima Verma,fatima.verma@company.com,Fatima Ghosh,fatima.ghosh@company.com,2026-02-14 10:54:40,Security Update,Mitigated,NONE,1,0,0,0,LOW,[],52.28,MEDIUM,47.52,0.0479,False,12.16,20.12,LOW,"Weighted rule, ML risk, and behavioral anomaly signals",,,,,,
DRF00305,Control-51,Access_Control,enabled=False,enabled=True,Modify,Low,Stephen Rodriguez,stephen.rodriguez@company.com,Jacob Johnson,jacob.johnson@company.com,2026-02-15 10:54:40,Emergency Fix,Remediated,GDPR,0,0,1,0,LOW,[],35.76,MEDIUM,52.01,0.0193,False,58.73,21.33,LOW,"Weighted rule, ML risk, and behavioral anomaly signals",,,,,,
DRF00022,Control-16,Cloud_Security,enabled=True,enabled=True,Remove,Medium,David Verma,david.verma@company.com,George Martin,george.martin@company.com,2026-02-15 10:54:40,Troubleshooting,Drifted,NONE,0,0,0,88,HIGH,['restore cloud guardrail policy in policy-as-code and redeploy the policy template'],71.77,HIGH,52.27,0.0243,False,50.68,76.72,HIGH,"Weighted rule, ML risk, and behavioral anomaly signals",,,,,,
DRF00153,Control-96,Vulnerability,enabled=False,enabled=True,Enable,Medium,James Menon,james.menon@company.com,Michael Williams,michael.williams@company.com,2026-02-15 10:54:40,Troubleshooting,Mitigated,PCI,0,0,0,0,LOW,[],41.95,MEDIUM,67.69,0.019,False,59.19,23.56,LOW,"Weighted rule, ML risk, and behavioral anomaly signals",,,,,,
DRF00286,Control-40,Network_Segmentation,enabled=True,enabled=False,Remove,Medium,Karan Patel,karan.patel@company.com,Aditya Jones,aditya.jones@company.com,2026-02-16 10:54:40,Security Update,Drifted,GDPR,1,0,0,0,LOW,[],71.26,HIGH,64.47,0.0444,False,17.79,27.61,LOW,"Weighted rule, ML risk, and behavioral anomaly signals",,,,,,
DRF00436,Control-76,Endpoint,enabled=True,enabled=False,Rollback,High,Amitabh Brown,amitabh.brown@company.com,Kenneth Martin,kenneth.martin@company.com,2026-02-16 10:54:40,Policy Change,Remediated,NONE,0,0,0,0,LOW,[],43.62,MEDIUM,68.11,0.0413,False,22.94,18.71,LOW,"Weighted rule, ML risk, and behavioral anomaly signals",,,,,,
DRF00449,Control-11,Firewall,enabled=False,enabled=False,Modify,Low,Nikhil Rao,nikhil.rao@company.com,Priya Williams,priya.williams@company.com,2026-02-16 10:54:40,Emergency Fix,Compliant,NONE,0,0,1,0,LOW,[],23.9,LOW,73.22,0.0543,False,1.72,8.62,LOW,"Weighted rule, ML risk, and behavioral anomaly signals",,,,,,
DRF00160,Control-21,Vulnerability,enabled=False,enabled=True,Remove,Critical,Andrew Das,andrew.das@company.com,Zainab Jones,zainab.jones@company.com,2026-02-16 10:54:40,Policy Change,Compliant,NIST,0,0,0,0,LOW,[],69.63,HIGH,72.23,0.047,False,13.7,26.43,LOW,"Weighted rule, ML risk, and behavioral anomaly signals",,,,,,
DRF00494,Control-49,Access_Control,enabled=False,enabled=False,Modify,High,Nikhil Nair,nikhil.nair@company.com,Amitabh Ramirez,amitabh.ramirez@company.com,2026-02-17 10:54:40,Troubleshooting,Remediated,NONE,0,0,0,0,LOW,[],42.52,MEDIUM,61.84,0.0434,False,19.57,17.82,LOW,"Weighted rule, ML risk, and behavioral anomaly signals",,,,,,
DRF00273,Control-21,Cloud_Security,enabled=True,enabled=True,Remove,Critical,Raja Davis,raja.davis@company.com,James Gupta,james.gupta@company.com,2026-02-17 10:54:40,Performance Tuning,Drifted,CIS,0,0,0,88,HIGH,['restore cloud guardrail policy in policy-as-code and redeploy the policy template'],90.74,CRITICAL,75.18,0.0452,False,16.6,78.25,HIGH,Critical unresolved drift floor applied,,,,,,
DRF00427,Control-33,Network_Segmentation,enabled=True,enabled=False,Update,Low,Pooja Reddy,pooja.reddy@company.com,Vikram Iyer,vikram.iyer@company.com,2026-02-17 10:54:40,Policy Change,Compliant,NONE,0,0,0,0,LOW,[],17.58,LOW,92.21,0.0651,False,0.0,6.15,LOW,"Weighted rule, ML risk, and behavioral anomaly signals",,,,,,
DRF00152,Control-30,Access_Control,enabled=False,enabled=True,Enable,Low,Gary Singh,gary.singh@company.com,Shruti Williams,shruti.williams@company.com,2026-02-17 10:54:40,Performance Tuning,Compliant,NONE,0,0,0,0,LOW,[],16.93,LOW,94.04,0.0407,False,23.93,9.51,LOW,"Weighted rule, ML risk, and behavioral anomaly signals",,,,,,
DRF00493,Control-25,Logging,enabled=False,enabled=False,Disable,Info,Charles Wilson,charles.wilson@company.com,Sanjana White,sanjana.white@company.com,2026-02-17 10:54:40,Security Update,Under_Review,ISO,1,0,0,97,CRITICAL,"['aws logs put-retention-policy --log-group-name <group> --retention-in-days 365', 'az monitor diagnostic-settings create --name <setting> --resource <resource-id>']",64.38,HIGH,40.17,0.0269,False,46.45,92.0,CRITICAL,Mandatory priority floor applied for Audit Logging Disabled,,,,,,
DRF00252,Control-69,Endpoint,enabled=False,enabled=True,Update,Medium,Matthew Bhat,matthew.bhat@company.com,Pooja Bhat,pooja.bhat@company.com,2026-02-17 10:54:40,Performance Tuning,Drifted,GDPR,0,0,0,0,LOW,[],49.19,MEDIUM,69.25,0.0456,False,15.91,19.6,LOW,"Weighted rule, ML risk, and behavioral anomaly signals",,,,,,
DRF00320,Control-63,Network_Segmentation,enabled=False,enabled=False,Update,Low,Mark Anderson,mark.anderson@company.com,Anjali Miller,anjali.miller@company.com,2026-02-17 10:54:40,Security Update,Remediated,ISO,1,0,0,0,LOW,[],17.96,LOW,91.02,0.0402,False,24.7,9.99,LOW,"Weighted rule, ML risk, and behavioral anomaly signals",,,,,,
DRF00473,Control-50,Vulnerability,enabled=True,enabled=True,Remove,Low,Mark Reddy,mark.reddy@company.com,Zainab Clark,zainab.clark@company.com,2026-02-18 10:54:40,Troubleshooting,Remediated,GDPR,0,0,0,0,LOW,[],42.25,MEDIUM,57.08,0.0426,False,20.73,17.9,LOW,"Weighted rule, ML risk, and behavioral anomaly signals",,,,,,
DRF00469,Control-68,DLP,enabled=True,enabled=True,Remove,Critical,Amitabh Rodriguez,amitabh.rodriguez@company.com,Zainab Johnson,zainab.johnson@company.com,2026-02-18 10:54:40,Security Update,Compliant,NONE,1,0,0,86,HIGH,['restore DLP policy from policy-as-code and redeploy to sensitive data repositories'],59.65,HIGH,38.81,0.0531,False,3.67,64.43,MEDIUM,"Weighted rule, ML risk, and behavioral anomaly signals",,,,,,
DRF00141,Control-79,Data_Protection,enabled=False,enabled=True,Disable,High,Xiulan Miller,xiulan.miller@company.com,Michael Johnson,michael.johnson@company.com,2026-02-18 10:54:40,Emergency Fix,Drifted,GDPR,0,0,1,0,LOW,[],91.49,CRITICAL,75.17,0.0355,False,32.41,36.88,LOW,"Weighted rule, ML risk, and behavioral anomaly signals",,,,,,
DRF00271,Control-62,Encryption,enabled=True,enabled=True,Modify,Info,Maria Lopez,maria.lopez@company.com,Matthew Moore,matthew.moore@company.com,2026-02-18 10:54:40,Emergency Fix,Drifted,ISO,0,0,1,0,LOW,[],46.98,MEDIUM,69.88,0.0359,False,31.68,21.19,LOW,"Weighted rule, ML risk, and behavioral anomaly signals",,,,,,
DRF00371,Control-88,DLP,enabled=False,enabled=True,Enable,High,Meera Jones,meera.jones@company.com,Jacob Jackson,jacob.jackson@company.com,2026-02-18 10:54:40,Troubleshooting,Drifted,ISO,0,0,0,0,LOW,[],65.86,HIGH,71.52,0.04,False,25.01,26.8,LOW,"Weighted rule, ML risk, and behavioral anomaly signals",,,,,,
DRF00032,Control-89,Encryption,enabled=True,enabled=True,Modify,Medium,Matthew Harris,matthew.harris@company.com,Amitabh Taylor,amitabh.taylor@company.com,2026-02-18 10:54:40,Policy Change,Remediated,ISO,0,0,0,0,LOW,[],43.84,MEDIUM,62.59,0.0345,False,33.91,20.43,LOW,"Weighted rule, ML risk, and behavioral anomaly signals",,,,,,
DRF00391,Control-97,Access_Control,enabled=False,enabled=True,Rollback,Medium,Jeffrey Clark,jeffrey.clark@company.com,Ryan Jones,ryan.jones@company.com,2026-02-19 10:54:40,Troubleshooting,Mitigated,NONE,0,0,0,0,LOW,[],36.61,MEDIUM,57.08,0.056,False,0.0,12.81,LOW,"Weighted rule, ML risk, and behavioral anomaly signals",,,,,,
DRF00086,Control-70,Access_Control,enabled=False,enabled=True,Rollback,Medium,Nisha Lopez,nisha.lopez@company.com,Jacob Gupta,jacob.gupta@company.com,2026-02-19 10:54:40,Emergency Fix,Compliant,NONE,0,0,1,0,LOW,[],24.93,LOW,68.48,0.06,False,0.0,8.73,LOW,"Weighted rule, ML risk, and behavioral anomaly signals",,,,,,
DRF00124,Control-84,Logging,enabled=False,enabled=True,Rollback,Medium,Joseph Young,joseph.young@company.com,Larry Nair,larry.nair@company.com,2026-02-19 10:54:40,Emergency Fix,Compliant,NONE,0,0,1,0,LOW,[],26.07,LOW,64.96,0.0587,False,0.0,9.12,LOW,"Weighted rule, ML risk, and behavioral anomaly signals",,,,,,
DRF00268,Control-36,Network_Segmentation,enabled=True,enabled=False,Disable,Low,Aditya Rodriguez,aditya.rodriguez@company.com,Steven Kumar,steven.kumar@company.com,2026-02-19 10:54:40,Emergency Fix,Compliant,CIS,0,0,1,0,LOW,[],45.48,MEDIUM,54.48,0.056,False,0.0,15.92,LOW,"Weighted rule, ML risk, and behavioral anomaly signals",,,,,,
DRF00451,Control-76,Logging,enabled=False,enabled=True,Enable,High,William Johnson,william.johnson@company.com,Rajesh Mishra,rajesh.mishra@company.com,2026-02-19 10:54:40,Security Update,Mitigated,GDPR,1,0,0,0,LOW,[],42.77,MEDIUM,62.78,0.0375,False,29.15,19.34,LOW,"Weighted rule, ML risk, and behavioral anomaly signals",,,,,,
DRF00161,Control-31,Logging,enabled=False,enabled=True,Remove,Critical,Varun Pillai,varun.pillai@company.com,Nikhil Das,nikhil.das@company.com,2026-02-20 10:54:40,Policy Change,Compliant,NONE,0,0,0,97,CRITICAL,"['aws logs put-retention-policy --log-group-name <group> --retention-in-days 365', 'az monitor diagnostic-settings create --name <setting> --resource <resource-id>']",68.56,HIGH,48.11,0.0451,False,16.76,92.0,CRITICAL,Mandatory priority floor applied for Audit Logging Disabled,,,,,,
DRF00094,Control-35,Encryption,enabled=True,enabled=False,Disable,Medium,Karan Clark,karan.clark@company.com,Charles Reddy,charles.reddy@company.com,2026-02-20 10:54:40,Performance Tuning,Under_Review,PCI,0,0,0,98,CRITICAL,"['aws kms enable-key-rotation --key-id <key-id>', 'gcloud kms keys update <key-name> --protection-level=hsm']",72.67,HIGH,62.98,0.0343,False,34.34,93.0,CRITICAL,Mandatory priority floor applied for Encryption Downgrade,,,,,,
DRF00005,Control-41,Firewall,enabled=True,enabled=True,Enable,Low,Jason White,jason.white@company.com,Zainab Harris,zainab.harris@company.com,2026-02-20 10:54:40,Policy Change,Mitigated,NONE,0,0,0,0,LOW,[],18.43,LOW,90.16,0.0529,False,3.94,7.04,LOW,"Weighted rule, ML risk, and behavioral anomaly signals",,,,,,
DRF00212,Control-55,Vulnerability,enabled=True,enabled=True,Update,Low,Akshay Thompson,akshay.thompson@company.com,Donald Singh,donald.singh@company.com,2026-02-20 10:54:40,Emergency Fix,Remediated,ISO,0,0,1,0,LOW,[],18.38,LOW,89.06,0.0502,False,8.36,7.69,LOW,"Weighted rule, ML risk, and behavioral anomaly signals",,,,,,
DRF00119,Control-33,Firewall,enabled=False,enabled=True,Modify,High,Larry Anderson,larry.anderson@company.com,Daniel Jackson,daniel.jackson@company.com,2026-02-20 10:54:40,Performance Tuning,Mitigated,GDPR,0,0,0,0,LOW,[],55.16,MEDIUM,59.61,0.0489,False,10.51,20.88,LOW,"Weighted rule, ML risk, and behavioral anomaly signals",,,,,,
DRF00126,Control-89,Endpoint,enabled=True,enabled=False,Disable,Medium,Nisha White,nisha.white@company.com,Christopher Verma,christopher.verma@company.com,2026-02-20 10:54:40,Performance Tuning,Remediated,NONE,0,0,0,87,HIGH,['re-enable endpoint protection for the device and initiate a full malware scan'],43.12,MEDIUM,40.73,0.0415,False,22.64,61.99,MEDIUM,"Weighted rule, ML risk, and behavioral anomaly signals",,,,,,
DRF00483,Control-2,Network_Segmentation,enabled=True,enabled=True,Modify,Critical,Kenneth Robinson,kenneth.robinson@company.com,Karan Gupta,karan.gupta@company.com,2026-02-20 10:54:40,Emergency Fix,Remediated,ISO,0,0,1,0,LOW,[],59.2,HIGH,49.52,0.0406,False,24.11,24.34,LOW,"Weighted rule, ML risk, and behavioral anomaly signals",,,,,,
DRF00351,Control-68,Endpoint,enabled=False,enabled=True,Disable,Low,Vikram Gupta,vikram.gupta@company.com,Akshay Singh,akshay.singh@company.com,2026-02-21 10:54:40,Performance Tuning,Under_Review,GDPR,0,0,0,87,HIGH,['re-enable endpoint protection for the device and initiate a full malware scan'],67.38,HIGH,40.87,0.0246,False,50.05,74.59,HIGH,"Weighted rule, ML risk, and behavioral anomaly signals",,,,,,
DRF00218,Control-34,Data_Protection,enabled=False,enabled=True,Update,High,Akshay Lopez,akshay.lopez@company.com,Mark Nair,mark.nair@company.com,2026-02-21 10:54:40,Performance Tuning,Under_Review,ISO,0,0,0,0,LOW,[],65.45,HIGH,55.21,0.0208,False,56.23,31.34,LOW,"Weighted rule, ML risk, and behavioral anomaly signals",,,,,,
DRF00382,Control-28,Vulnerability,enabled=True,enabled=True,Remove,Info,Priya Moore,priya.moore@company.com,Mark Iyer,mark.iyer@company.com,2026-02-21 10:54:40,Performance Tuning,Compliant,NONE,0,0,0,0,LOW,[],32.24,LOW,57.41,0.0309,False,39.78,17.25,LOW,"Weighted rule, ML risk, and behavioral anomaly signals",,,,,,
DRF00248,Control-2,Logging,enabled=True,enabled=True,Disable,Medium,Yuki Rodriguez,yuki.rodriguez@company.com,Diya Garcia,diya.garcia@company.com,2026-02-21 10:54:40,Emergency Fix,Mitigated,PCI,0,0,1,97,CRITICAL,"['aws logs put-retention-policy --log-group-name <group> --retention-in-days 365', 'az monitor diagnostic-settings create --name <setting> --resource <resource-id>']",73.34,HIGH,56.45,0.0344,False,34.12,92.0,CRITICAL,Mandatory priority floor applied for Audit Logging Disabled,,,,,,
DRF00195,Control-45,Logging,enabled=False,enabled=True,Rollback,Critical,Rohan Jones,rohan.jones@company.com,Amitabh White,amitabh.white@company.com,2026-02-21 10:54:40,Troubleshooting,Compliant,CIS,0,0,0,0,LOW,[],59.56,HIGH,51.92,0.028,False,44.56,27.53,LOW,"Weighted rule, ML risk, and behavioral anomaly signals",,,,,,
DRF00034,Control-5,Cloud_Security,enabled=True,enabled=True,Modify,Low,Kenneth Ghosh,kenneth.ghosh@company.com,Jason Nair,jason.nair@company.com,2026-02-22 10:54:40,Policy Change,Drifted,ISO,0,0,0,0,LOW,[],50.28,MEDIUM,67.86,0.012,False,70.63,28.19,LOW,"Weighted rule, ML risk, and behavioral anomaly signals",,,,,,
DRF00301,Control-15,Cloud_Security,enabled=False,enabled=True,Update,High,Jonathan White,jonathan.white@company.com,Michael Williams,michael.williams@company.com,2026-02-22 10:54:40,Performance Tuning,Compliant,ISO,1,0,0,0,LOW,[],46.8,MEDIUM,59.16,0.0056,False,81.08,28.54,LOW,"Weighted rule, ML risk, and behavioral anomaly signals",,,,,,
DRF00476,Control-22,Encryption,enabled=False,enabled=False,Remove,Medium,Kevin Davis,kevin.davis@company.com,Charles Lewis,charles.lewis@company.com,2026-02-22 10:54:40,Troubleshooting,Compliant,PCI,0,0,0,98,CRITICAL,"['aws kms enable-key-rotation --key-id <key-id>', 'gcloud kms keys update <key-name> --protection-level=hsm']",58.6,HIGH,53.69,0.0144,False,66.72,93.0,CRITICAL,Mandatory priority floor applied for Encryption Downgrade,,,,,,
DRF00311,Control-37,Logging,enabled=False,enabled=True,Remove,Info,Deepika Verma,deepika.verma@company.com,Joseph Garcia,joseph.garcia@company.com,2026-02-22 10:54:40,Policy Change,Remediated,NONE,0,0,0,97,CRITICAL,"['aws logs put-retention-policy --log-group-name <group> --retention-in-days 365', 'az monitor diagnostic-settings create --name <setting> --resource <resource-id>']",45.03,MEDIUM,47.1,0.0256,False,48.49,92.0,CRITICAL,Mandatory priority floor applied for Audit Logging Disabled,,,,,,
DRF00337,Control-1,Firewall,enabled=False,enabled=True,Remove,Medium,Sophia Das,sophia.das@company.com,Jonathan Smith,jonathan.smith@company.com,2026-02-22 10:54:40,Emergency Fix,Mitigated,ISO,0,0,1,0,LOW,[],70.46,HIGH,61.6,0.0203,False,57.2,33.24,LOW,"Weighted rule, ML risk, and behavioral anomaly signals",,,,,,
DRF00105,Control-3,DLP,enabled=False,enabled=False,Rollback,Critical,David Hernandez,david.hernandez@company.com,Priya Garcia,priya.garcia@company.com,2026-02-22 10:54:40,Policy Change,Under_Review,NONE,0,0,0,0,LOW,[],65.08,HIGH,64.92,0.029,False,42.88,29.21,LOW,"Weighted rule, ML risk, and behavioral anomaly signals",,,,,,
DRF00464,Control-51,Logging,enabled=False,enabled=True,Enable,Low,Maria Das,maria.das@company.com,Xiulan Singh,xiulan.singh@company.com,2026-02-22 10:54:40,Emergency Fix,Compliant,ISO,0,0,1,0,LOW,[],21.79,LOW,78.26,0.009,False,75.58,18.96,LOW,"Weighted rule, ML risk, and behavioral anomaly signals",,,,,,
DRF00028,Control-69,Logging,enabled=False,enabled=False,Disable,Critical,Rajesh Young,rajesh.young@company.com,Yuki Jackson,yuki.jackson@company.com,2026-02-22 10:54:40,Troubleshooting,Under_Review,GDPR,0,0,0,97,CRITICAL,"['aws logs put-retention-policy --log-group-name <group> --retention-in-days 365', 'az monitor diagnostic-settings create --name <setting> --resource <resource-id>']",91.63,CRITICAL,78.22,0.0233,False,52.28,92.0,CRITICAL,Mandatory priority floor applied for Audit Logging Disabled,,,,,,
DRF00453,Control-46,DLP,enabled=True,enabled=False,Enable,Medium,Nikhil Clark,nikhil.clark@company.com,Vikram Sanchez,vikram.sanchez@company.com,2026-02-22 10:54:40,Emergency Fix,Mitigated,PCI,0,0,1,0,LOW,[],40.2,MEDIUM,66.29,0.0072,False,78.53,25.85,LOW,"Weighted rule, ML risk, and behavioral anomaly signals",,,,,,
DRF00292,Control-23,Network_Segmentation,enabled=False,enabled=True,Disable,Low,James Anderson,james.anderson@company.com,Charles White,charles.white@company.com,2026-02-22 10:54:40,Emergency Fix,Remediated,NIST,0,0,1,0,LOW,[],48.64,MEDIUM,54.24,0.0186,False,59.96,26.02,LOW,"Weighted rule, ML risk, and behavioral anomaly signals",,,,,,
DRF00131,Control-77,DLP,enabled=True,enabled=False,Disable,Critical,Amitabh Davis,amitabh.davis@company.com,Nadia Menon,nadia.menon@company.com,2026-02-22 10:54:40,Security Update,Under_Review,ISO,1,0,0,86,HIGH,['restore DLP policy from policy-as-code and redeploy to sensitive data repositories'],88.91,CRITICAL,71.73,0.0124,False,70.01,84.62,HIGH,"Weighted rule, ML risk, and behavioral anomaly signals",,,,,,
DRF00343,Control-29,Cloud_Security,enabled=True,enabled=False,Rollback,High,George Thompson,george.thompson@company.com,Raja Iyer,raja.iyer@company.com,2026-02-23 10:54:40,Policy Change,Drifted,NONE,0,0,0,0,LOW,[],65.1,HIGH,66.5,0.0534,False,3.24,23.27,LOW,"Weighted rule, ML risk, and behavioral anomaly signals",,,,,,
DRF00437,Control-5,Endpoint,enabled=False,enabled=False,Remove,Info,Nisha Anderson,nisha.anderson@company.com,James Miller,james.miller@company.com,2026-02-23 10:54:40,Performance Tuning,Compliant,ISO,0,0,0,87,HIGH,['re-enable endpoint protection for the device and initiate a full malware scan'],29.34,LOW,61.4,0.0232,False,52.38,61.63,MEDIUM,"Weighted rule, ML risk, and behavioral anomaly signals",,,,,,
DRF00429,Control-65,Cloud_Security,enabled=False,enabled=True,Modify,Critical,Daniel Moore,daniel.moore@company.com,Edward Garcia,edward.garcia@company.com,2026-02-23 10:54:40,Troubleshooting,Drifted,PCI,0,0,0,0,LOW,[],81.45,CRITICAL,46.7,0.0368,False,30.23,78.0,HIGH,Critical unresolved drift floor applied,,,,,,
DRF00395,Control-62,Network_Segmentation,enabled=True,enabled=False,Enable,Critical,Neha Das,neha.das@company.com,Charles White,charles.white@company.com,2026-02-23 10:54:40,Performance Tuning,Compliant,PCI,0,0,0,0,LOW,[],44.26,MEDIUM,61.46,0.0428,False,20.41,18.55,LOW,"Weighted rule, ML risk, and behavioral anomaly signals",,,,,,
DRF00485,Control-76,Data_Protection,enabled=False,enabled=False,Update,Critical,Joseph Jackson,joseph.jackson@company.com,Fatima Harris,fatima.harris@company.com,2026-02-23 10:54:40,Troubleshooting,Under_Review,PCI,0,0,0,0,LOW,[],63.98,HIGH,56.96,0.0383,False,27.83,26.57,LOW,"Weighted rule, ML risk, and behavioral anomaly signals",,,,,,
DRF00387,Control-1,Logging,enabled=True,enabled=True,Rollback,Critical,Shruti Perez,shruti.perez@company.com,Jonathan Jackson,jonathan.jackson@company.com,2026-02-23 10:54:40,Troubleshooting,Drifted,NONE,0,0,0,0,LOW,[],63.93,HIGH,57.83,0.0498,False,9.09,78.0,HIGH,Critical unresolved drift floor applied,,,,,,
DRF00370,Control-25,Vulnerability,enabled=True,enabled=False,Disable,Low,Stephen Young,stephen.young@company.com,Steven Martin,steven.martin@company.com,2026-02-25 10:54:40,Troubleshooting,Compliant,NONE,0,0,0,0,LOW,[],32.22,LOW,55.87,0.047,False,13.58,13.31,LOW,"Weighted rule, ML risk, and behavioral anomaly signals",,,,,,
DRF00184,Control-72,Access_Control,enabled=False,enabled=False,Rollback,High,Harsh White,harsh.white@company.com,Rajesh Clark,rajesh.clark@company.com,2026-02-25 10:54:40,Security Update,Remediated,GDPR,1,0,0,0,LOW,[],35.56,LOW,46.36,0.0493,False,9.89,13.93,LOW,"Weighted rule, ML risk, and behavioral anomaly signals",,,,,,
DRF00236,Control-16,Access_Control,enabled=True,enabled=False,Disable,Critical,Kenneth Thomas,kenneth.thomas@company.com,Nadia Lee,nadia.lee@company.com,2026-02-26 10:54:40,Performance Tuning,Drifted,NONE,0,0,0,0,LOW,[],89.16,CRITICAL,75.83,0.0527,False,4.33,78.0,HIGH,Critical unresolved drift floor applied,,,,,,
DRF00383,Control-43,Access_Control,enabled=True,enabled=False,Enable,Low,Shruti Gonzalez,shruti.gonzalez@company.com,Shruti Moore,shruti.moore@company.com,2026-02-26 10:54:40,Troubleshooting,Compliant,ISO,0,0,0,0,LOW,[],18.38,LOW,89.93,0.0411,False,23.18,9.91,LOW,"Weighted rule, ML risk, and behavioral anomaly signals",,,,,,
DRF00088,Control-49,DLP,enabled=True,enabled=False,Disable,Medium,Robert Garcia,robert.garcia@company.com,Michael Jones,michael.jones@company.com,2026-02-26 10:54:40,Troubleshooting,Compliant,GDPR,0,0,0,86,HIGH,['restore DLP policy from policy-as-code and redeploy to sensitive data repositories'],57.74,MEDIUM,45.51,0.0374,False,29.3,67.6,HIGH,"Weighted rule, ML risk, and behavioral anomaly signals",,,,,,
DRF00254,Control-82,Network_Segmentation,enabled=True,enabled=True,Disable,Medium,Sofia Iyer,sofia.iyer@company.com,Kenneth Ramirez,kenneth.ramirez@company.com,2026-02-26 10:54:40,Troubleshooting,Mitigated,GDPR,0,0,0,0,LOW,[],62.85,MEDIUM,39.49,0.0405,False,24.28,25.64,LOW,"Weighted rule, ML risk, and behavioral anomaly signals",,,,,,
DRF00217,Control-43,DLP,enabled=False,enabled=False,Remove,Medium,Robert Bhat,robert.bhat@company.com,Charles Lopez,charles.lopez@company.com,2026-02-26 10:54:40,Security Update,Under_Review,NIST,1,0,0,86,HIGH,['restore DLP policy from policy-as-code and redeploy to sensitive data repositories'],63.08,HIGH,47.66,0.0506,False,7.83,66.25,HIGH,Unresolved medium-severity review floor applied,,,,,,
DRF00209,Control-22,Logging,enabled=True,enabled=True,Disable,Medium,Sophia Patel,sophia.patel@company.com,Xiulan Ramirez,xiulan.ramirez@company.com,2026-02-27 10:54:40,Performance Tuning,Compliant,CIS,0,0,0,97,CRITICAL,"['aws logs put-retention-policy --log-group-name <group> --retention-in-days 365', 'az monitor diagnostic-settings create --name <setting> --resource <resource-id>']",62.47,HIGH,41.05,0.0455,False,16.1,92.0,CRITICAL,Mandatory priority floor applied for Audit Logging Disabled,,,,,,
DRF00100,Control-3,Logging,enabled=False,enabled=True,Enable,Critical,Larry Williams,larry.williams@company.com,Meera Menon,meera.menon@company.com,2026-02-27 10:54:40,Security Update,Under_Review,NONE,1,0,0,0,LOW,[],50.07,MEDIUM,48.2,0.0399,False,25.21,21.31,LOW,"Weighted rule, ML risk, and behavioral anomaly signals",,,,,,
DRF00471,Control-58,Firewall,enabled=False,enabled=False,Enable,Low,Joseph Williams,joseph.williams@company.com,Zainab White,zainab.white@company.com,2026-02-27 10:54:40,Troubleshooting,Compliant,PCI,0,0,0,0,LOW,[],19.77,LOW,84.99,0.0498,False,9.13,8.29,LOW,"Weighted rule, ML risk, and behavioral anomaly signals",,,,,,
DRF00059,Control-51,Access_Control,enabled=True,enabled=False,Rollback,High,Anthony Taylor,anthony.taylor@company.com,Harsh Wilson,harsh.wilson@company.com,2026-02-27 10:54:40,Troubleshooting,Compliant,NONE,0,0,0,0,LOW,[],41.98,MEDIUM,66.48,0.0542,False,1.87,14.97,LOW,"Weighted rule, ML risk, and behavioral anomaly signals",,,,,,
DRF00180,Control-78,DLP,enabled=False,enabled=True,Remove,Low,Pooja Harris,pooja.harris@company.com,Xiulan Hernandez,xiulan.hernandez@company.com,2026-02-27 10:54:40,Performance Tuning,Drifted,NIST,0,0,0,86,HIGH,['restore DLP policy from policy-as-code and redeploy to sensitive data repositories'],55.58,MEDIUM,51.69,0.0457,False,15.78,64.82,MEDIUM,"Weighted rule, ML risk, and behavioral anomaly signals",,,,,,
DRF00404,Control-15,Cloud_Security,enabled=True,enabled=False,Enable,Medium,Meera Williams,meera.williams@company.com,Stephen Thompson,stephen.thompson@company.com,2026-02-27 10:54:40,Emergency Fix,Drifted,GDPR,0,0,1,0,LOW,[],47.08,MEDIUM,71.01,0.0349,False,33.41,21.49,LOW,"Weighted rule, ML risk, and behavioral anomaly signals",,,,,,
DRF00192,Control-30,Endpoint,enabled=False,enabled=True,Modify,Low,Elena Verma,elena.verma@company.com,George Rodriguez,george.rodriguez@company.com,2026-02-27 10:54:40,Security Update,Mitigated,GDPR,1,0,0,0,LOW,[],39.4,MEDIUM,62.96,0.0354,False,32.58,18.68,LOW,"Weighted rule, ML risk, and behavioral anomaly signals",,,,,,
DRF00472,Control-30,Network_Segmentation,enabled=False,enabled=True,Enable,High,Pooja Das,pooja.das@company.com,Riya Perez,riya.perez@company.com,2026-02-27 10:54:40,Security Update,Mitigated,CIS,1,0,0,0,LOW,[],43.56,MEDIUM,63.57,0.0527,False,4.41,15.91,LOW,"Weighted rule, ML risk, and behavioral anomaly signals",,,,,,
DRF00283,Control-49,Firewall,enabled=False,enabled=False,Rollback,High,Aisha Anderson,aisha.anderson@company.com,Sophia Rao,sophia.rao@company.com,2026-02-27 10:54:40,Troubleshooting,Compliant,NONE,0,0,0,0,LOW,[],43.57,MEDIUM,75.8,0.0676,False,0.0,15.25,LOW,"Weighted rule, ML risk, and behavioral anomaly signals",,,,,,
DRF00033,Control-16,Data_Protection,enabled=True,enabled=True,Remove,High,William Miller,william.miller@company.com,Raja Wilson,raja.wilson@company.com,2026-02-28 10:54:40,Troubleshooting,Remediated,NIST,0,0,0,0,LOW,[],72.45,HIGH,53.46,0.0351,False,33.04,30.31,LOW,"Weighted rule, ML risk, and behavioral anomaly signals",,,,,,
DRF00410,Control-26,DLP,enabled=True,enabled=True,Disable,Medium,Diya Nair,diya.nair@company.com,Mark Martinez,mark.martinez@company.com,2026-02-28 10:54:40,Emergency Fix,Drifted,GDPR,0,0,1,86,HIGH,['restore DLP policy from policy-as-code and redeploy to sensitive data repositories'],81.9,CRITICAL,52.07,0.0265,False,47.03,78.72,HIGH,"Weighted rule, ML risk, and behavioral anomaly signals",,,,,,
DRF00294,Control-95,Data_Protection,enabled=True,enabled=False,Remove,High,Neha Jackson,neha.jackson@company.com,Thomas Rodriguez,thomas.rodriguez@company.com,2026-02-28 10:54:40,Security Update,Under_Review,NIST,1,0,0,0,LOW,[],90.36,CRITICAL,74.77,0.0389,False,26.89,35.66,LOW,"Weighted rule, ML risk, and behavioral anomaly signals",,,,,,
DRF00140,Control-38,Access_Control,enabled=False,enabled=True,Update,Low,Neha Taylor,neha.taylor@company.com,Pooja Lewis,pooja.lewis@company.com,2026-02-28 10:54:40,Emergency Fix,Mitigated,ISO,0,0,1,0,LOW,[],21.51,LOW,81.62,0.032,False,38.08,13.24,LOW,"Weighted rule, ML risk, and behavioral anomaly signals",,,,,,
DRF00322,Control-21,Data_Protection,enabled=True,enabled=True,Remove,Medium,Jonathan Anderson,jonathan.anderson@company.com,Edward Das,edward.das@company.com,2026-02-28 10:54:40,Security Update,Under_Review,GDPR,1,0,0,0,LOW,[],74.31,HIGH,52.23,0.0318,False,38.46,42.0,MEDIUM,Unresolved medium-severity review floor applied,,,,,,
DRF00102,Control-76,DLP,enabled=False,enabled=False,Rollback,Medium,Kevin Davis,kevin.davis@company.com,Richard Perez,richard.perez@company.com,2026-03-01 10:54:40,Policy Change,Drifted,GDPR,0,0,0,0,LOW,[],58.09,MEDIUM,44.13,0.0285,False,43.7,26.89,LOW,"Weighted rule, ML risk, and behavioral anomaly signals",,,,,,
DRF00146,Control-5,Encryption,enabled=False,enabled=False,Disable,Critical,Richard Anderson,richard.anderson@company.com,David Ramirez,david.ramirez@company.com,2026-03-01 10:54:40,Policy Change,Drifted,NONE,0,0,0,98,CRITICAL,"['aws kms enable-key-rotation --key-id <key-id>', 'gcloud kms keys update <key-name> --protection-level=hsm']",84.51,CRITICAL,62.88,0.034,False,34.82,93.0,CRITICAL,Mandatory priority floor applied for Encryption Downgrade,,,,,,
DRF00374,Control-21,Encryption,enabled=False,enabled=True,Rollback,Info,Raja Williams,raja.williams@company.com,Vikram Wilson,vikram.wilson@company.com,2026-03-01 10:54:40,Troubleshooting,Under_Review,NONE,0,0,0,98,CRITICAL,"['aws kms enable-key-rotation --key-id <key-id>', 'gcloud kms keys update <key-name> --protection-level=hsm']",30.8,LOW,57.93,0.0264,False,47.18,93.0,CRITICAL,Mandatory priority floor applied for Encryption Downgrade,,,,,,
DRF00054,Control-66,Network_Segmentation,enabled=False,enabled=True,Update,Low,Priya Anderson,priya.anderson@company.com,Sofia Robinson,sofia.robinson@company.com,2026-03-01 10:54:40,Performance Tuning,Under_Review,NIST,0,0,0,0,LOW,[],41.77,MEDIUM,59.51,0.0241,False,51.01,22.27,LOW,"Weighted rule, ML risk, and behavioral anomaly signals",,,,,,
DRF00149,Control-21,Cloud_Security,enabled=False,enabled=False,Rollback,Low,Nadia Robinson,nadia.robinson@company.com,Riya Patel,riya.patel@company.com,2026-03-01 10:54:40,Security Update,Under_Review,GDPR,1,0,0,0,LOW,[],44.12,MEDIUM,67.06,0.0248,False,49.72,22.9,LOW,"Weighted rule, ML risk, and behavioral anomaly signals",,,,,,
DRF00376,Control-37,DLP,enabled=True,enabled=True,Enable,Medium,Kevin Hernandez,kevin.hernandez@company.com,Arjun Singh,arjun.singh@company.com,2026-03-02 10:54:40,Emergency Fix,Mitigated,CIS,0,0,1,0,LOW,[],38.65,MEDIUM,66.27,0.0344,False,34.08,18.64,LOW,"Weighted rule, ML risk, and behavioral anomaly signals",,,,,,
DRF00115,Control-85,Firewall,enabled=True,enabled=False,Update,Medium,Matthew Ghosh,matthew.ghosh@company.com,Pooja Thomas,pooja.thomas@company.com,2026-03-02 10:54:40,Emergency Fix,Compliant,GDPR,0,0,1,0,LOW,[],25.76,LOW,66.62,0.0477,False,12.52,10.89,LOW,"Weighted rule, ML risk, and behavioral anomaly signals",,,,,,
DRF00014,Control-94,Vulnerability,enabled=True,enabled=True,Remove,High,James Hernandez,james.hernandez@company.com,Ryan Harris,ryan.harris@company.com,2026-03-02 10:54:40,Security Update,Under_Review,GDPR,1,0,0,0,LOW,[],76.47,HIGH,64.12,0.0464,False,14.65,28.96,LOW,"Weighted rule, ML risk, and behavioral anomaly signals",,,,,,
DRF00327,Control-97,Firewall,enabled=True,enabled=False,Update,Low,Priya Miller,priya.miller@company.com,Zainab Bhat,zainab.bhat@company.com,2026-03-02 10:54:40,Performance Tuning,Compliant,ISO,0,0,0,0,LOW,[],18.81,LOW,88.31,0.0406,False,24.08,10.2,LOW,"Weighted rule, ML risk, and behavioral anomaly signals",,,,,,
DRF00147,Control-68,DLP,enabled=True,enabled=True,Disable,Medium,Anthony Rodriguez,anthony.rodriguez@company.com,Harsh Anderson,harsh.anderson@company.com,2026-03-02 10:54:40,Performance Tuning,Compliant,ISO,0,0,0,86,HIGH,['restore DLP policy from policy-as-code and redeploy to sensitive data repositories'],53.71,MEDIUM,40.58,0.028,False,44.5,68.47,HIGH,"Weighted rule, ML risk, and behavioral anomaly signals",,,,,,
DRF00415,Control-7,Network_Segmentation,enabled=False,enabled=False,Modify,High,Pooja Gonzalez,pooja.gonzalez@company.com,Kevin Das,kevin.das@company.com,2026-03-02 10:54:40,Policy Change,Remediated,ISO,0,0,0,0,LOW,[],49.42,MEDIUM,63.25,0.0384,False,27.68,21.45,LOW,"Weighted rule, ML risk, and behavioral anomaly signals",,,,,,
DRF00345,Control-52,Firewall,enabled=True,enabled=False,Update,Medium,Kevin Martinez,kevin.martinez@company.com,Yuki Miller,yuki.miller@company.com,2026-03-02 10:54:40,Policy Change,Drifted,GDPR,0,0,0,0,LOW,[],47.47,MEDIUM,77.3,0.0552,False,0.25,16.65,LOW,"Weighted rule, ML risk, and behavioral anomaly signals",,,,,,
DRF00346,Control-35,Network_Segmentation,enabled=True,enabled=False,Modify,High,Priya Smith,priya.smith@company.com,Larry Robinson,larry.robinson@company.com,2026-03-02 10:54:40,Policy Change,Mitigated,NIST,0,0,0,0,LOW,[],53.36,MEDIUM,53.93,0.048,False,12.05,20.48,LOW,"Weighted rule, ML risk, and behavioral anomaly signals",,,,,,
DRF00159,Control-94,Encryption,enabled=True,enabled=False,Enable,Info,Amara Jones,amara.jones@company.com,Gary Martinez,gary.martinez@company.com,2026-03-02 10:54:40,Troubleshooting,Remediated,NONE,0,0,0,98,CRITICAL,"['aws kms enable-key-rotation --key-id <key-id>', 'gcloud kms keys update <key-name> --protection-level=hsm']",18.93,LOW,88.53,0.0343,False,34.37,93.0,CRITICAL,Mandatory priority floor applied for Encryption Downgrade,,,,,,
DRF00285,Control-96,Logging,enabled=True,enabled=False,Rollback,Low,Shruti Martinez,shruti.martinez@company.com,Kenneth Ramirez,kenneth.ramirez@company.com,2026-03-03 10:54:40,Performance Tuning,Compliant,CIS,0,0,0,0,LOW,[],21.76,LOW,79.47,0.0431,False,19.9,10.6,LOW,"Weighted rule, ML risk, and behavioral anomaly signals",,,,,,
DRF00398,Control-49,Access_Control,enabled=False,enabled=True,Remove,Low,Christopher Taylor,christopher.taylor@company.com,Paul Lopez,paul.lopez@company.com,2026-03-03 10:54:40,Policy Change,Remediated,NIST,0,0,0,0,LOW,[],43.48,MEDIUM,61.27,0.0588,False,0.0,15.22,LOW,"Weighted rule, ML risk, and behavioral anomaly signals",,,,,,
DRF00164,Control-89,Data_Protection,enabled=False,enabled=False,Enable,High,Stephen Williams,stephen.williams@company.com,Joshua White,joshua.white@company.com,2026-03-03 10:54:40,Security Update,Compliant,GDPR,1,0,0,0,LOW,[],31.82,LOW,51.85,0.0477,False,12.5,13.01,LOW,"Weighted rule, ML risk, and behavioral anomaly signals",,,,,,
DRF00023,Control-15,Encryption,enabled=True,enabled=False,Update,Medium,Aditya Perez,aditya.perez@company.com,Akshay Perez,akshay.perez@company.com,2026-03-03 10:54:40,Emergency Fix,Under_Review,NONE,0,0,1,98,CRITICAL,"['aws kms enable-key-rotation --key-id <key-id>', 'gcloud kms keys update <key-name> --protection-level=hsm']",39.59,MEDIUM,64.26,0.0574,False,0.0,93.0,CRITICAL,Mandatory priority floor applied for Encryption Downgrade,,,,,,
DRF00186,Control-54,DLP,enabled=True,enabled=False,Update,High,Brian Martin,brian.martin@company.com,Kenneth Lee,kenneth.lee@company.com,2026-03-03 10:54:40,Security Update,Remediated,NIST,1,0,0,0,LOW,[],32.34,LOW,51.87,0.0524,False,4.88,12.05,LOW,"Weighted rule, ML risk, and behavioral anomaly signals",,,,,,
DRF00297,Control-63,Network_Segmentation,enabled=True,enabled=True,Remove,Medium,Ronald Sharma,ronald.sharma@company.com,Richard White,richard.white@company.com,2026-03-03 10:54:40,Troubleshooting,Under_Review,PCI,0,0,0,0,LOW,[],67.63,HIGH,55.43,0.0493,False,9.93,42.0,MEDIUM,Unresolved medium-severity review floor applied,,,,,,
DRF00067,Control-49,Logging,enabled=False,enabled=False,Remove,Medium,Nadia Sanchez,nadia.sanchez@company.com,Raja Lee,raja.lee@company.com,2026-03-03 10:54:40,Security Update,Drifted,CIS,1,0,0,97,CRITICAL,"['aws logs put-retention-policy --log-group-name <group> --retention-in-days 365', 'az monitor diagnostic-settings create --name <setting> --resource <resource-id>']",73.75,HIGH,60.94,0.0371,False,29.78,92.0,CRITICAL,Mandatory priority floor applied for Audit Logging Disabled,,,,,,
DRF00237,Control-21,Data_Protection,enabled=False,enabled=True,Enable,Low,Yuki Perez,yuki.perez@company.com,Charles Brown,charles.brown@company.com,2026-03-04 10:54:40,Troubleshooting,Under_Review,GDPR,0,0,0,0,LOW,[],36.17,MEDIUM,44.74,0.0368,False,30.3,17.2,LOW,"Weighted rule, ML risk, and behavioral anomaly signals",,,,,,
DRF00204,Control-8,Vulnerability,enabled=True,enabled=False,Rollback,Critical,Shruti Robinson,shruti.robinson@company.com,Ryan Robinson,ryan.robinson@company.com,2026-03-05 10:54:40,Security Update,Under_Review,NIST,1,0,0,0,LOW,[],67.34,HIGH,70.71,0.0525,False,4.66,24.27,LOW,"Weighted rule, ML risk, and behavioral anomaly signals",,,,,,
DRF00492,Control-14,Vulnerability,enabled=False,enabled=True,Rollback,Low,Jeffrey Smith,jeffrey.smith@company.com,Varun Ghosh,varun.ghosh@company.com,2026-03-05 10:54:40,Troubleshooting,Remediated,NONE,0,0,0,0,LOW,[],20.45,LOW,83.81,0.0553,False,0.08,7.17,LOW,"Weighted rule, ML risk, and behavioral anomaly signals",,,,,,
DRF00321,Control-30,Access_Control,enabled=False,enabled=False,Disable,Medium,Aisha Jones,aisha.jones@company.com,Sanjana Ramirez,sanjana.ramirez@company.com,2026-03-05 10:54:40,Policy Change,Under_Review,PCI,0,0,0,0,LOW,[],76.56,HIGH,64.58,0.0474,False,12.93,42.0,MEDIUM,Unresolved medium-severity review floor applied,,,,,,
DRF00239,Control-64,Firewall,enabled=True,enabled=True,Disable,High,Pooja Williams,pooja.williams@company.com,Nicholas Lopez,nicholas.lopez@company.com,2026-03-05 10:54:40,Policy Change,Compliant,NONE,0,0,0,0,LOW,[],61.63,HIGH,39.63,0.0643,False,0.0,21.57,LOW,"Weighted rule, ML risk, and behavioral anomaly signals",,,,,,
DRF00470,Control-82,Data_Protection,enabled=False,enabled=False,Remove,Medium,Kevin Menon,kevin.menon@company.com,Meera Young,meera.young@company.com,2026-03-05 10:54:40,Troubleshooting,Drifted,CIS,0,0,0,0,LOW,[],75.22,HIGH,66.89,0.046,False,15.32,28.62,LOW,"Weighted rule, ML risk, and behavioral anomaly signals",,,,,,
DRF00024,Control-40,Logging,enabled=False,enabled=True,Disable,Medium,Michael Rao,michael.rao@company.com,Nisha Garcia,nisha.garcia@company.com,2026-03-05 10:54:40,Troubleshooting,Drifted,CIS,0,0,0,97,CRITICAL,"['aws logs put-retention-policy --log-group-name <group> --retention-in-days 365', 'az monitor diagnostic-settings create --name <setting> --resource <resource-id>']",86.19,CRITICAL,61.64,0.0538,False,2.6,92.0,CRITICAL,Mandatory priority floor applied for Audit Logging Disabled,,,,,,
DRF00003,Control-36,Endpoint,enabled=False,enabled=False,Disable,Medium,Isha Miller,isha.miller@company.com,Riya Davis,riya.davis@company.com,2026-03-05 10:54:40,Performance Tuning,Under_Review,NONE,0,0,0,87,HIGH,['re-enable endpoint protection for the device and initiate a full malware scan'],58.84,MEDIUM,35.18,0.0448,False,17.26,66.68,HIGH,Unresolved medium-severity review floor applied,,,,,,
DRF00347,Control-31,Logging,enabled=True,enabled=True,Rollback,Low,Elena Ramirez,elena.ramirez@company.com,Donald Thomas,donald.thomas@company.com,2026-03-05 10:54:40,Security Update,Under_Review,NONE,1,0,0,0,LOW,[],27.58,LOW,64.57,0.0493,False,9.93,11.14,LOW,"Weighted rule, ML risk, and behavioral anomaly signals",,,,,,
DRF00158,Control-45,Firewall,enabled=True,enabled=False,Remove,Medium,Jeffrey Singh,jeffrey.singh@company.com,Elena Ramirez,elena.ramirez@company.com,2026-03-05 10:54:40,Troubleshooting,Under_Review,NIST,0,0,0,0,LOW,[],71.49,HIGH,64.67,0.05,False,8.69,42.0,MEDIUM,Unresolved medium-severity review floor applied,,,,,,
DRF00216,Control-46,Data_Protection,enabled=False,enabled=False,Disable,Critical,Joseph Martinez,joseph.martinez@company.com,Jason Menon,jason.menon@company.com,2026-03-05 10:54:40,Policy Change,Compliant,NONE,0,0,0,0,LOW,[],68.8,HIGH,37.19,0.0543,False,1.71,24.34,LOW,"Weighted rule, ML risk, and behavioral anomaly signals",,,,,,
DRF00019,Control-99,DLP,enabled=True,enabled=False,Update,Medium,Riya Ramirez,riya.ramirez@company.com,Amitabh Lewis,amitabh.lewis@company.com,2026-03-06 10:54:40,Emergency Fix,Mitigated,ISO,0,0,1,0,LOW,[],37.32,MEDIUM,58.16,0.0444,False,17.83,15.74,LOW,"Weighted rule, ML risk, and behavioral anomaly signals",,,,,,
DRF00303,Control-88,DLP,enabled=False,enabled=True,Rollback,Info,Thomas Das,thomas.das@company.com,Pooja Anderson,pooja.anderson@company.com,2026-03-06 10:54:40,Policy Change,Under_Review,PCI,0,0,0,0,LOW,[],34.4,MEDIUM,49.37,0.0387,False,27.08,16.1,LOW,"Weighted rule, ML risk, and behavioral anomaly signals",,,,,,
DRF00150,Control-7,Access_Control,enabled=False,enabled=False,Modify,High,Daniel Gonzalez,daniel.gonzalez@company.com,Daniel Davis,daniel.davis@company.com,2026-03-06 10:54:40,Troubleshooting,Drifted,PCI,0,0,0,0,LOW,[],74.24,HIGH,49.33,0.0441,False,18.36,28.74,LOW,"Weighted rule, ML risk, and behavioral anomaly signals",,,,,,
DRF00135,Control-30,Encryption,enabled=True,enabled=False,Remove,Low,Ronald Nair,ronald.nair@company.com,Vikram Moore,vikram.moore@company.com,2026-03-07 10:54:40,Emergency Fix,Mitigated,NONE,0,0,1,98,CRITICAL,"['aws kms enable-key-rotation --key-id <key-id>', 'gcloud kms keys update <key-name> --protection-level=hsm']",46.31,MEDIUM,49.03,0.0396,False,25.75,93.0,CRITICAL,Mandatory priority floor applied for Encryption Downgrade,,,,,,
DRF00106,Control-55,Cloud_Security,enabled=False,enabled=False,Rollback,Low,George Jackson,george.jackson@company.com,Jeffrey Das,jeffrey.das@company.com,2026-03-07 10:54:40,Emergency Fix,Drifted,ISO,0,0,1,0,LOW,[],42.71,MEDIUM,68.19,0.0278,False,44.91,21.68,LOW,"Weighted rule, ML risk, and behavioral anomaly signals",,,,,,
DRF00085,Control-68,Endpoint,enabled=False,enabled=True,Enable,High,Michael Smith,michael.smith@company.com,Ronald Williams,ronald.williams@company.com,2026-03-07 10:54:40,Emergency Fix,Drifted,NONE,0,0,1,0,LOW,[],53.65,MEDIUM,53.63,0.0315,False,38.93,24.62,LOW,"Weighted rule, ML risk, and behavioral anomaly signals",,,,,,
DRF00111,Control-10,Cloud_Security,enabled=False,enabled=False,Disable,Medium,Eric Reddy,eric.reddy@company.com,Shruti Verma,shruti.verma@company.com,2026-03-07 10:54:40,Policy Change,Drifted,ISO,0,0,0,88,HIGH,['restore cloud guardrail policy in policy-as-code and redeploy the policy template'],82.79,CRITICAL,55.92,0.0321,False,37.94,78.67,HIGH,"Weighted rule, ML risk, and behavioral anomaly signals",,,,,,
DRF00282,Control-56,Data_Protection,enabled=True,enabled=False,Enable,Info,Karan Iyer,karan.iyer@company.com,David Thomas,david.thomas@company.com,2026-03-07 10:54:40,Policy Change,Remediated,NIST,0,0,0,0,LOW,[],20.81,LOW,82.53,0.0419,False,21.92,10.57,LOW,"Weighted rule, ML risk, and behavioral anomaly signals",,,,,,
DRF00425,Control-68,Endpoint,enabled=False,enabled=True,Disable,Medium,Sanjana Verma,sanjana.verma@company.com,Pooja Jackson,pooja.jackson@company.com,2026-03-08 10:54:40,Security Update,Remediated,NONE,1,0,0,87,HIGH,['re-enable endpoint protection for the device and initiate a full malware scan'],38.98,LOW,47.76,0.0191,False,59.16,66.02,HIGH,"Weighted rule, ML risk, and behavioral anomaly signals",,,,,,
DRF00463,Control-39,Encryption,enabled=False,enabled=True,Enable,Low,Elena Perez,elena.perez@company.com,Harsh Lee,harsh.lee@company.com,2026-03-08 10:54:40,Troubleshooting,Drifted,NIST,0,0,0,98,CRITICAL,"['aws kms enable-key-rotation --key-id <key-id>', 'gcloud kms keys update <key-name> --protection-level=hsm']",40.05,MEDIUM,58.85,0.0037,False,84.16,93.0,CRITICAL,Mandatory priority floor applied for Encryption Downgrade,,,,,,
DRF00361,Control-96,Endpoint,enabled=True,enabled=True,Enable,Medium,Eric Garcia,eric.garcia@company.com,Matthew Thompson,matthew.thompson@company.com,2026-03-09 10:54:40,Troubleshooting,Remediated,NONE,0,0,0,0,LOW,[],23.29,LOW,74.24,0.036,False,31.52,12.88,LOW,"Weighted rule, ML risk, and behavioral anomaly signals",,,,,,
DRF00226,Control-66,Endpoint,enabled=True,enabled=False,Update,Low,Jacob Kumar,jacob.kumar@company.com,Charles Iyer,charles.iyer@company.com,2026-03-09 10:54:40,Policy Change,Drifted,NIST,0,0,0,0,LOW,[],43.03,MEDIUM,69.6,0.0374,False,29.23,19.45,LOW,"Weighted rule, ML risk, and behavioral anomaly signals",,,,,,
DRF00278,Control-25,Endpoint,enabled=True,enabled=True,Rollback,Medium,Timothy Lee,timothy.lee@company.com,Fatima Brown,fatima.brown@company.com,2026-03-10 10:54:40,Troubleshooting,Remediated,NIST,0,0,0,0,LOW,[],37.63,MEDIUM,54.33,0.0358,False,31.83,17.95,LOW,"Weighted rule, ML risk, and behavioral anomaly signals",,,,,,
DRF00128,Control-39,DLP,enabled=True,enabled=True,Remove,Low,David Lee,david.lee@company.com,Elena Williams,elena.williams@company.com,2026-03-10 10:54:40,Policy Change,Compliant,PCI,0,0,0,86,HIGH,['restore DLP policy from policy-as-code and redeploy to sensitive data repositories'],33.75,LOW,49.53,0.0469,False,13.79,56.88,MEDIUM,"Weighted rule, ML risk, and behavioral anomaly signals",,,,,,
DRF00421,Control-90,Firewall,enabled=False,enabled=False,Rollback,Critical,Charles Clark,charles.clark@company.com,Andrew Das,andrew.das@company.com,2026-03-10 10:54:40,Troubleshooting,Drifted,GDPR,0,0,0,0,LOW,[],70.45,HIGH,68.15,0.0495,False,9.6,78.0,HIGH,Critical unresolved drift floor applied,,,,,,
DRF00368,Control-61,DLP,enabled=False,enabled=True,Rollback,Critical,Maria Lewis,maria.lewis@company.com,Joseph Brown,joseph.brown@company.com,2026-03-10 10:54:40,Emergency Fix,Mitigated,NONE,0,0,1,0,LOW,[],52.18,MEDIUM,54.16,0.044,False,18.46,21.03,LOW,"Weighted rule, ML risk, and behavioral anomaly signals",,,,,,
DRF00040,Control-63,Firewall,enabled=True,enabled=True,Update,Low,Sanjana Sanchez,sanjana.sanchez@company.com,Aisha Ramirez,aisha.ramirez@company.com,2026-03-11 10:54:40,Policy Change,Remediated,NONE,0,0,0,0,LOW,[],18.17,LOW,90.06,0.064,False,0.0,6.36,LOW,"Weighted rule, ML risk, and behavioral anomaly signals",,,,,,
DRF00455,Control-80,Encryption,enabled=False,enabled=False,Rollback,High,Joshua Perez,joshua.perez@company.com,Larry Thompson,larry.thompson@company.com,2026-03-11 10:54:40,Emergency Fix,Drifted,NIST,0,0,1,98,CRITICAL,"['aws kms enable-key-rotation --key-id <key-id>', 'gcloud kms keys update <key-name> --protection-level=hsm']",68.19,HIGH,77.26,0.0381,False,28.16,93.0,CRITICAL,Mandatory priority floor applied for Encryption Downgrade,,,,,,
DRF00247,Control-19,Logging,enabled=True,enabled=True,Disable,High,Donald Bhat,donald.bhat@company.com,Sophia Clark,sophia.clark@company.com,2026-03-11 10:54:40,Performance Tuning,Mitigated,CIS,0,0,0,97,CRITICAL,"['aws logs put-retention-policy --log-group-name <group> --retention-in-days 365', 'az monitor diagnostic-settings create --name <setting> --resource <resource-id>']",76.31,HIGH,54.38,0.0478,False,12.28,92.0,CRITICAL,Mandatory priority floor applied for Audit Logging Disabled,,,,,,
DRF00420,Control-79,Vulnerability,enabled=False,enabled=False,Remove,High,Andrew Kumar,andrew.kumar@company.com,Priya Lewis,priya.lewis@company.com,2026-03-11 10:54:40,Performance Tuning,Drifted,NONE,0,0,0,0,LOW,[],72.4,HIGH,61.27,0.0513,False,6.6,26.33,LOW,"Weighted rule, ML risk, and behavioral anomaly signals",,,,,,
DRF00281,Control-20,Network_Segmentation,enabled=True,enabled=False,Disable,Critical,Sanjana Sanchez,sanjana.sanchez@company.com,Anjali Menon,anjali.menon@company.com,2026-03-12 10:54:40,Policy Change,Under_Review,NONE,0,0,0,0,LOW,[],79.11,CRITICAL,55.2,0.0574,False,0.0,27.69,LOW,"Weighted rule, ML risk, and behavioral anomaly signals",,,,,,
DRF00185,Control-48,Logging,enabled=False,enabled=True,Update,Medium,Mark Davis,mark.davis@company.com,Eric Lewis,eric.lewis@company.com,2026-03-12 10:54:40,Security Update,Drifted,NONE,1,0,0,0,LOW,[],43.43,MEDIUM,66.35,0.053,False,3.8,15.77,LOW,"Weighted rule, ML risk, and behavioral anomaly signals",,,,,,
DRF00234,Control-85,Logging,enabled=True,enabled=False,Modify,Critical,Isha Garcia,isha.garcia@company.com,Ryan Martinez,ryan.martinez@company.com,2026-03-12 10:54:40,Policy Change,Under_Review,CIS,0,0,0,0,LOW,[],73.58,HIGH,61.16,0.0409,False,23.51,29.28,LOW,"Weighted rule, ML risk, and behavioral anomaly signals",,,,,,
DRF00402,Control-78,Cloud_Security,enabled=False,enabled=False,Update,Medium,Jacob Das,jacob.das@company.com,Robert Lopez,robert.lopez@company.com,2026-03-12 10:54:40,Emergency Fix,Under_Review,NONE,1,0,1,0,LOW,[],39.81,MEDIUM,63.2,0.0501,False,8.65,42.0,MEDIUM,Unresolved medium-severity review floor applied,,,,,,
DRF00422,Control-98,Access_Control,enabled=False,enabled=True,Remove,Medium,Ronald White,ronald.white@company.com,Steven Bhat,steven.bhat@company.com,2026-03-12 10:54:40,Security Update,Remediated,ISO,1,0,0,0,LOW,[],52.16,MEDIUM,47.81,0.0512,False,6.71,19.26,LOW,"Weighted rule, ML risk, and behavioral anomaly signals",,,,,,
DRF00193,Control-28,Data_Protection,enabled=True,enabled=False,Update,Low,Ryan Verma,ryan.verma@company.com,Paul White,paul.white@company.com,2026-03-13 10:54:40,Security Update,Under_Review,GDPR,1,0,0,0,LOW,[],41.77,MEDIUM,65.23,0.0594,False,0.0,14.62,LOW,"Weighted rule, ML risk, and behavioral anomaly signals",,,,,,
DRF00338,Control-19,Encryption,enabled=True,enabled=True,Modify,High,Andrew Jones,andrew.jones@company.com,Sophia Rodriguez,sophia.rodriguez@company.com,2026-03-13 10:54:40,Policy Change,Drifted,NONE,0,0,0,0,LOW,[],66.5,HIGH,52.45,0.0516,False,6.16,24.2,LOW,"Weighted rule, ML risk, and behavioral anomaly signals",,,,,,
DRF00190,Control-84,Encryption,enabled=True,enabled=True,Disable,Medium,Yuki Wilson,yuki.wilson@company.com,Timothy Rodriguez,timothy.rodriguez@company.com,2026-03-13 10:54:40,Troubleshooting,Compliant,NONE,0,0,0,98,CRITICAL,"['aws kms enable-key-rotation --key-id <key-id>', 'gcloud kms keys update <key-name> --protection-level=hsm']",42.14,MEDIUM,47.72,0.0444,False,17.84,93.0,CRITICAL,Mandatory priority floor applied for Encryption Downgrade,,,,,,
DRF00037,Control-77,DLP,enabled=True,enabled=False,Enable,Critical,Akshay Martin,akshay.martin@company.com,Anjali Pillai,anjali.pillai@company.com,2026-03-13 10:54:40,Security Update,Remediated,ISO,1,0,0,0,LOW,[],34.61,LOW,49.07,0.04,False,25.11,15.88,LOW,"Weighted rule, ML risk, and behavioral anomaly signals",,,,,,
DRF00051,Control-90,DLP,enabled=True,enabled=True,Remove,Medium,Thomas Harris,thomas.harris@company.com,Raja Martinez,raja.martinez@company.com,2026-03-13 10:54:40,Performance Tuning,Mitigated,GDPR,0,0,0,86,HIGH,['restore DLP policy from policy-as-code and redeploy to sensitive data repositories'],56.74,MEDIUM,45.55,0.05,False,8.8,64.18,MEDIUM,"Weighted rule, ML risk, and behavioral anomaly signals",,,,,,
DRF00084,Control-62,Firewall,enabled=True,enabled=False,Update,Medium,Joseph Gonzalez,joseph.gonzalez@company.com,Elena Patel,elena.patel@company.com,2026-03-13 10:54:40,Policy Change,Drifted,NIST,0,0,0,0,LOW,[],48.29,MEDIUM,73.23,0.0582,False,0.0,16.9,LOW,"Weighted rule, ML risk, and behavioral anomaly signals",,,,,,
DRF00475,Control-48,Firewall,enabled=True,enabled=False,Disable,Info,Amitabh Sanchez,amitabh.sanchez@company.com,Amara Gonzalez,amara.gonzalez@company.com,2026-03-13 10:54:40,Performance Tuning,Compliant,CIS,0,0,0,0,LOW,[],47.07,MEDIUM,52.68,0.054,False,2.2,16.8,LOW,"Weighted rule, ML risk, and behavioral anomaly signals",,,,,,
DRF00256,Control-5,Firewall,enabled=False,enabled=False,Update,Low,James Williams,james.williams@company.com,Vikram Smith,vikram.smith@company.com,2026-03-14 10:54:40,Troubleshooting,Remediated,CIS,0,0,0,0,LOW,[],21.56,LOW,79.76,0.0397,False,25.51,11.37,LOW,"Weighted rule, ML risk, and behavioral anomaly signals",,,,,,
DRF00290,Control-72,DLP,enabled=False,enabled=False,Modify,Info,Raja Williams,raja.williams@company.com,Nadia Patel,nadia.patel@company.com,2026-03-14 10:54:40,Troubleshooting,Under_Review,PCI,0,0,0,0,LOW,[],47.65,MEDIUM,72.79,0.0264,False,47.16,23.75,LOW,"Weighted rule, ML risk, and behavioral anomaly signals",,,,,,
DRF00227,Control-92,Vulnerability,enabled=True,enabled=True,Update,High,Jacob Martin,jacob.martin@company.com,Riya Rodriguez,riya.rodriguez@company.com,2026-03-15 10:54:40,Policy Change,Compliant,CIS,0,0,0,0,LOW,[],44.01,MEDIUM,66.41,0.0456,False,15.94,17.79,LOW,"Weighted rule, ML risk, and behavioral anomaly signals",,,,,,
DRF00113,Control-29,Firewall,enabled=True,enabled=True,Rollback,High,Gary Martin,gary.martin@company.com,Maria Rodriguez,maria.rodriguez@company.com,2026-03-15 10:54:40,Troubleshooting,Remediated,NONE,0,0,0,0,LOW,[],47.07,MEDIUM,77.65,0.0436,False,19.18,19.35,LOW,"Weighted rule, ML risk, and behavioral anomaly signals",,,,,,
DRF00446,Control-95,Vulnerability,enabled=True,enabled=False,Modify,Medium,Michael Rao,michael.rao@company.com,Elena Mishra,elena.mishra@company.com,2026-03-15 10:54:40,Performance Tuning,Drifted,NONE,0,0,0,0,LOW,[],50.16,MEDIUM,58.37,0.0278,False,44.91,24.29,LOW,"Weighted rule, ML risk, and behavioral anomaly signals",,,,,,
DRF00196,Control-35,Access_Control,enabled=False,enabled=False,Disable,Low,Thomas Robinson,thomas.robinson@company.com,Arjun Gupta,arjun.gupta@company.com,2026-03-15 10:54:40,Security Update,Remediated,NONE,1,0,0,0,LOW,[],40.56,LOW,44.85,0.0304,False,40.67,20.3,LOW,"Weighted rule, ML risk, and behavioral anomaly signals",,,,,,
DRF00199,Control-8,Data_Protection,enabled=True,enabled=True,Remove,Info,Charles Sharma,charles.sharma@company.com,Leila Jackson,leila.jackson@company.com,2026-03-15 10:54:40,Troubleshooting,Remediated,PCI,0,0,0,0,LOW,[],47.27,MEDIUM,52.74,0.0255,False,48.66,23.84,LOW,"Weighted rule, ML risk, and behavioral anomaly signals",,,,,,
DRF00215,Control-28,Encryption,enabled=False,enabled=False,Update,Medium,Rajesh Rodriguez,rajesh.rodriguez@company.com,Aisha Miller,aisha.miller@company.com,2026-03-16 10:54:40,Security Update,Under_Review,NONE,1,0,0,98,CRITICAL,"['aws kms enable-key-rotation --key-id <key-id>', 'gcloud kms keys update <key-name> --protection-level=hsm']",38.01,MEDIUM,58.39,0.0577,False,0.0,93.0,CRITICAL,Mandatory priority floor applied for Encryption Downgrade,,,,,,
DRF00253,Control-77,Network_Segmentation,enabled=False,enabled=True,Disable,Medium,Diya Martinez,diya.martinez@company.com,Vikram Jackson,vikram.jackson@company.com,2026-03-16 10:54:40,Troubleshooting,Mitigated,NIST,0,0,0,0,LOW,[],64.33,HIGH,52.21,0.0341,False,34.64,27.71,LOW,"Weighted rule, ML risk, and behavioral anomaly signals",,,,,,
DRF00108,Control-66,Endpoint,enabled=False,enabled=False,Disable,Info,Isha White,isha.white@company.com,Rohan Patel,rohan.patel@company.com,2026-03-16 10:54:40,Performance Tuning,Remediated,NONE,0,0,0,87,HIGH,['re-enable endpoint protection for the device and initiate a full malware scan'],32.4,LOW,55.48,0.0334,False,35.72,60.2,MEDIUM,"Weighted rule, ML risk, and behavioral anomaly signals",,,,,,
DRF00036,Control-61,Encryption,enabled=True,enabled=True,Disable,Info,Charles Miller,charles.miller@company.com,George Brown,george.brown@company.com,2026-03-16 10:54:40,Troubleshooting,Remediated,NONE,0,0,0,98,CRITICAL,"['aws kms enable-key-rotation --key-id <key-id>', 'gcloud kms keys update <key-name> --protection-level=hsm']",34.35,LOW,46.96,0.0378,False,28.67,93.0,CRITICAL,Mandatory priority floor applied for Encryption Downgrade,,,,,,
DRF00142,Control-60,Data_Protection,enabled=False,enabled=False,Update,Medium,Jason Moore,jason.moore@company.com,George Patel,george.patel@company.com,2026-03-16 10:54:40,Policy Change,Compliant,ISO,0,0,0,0,LOW,[],30.32,LOW,53.43,0.0419,False,21.94,13.9,LOW,"Weighted rule, ML risk, and behavioral anomaly signals",,,,,,
DRF00298,Control-52,Vulnerability,enabled=False,enabled=True,Enable,High,Nisha Perez,nisha.perez@company.com,Ronald Iyer,ronald.iyer@company.com,2026-03-16 10:54:40,Policy Change,Mitigated,CIS,0,0,0,0,LOW,[],47.08,MEDIUM,64.53,0.0478,False,12.38,18.33,LOW,"Weighted rule, ML risk, and behavioral anomaly signals",,,,,,
DRF00123,Control-2,Firewall,enabled=True,enabled=False,Disable,Critical,Raja Sharma,raja.sharma@company.com,Aisha Thomas,aisha.thomas@company.com,2026-03-16 10:54:40,Troubleshooting,Under_Review,NONE,0,0,0,0,LOW,[],81.14,CRITICAL,57.38,0.0541,False,2.11,28.72,LOW,"Weighted rule, ML risk, and behavioral anomaly signals",,,,,,
DRF00498,Control-18,Firewall,enabled=False,enabled=True,Enable,Critical,Priya Ramirez,priya.ramirez@company.com,Anjali Rodriguez,anjali.rodriguez@company.com,2026-03-17 10:54:40,Troubleshooting,Compliant,CIS,0,0,0,0,LOW,[],45.44,MEDIUM,54.73,0.0503,False,8.33,17.15,LOW,"Weighted rule, ML risk, and behavioral anomaly signals",,,,,,
DRF00229,Control-90,Firewall,enabled=False,enabled=True,Remove,Medium,Larry Williams,larry.williams@company.com,Sophia Robinson,sophia.robinson@company.com,2026-03-17 10:54:40,Emergency Fix,Mitigated,NIST,0,0,1,0,LOW,[],69.16,HIGH,67.84,0.0468,False,13.91,26.29,LOW,"Weighted rule, ML risk, and behavioral anomaly signals",,,,,,
DRF00435,Control-38,DLP,enabled=True,enabled=True,Rollback,Critical,Riya Davis,riya.davis@company.com,Nikhil Young,nikhil.young@company.com,2026-03-18 10:54:40,Troubleshooting,Mitigated,ISO,0,0,0,0,LOW,[],60.8,HIGH,58.94,0.0346,False,33.89,26.36,LOW,"Weighted rule, ML risk, and behavioral anomaly signals",,,,,,
DRF00306,Control-89,Firewall,enabled=True,enabled=False,Update,Medium,Akshay Lee,akshay.lee@company.com,Shruti Bhat,shruti.bhat@company.com,2026-03-18 10:54:40,Security Update,Drifted,GDPR,1,0,0,0,LOW,[],47.39,MEDIUM,72.91,0.0521,False,5.36,17.39,LOW,"Weighted rule, ML risk, and behavioral anomaly signals",,,,,,
DRF00438,Control-45,Vulnerability,enabled=True,enabled=False,Disable,Low,Charles Brown,charles.brown@company.com,Larry Pillai,larry.pillai@company.com,2026-03-18 10:54:40,Performance Tuning,Remediated,CIS,0,0,0,0,LOW,[],44.39,MEDIUM,57.59,0.051,False,7.15,16.61,LOW,"Weighted rule, ML risk, and behavioral anomaly signals",,,,,,
DRF00021,Control-48,Access_Control,enabled=True,enabled=False,Disable,Low,Maria Sanchez,maria.sanchez@company.com,Charles Reddy,charles.reddy@company.com,2026-03-19 10:54:40,Security Update,Remediated,NONE,1,0,0,0,LOW,[],38.16,LOW,49.1,0.0548,False,0.91,13.49,LOW,"Weighted rule, ML risk, and behavioral anomaly signals",,,,,,
DRF00020,Control-25,Vulnerability,enabled=True,enabled=False,Disable,Info,Nicholas Lee,nicholas.lee@company.com,Deepika Thompson,deepika.thompson@company.com,2026-03-19 10:54:40,Performance Tuning,Compliant,NONE,0,0,0,0,LOW,[],30.04,LOW,61.96,0.049,False,10.32,12.06,LOW,"Weighted rule, ML risk, and behavioral anomaly signals",,,,,,
DRF00017,Control-48,Logging,enabled=False,enabled=False,Modify,Medium,Kevin Verma,kevin.verma@company.com,Paul Brown,paul.brown@company.com,2026-03-19 10:54:40,Security Update,Under_Review,PCI,1,0,0,0,LOW,[],54.89,MEDIUM,54.01,0.0304,False,40.69,42.0,MEDIUM,Unresolved medium-severity review floor applied,,,,,,
DRF00333,Control-20,Endpoint,enabled=False,enabled=True,Update,High,Gary Verma,gary.verma@company.com,Shruti Harris,shruti.harris@company.com,2026-03-19 10:54:40,Troubleshooting,Remediated,CIS,0,0,0,0,LOW,[],42.36,MEDIUM,67.04,0.0508,False,7.44,15.94,LOW,"Weighted rule, ML risk, and behavioral anomaly signals",,,,,,
DRF00001,Control-89,Firewall,enabled=True,enabled=True,Disable,Critical,Amitabh Mishra,amitabh.mishra@company.com,Maria Lee,maria.lee@company.com,2026-03-19 10:54:40,Policy Change,Mitigated,ISO,0,0,0,0,LOW,[],86.58,CRITICAL,65.87,0.0484,False,11.28,31.99,LOW,"Weighted rule, ML risk, and behavioral anomaly signals",,,,,,
DRF00012,Control-55,Network_Segmentation,enabled=True,enabled=True,Rollback,Medium,Jason Menon,jason.menon@company.com,Deepika Garcia,deepika.garcia@company.com,2026-03-20 10:54:40,Policy Change,Compliant,CIS,0,0,0,0,LOW,[],38.1,MEDIUM,56.7,0.0651,False,0.0,13.33,LOW,"Weighted rule, ML risk, and behavioral anomaly signals",,,,,,
DRF00276,Control-58,Cloud_Security,enabled=True,enabled=False,Update,Low,Vikram Young,vikram.young@company.com,Leila Patel,leila.patel@company.com,2026-03-20 10:54:40,Performance Tuning,Mitigated,PCI,1,0,0,0,LOW,[],22.04,LOW,79.25,0.0317,False,38.58,13.5,LOW,"Weighted rule, ML risk, and behavioral anomaly signals",,,,,,
DRF00314,Control-15,Network_Segmentation,enabled=False,enabled=False,Enable,High,Priya Lewis,priya.lewis@company.com,Matthew Garcia,matthew.garcia@company.com,2026-03-20 10:54:40,Policy Change,Mitigated,GDPR,0,0,0,0,LOW,[],44.27,MEDIUM,63.78,0.0527,False,4.35,16.15,LOW,"Weighted rule, ML risk, and behavioral anomaly signals",,,,,,
DRF00093,Control-39,Endpoint,enabled=False,enabled=False,Rollback,Low,Steven Thompson,steven.thompson@company.com,Arjun Martinez,arjun.martinez@company.com,2026-03-20 10:54:40,Policy Change,Compliant,NONE,0,0,0,0,LOW,[],19.63,LOW,86.45,0.0507,False,7.67,8.02,LOW,"Weighted rule, ML risk, and behavioral anomaly signals",,,,,,
DRF00138,Control-2,Access_Control,enabled=True,enabled=True,Modify,Medium,Elena Lewis,elena.lewis@company.com,Isha Garcia,isha.garcia@company.com,2026-03-20 10:54:40,Performance Tuning,Compliant,NONE,0,0,0,0,LOW,[],28.05,LOW,62.34,0.0505,False,7.97,11.01,LOW,"Weighted rule, ML risk, and behavioral anomaly signals",,,,,,
DRF00015,Control-9,DLP,enabled=True,enabled=True,Modify,Low,James Lopez,james.lopez@company.com,Stephen Gupta,stephen.gupta@company.com,2026-03-20 10:54:40,Security Update,Under_Review,NONE,1,0,0,0,LOW,[],34.71,MEDIUM,50.41,0.0464,False,14.57,14.33,LOW,"Weighted rule, ML risk, and behavioral anomaly signals",,,,,,
DRF00468,Control-32,Firewall,enabled=False,enabled=True,Rollback,High,Aisha Menon,aisha.menon@company.com,Michael Jones,michael.jones@company.com,2026-03-21 10:54:40,Emergency Fix,Mitigated,NONE,0,0,1,0,LOW,[],49.45,MEDIUM,63.5,0.0476,False,12.63,19.2,LOW,"Weighted rule, ML risk, and behavioral anomaly signals",,,,,,
DRF00061,Control-88,Logging,enabled=False,enabled=True,Update,Medium,Michael Martinez,michael.martinez@company.com,Vikram Gonzalez,vikram.gonzalez@company.com,2026-03-21 10:54:40,Emergency Fix,Under_Review,GDPR,0,0,1,0,LOW,[],48.8,MEDIUM,67.87,0.0308,False,39.97,42.0,MEDIUM,Unresolved medium-severity review floor applied,,,,,,
DRF00454,Control-93,DLP,enabled=True,enabled=False,Disable,Low,Meera Martin,meera.martin@company.com,Aisha Das,aisha.das@company.com,2026-03-21 10:54:40,Policy Change,Under_Review,NONE,0,0,0,86,HIGH,['restore DLP policy from policy-as-code and redeploy to sensitive data repositories'],56.11,MEDIUM,33.11,0.0383,False,27.76,66.8,HIGH,"Weighted rule, ML risk, and behavioral anomaly signals",,,,,,
DRF00132,Control-5,Logging,enabled=False,enabled=False,Remove,High,Aisha Martin,aisha.martin@company.com,Robert Thomas,robert.thomas@company.com,2026-03-22 10:54:40,Emergency Fix,Under_Review,GDPR,0,0,1,97,CRITICAL,"['aws logs put-retention-policy --log-group-name <group> --retention-in-days 365', 'az monitor diagnostic-settings create --name <setting> --resource <resource-id>']",86.14,CRITICAL,60.14,0.0236,False,51.72,92.0,CRITICAL,Mandatory priority floor applied for Audit Logging Disabled,,,,,,
DRF00068,Control-93,Network_Segmentation,enabled=True,enabled=False,Enable,Low,Shruti Jackson,shruti.jackson@company.com,Aditya Patel,aditya.patel@company.com,2026-03-22 10:54:40,Performance Tuning,Compliant,NIST,0,0,0,0,LOW,[],20.95,LOW,82.11,0.0101,False,73.69,18.39,LOW,"Weighted rule, ML risk, and behavioral anomaly signals",,,,,,
DRF00097,Control-32,Endpoint,enabled=True,enabled=False,Remove,Medium,Joseph Pillai,joseph.pillai@company.com,Kenneth Anderson,kenneth.anderson@company.com,2026-03-23 10:54:40,Troubleshooting,Mitigated,ISO,0,0,0,87,HIGH,['re-enable endpoint protection for the device and initiate a full malware scan'],62.53,HIGH,47.43,0.0295,False,42.18,71.71,HIGH,"Weighted rule, ML risk, and behavioral anomaly signals",,,,,,
DRF00350,Control-15,Endpoint,enabled=False,enabled=True,Update,Critical,Kenneth Rodriguez,kenneth.rodriguez@company.com,Daniel Lopez,daniel.lopez@company.com,2026-03-23 10:54:40,Performance Tuning,Mitigated,NONE,0,0,0,0,LOW,[],43.06,MEDIUM,66.02,0.0375,False,29.09,19.43,LOW,"Weighted rule, ML risk, and behavioral anomaly signals",,,,,,
DRF00069,Control-32,Vulnerability,enabled=False,enabled=True,Rollback,Medium,Vikram Brown,vikram.brown@company.com,James Davis,james.davis@company.com,2026-03-23 10:54:40,Security Update,Under_Review,PCI,1,0,0,0,LOW,[],47.57,MEDIUM,65.56,0.042,False,21.73,42.0,MEDIUM,Unresolved medium-severity review floor applied,,,,,,
DRF00265,Control-41,Cloud_Security,enabled=True,enabled=True,Rollback,Medium,Timothy Pillai,timothy.pillai@company.com,Larry Wilson,larry.wilson@company.com,2026-03-23 10:54:40,Performance Tuning,Mitigated,NONE,0,0,0,0,LOW,[],39.67,MEDIUM,60.51,0.0449,False,17.1,16.45,LOW,"Weighted rule, ML risk, and behavioral anomaly signals",,,,,,
DRF00264,Control-32,Vulnerability,enabled=False,enabled=False,Enable,Low,Brian Harris,brian.harris@company.com,Robert Anderson,robert.anderson@company.com,2026-03-23 10:54:40,Security Update,Drifted,NIST,1,0,0,0,LOW,[],42.47,MEDIUM,68.5,0.0395,False,25.78,18.73,LOW,"Weighted rule, ML risk, and behavioral anomaly signals",,,,,,
DRF00450,Control-25,Encryption,enabled=False,enabled=True,Modify,Critical,Eric Sharma,eric.sharma@company.com,Andrew Young,andrew.young@company.com,2026-03-24 10:54:40,Policy Change,Remediated,PCI,0,0,0,98,CRITICAL,"['aws kms enable-key-rotation --key-id <key-id>', 'gcloud kms keys update <key-name> --protection-level=hsm']",63.38,HIGH,57.47,0.0507,False,7.56,93.0,CRITICAL,Mandatory priority floor applied for Encryption Downgrade,,,,,,
DRF00009,Control-44,Logging,enabled=False,enabled=False,Modify,High,Harsh Nair,harsh.nair@company.com,George Garcia,george.garcia@company.com,2026-03-24 10:54:40,Policy Change,Drifted,NIST,0,0,0,0,LOW,[],70.81,HIGH,62.33,0.0467,False,14.19,26.91,LOW,"Weighted rule, ML risk, and behavioral anomaly signals",,,,,,
DRF00220,Control-87,Vulnerability,enabled=False,enabled=False,Enable,High,Donald Pillai,donald.pillai@company.com,Donald Kumar,donald.kumar@company.com,2026-03-24 10:54:40,Policy Change,Compliant,ISO,0,0,0,0,LOW,[],41.34,MEDIUM,57.7,0.0401,False,24.91,18.21,LOW,"Weighted rule, ML risk, and behavioral anomaly signals",,,,,,
DRF00189,Control-97,Vulnerability,enabled=True,enabled=True,Enable,Info,Paul Verma,paul.verma@company.com,Christopher Bhat,christopher.bhat@company.com,2026-03-24 10:54:40,Emergency Fix,Drifted,CIS,0,0,1,0,LOW,[],42.17,MEDIUM,67.8,0.0489,False,10.56,16.34,LOW,"Weighted rule, ML risk, and behavioral anomaly signals",,,,,,
DRF00401,Control-40,Endpoint,enabled=False,enabled=True,Update,Medium,Joseph Wilson,joseph.wilson@company.com,Zainab Lee,zainab.lee@company.com,2026-03-24 10:54:40,Policy Change,Compliant,NONE,0,0,0,0,LOW,[],22.06,LOW,77.3,0.0533,False,3.33,8.22,LOW,"Weighted rule, ML risk, and behavioral anomaly signals",,,,,,
DRF00459,Control-81,Cloud_Security,enabled=False,enabled=True,Enable,Medium,Leila Martinez,leila.martinez@company.com,Andrew White,andrew.white@company.com,2026-03-24 10:54:40,Security Update,Compliant,CIS,1,0,0,0,LOW,[],25.12,LOW,72.18,0.0386,False,27.28,12.88,LOW,"Weighted rule, ML risk, and behavioral anomaly signals",,,,,,
DRF00112,Control-47,Data_Protection,enabled=False,enabled=True,Enable,Low,Aisha Iyer,aisha.iyer@company.com,James Martin,james.martin@company.com,2026-03-24 10:54:40,Policy Change,Under_Review,ISO,0,0,0,0,LOW,[],31.64,LOW,52.48,0.0383,False,27.75,15.24,LOW,"Weighted rule, ML risk, and behavioral anomaly signals",,,,,,
DRF00317,Control-74,Vulnerability,enabled=True,enabled=False,Disable,High,Edward Thompson,edward.thompson@company.com,Amitabh Harris,amitabh.harris@company.com,2026-03-24 10:54:40,Security Update,Drifted,ISO,1,0,0,0,LOW,[],80.68,HIGH,45.55,0.0311,False,39.49,34.16,LOW,"Weighted rule, ML risk, and behavioral anomaly signals",,,,,,
DRF00249,Control-45,Logging,enabled=True,enabled=True,Enable,Medium,Nadia Verma,nadia.verma@company.com,Amitabh Harris,amitabh.harris@company.com,2026-03-24 10:54:40,Security Update,Compliant,PCI,1,0,0,0,LOW,[],22.53,LOW,77.58,0.0249,False,49.68,15.34,LOW,"Weighted rule, ML risk, and behavioral anomaly signals",,,,,,
DRF00223,Control-96,Vulnerability,enabled=True,enabled=False,Update,Medium,Nikhil Singh,nikhil.singh@company.com,Rohan Mishra,rohan.mishra@company.com,2026-03-25 10:54:40,Performance Tuning,Compliant,NONE,0,0,0,0,LOW,[],21.99,LOW,78.2,0.0661,False,0.0,7.7,LOW,"Weighted rule, ML risk, and behavioral anomaly signals",,,,,,
DRF00060,Control-38,DLP,enabled=True,enabled=True,Update,Low,Thomas Bhat,thomas.bhat@company.com,Donald Singh,donald.singh@company.com,2026-03-25 10:54:40,Security Update,Under_Review,GDPR,1,0,0,0,LOW,[],40.78,MEDIUM,71.4,0.0538,False,2.52,14.65,LOW,"Weighted rule, ML risk, and behavioral anomaly signals",,,,,,
DRF00050,Control-7,Cloud_Security,enabled=True,enabled=True,Rollback,Low,Raja Thompson,raja.thompson@company.com,Maria Ghosh,maria.ghosh@company.com,2026-03-26 10:54:40,Policy Change,Remediated,CIS,0,0,0,0,LOW,[],25.29,LOW,71.84,0.0493,False,9.95,10.34,LOW,"Weighted rule, ML risk, and behavioral anomaly signals",,,,,,
DRF00263,Control-13,Data_Protection,enabled=False,enabled=True,Modify,High,Diya Lewis,diya.lewis@company.com,Kenneth White,kenneth.white@company.com,2026-03-26 10:54:40,Security Update,Remediated,NIST,1,0,0,0,LOW,[],41.42,LOW,38.8,0.0444,False,17.89,17.18,LOW,"Weighted rule, ML risk, and behavioral anomaly signals",,,,,,
DRF00134,Control-55,Encryption,enabled=True,enabled=False,Modify,Medium,Eric Hernandez,eric.hernandez@company.com,Jonathan Thompson,jonathan.thompson@company.com,2026-03-26 10:54:40,Policy Change,Remediated,ISO,0,0,0,98,CRITICAL,"['aws kms enable-key-rotation --key-id <key-id>', 'gcloud kms keys update <key-name> --protection-level=hsm']",43.48,MEDIUM,59.1,0.0375,False,29.16,93.0,CRITICAL,Mandatory priority floor applied for Encryption Downgrade,,,,,,
DRF00210,Control-86,Encryption,enabled=True,enabled=True,Disable,Medium,Ronald Anderson,ronald.anderson@company.com,Ryan Young,ryan.young@company.com,2026-03-26 10:54:40,Emergency Fix,Under_Review,PCI,0,0,1,98,CRITICAL,"['aws kms enable-key-rotation --key-id <key-id>', 'gcloud kms keys update <key-name> --protection-level=hsm']",74.26,HIGH,71.71,0.0373,False,29.43,93.0,CRITICAL,Mandatory priority floor applied for Encryption Downgrade,,,,,,
DRF00155,Control-54,Network_Segmentation,enabled=True,enabled=True,Disable,Medium,Priya Martin,priya.martin@company.com,Yuki White,yuki.white@company.com,2026-03-26 10:54:40,Policy Change,Under_Review,ISO,0,0,0,0,LOW,[],72.85,HIGH,55.83,0.0445,False,17.71,42.0,MEDIUM,Unresolved medium-severity review floor applied,,,,,,
DRF00109,Control-94,Access_Control,enabled=False,enabled=False,Rollback,Info,Elena Reddy,elena.reddy@company.com,Daniel Anderson,daniel.anderson@company.com,2026-03-26 10:54:40,Emergency Fix,Remediated,NONE,0,0,1,0,LOW,[],18.08,LOW,90.44,0.0598,False,0.0,6.33,LOW,"Weighted rule, ML risk, and behavioral anomaly signals",,,,,,
DRF00076,Control-62,Vulnerability,enabled=False,enabled=False,Disable,High,Larry Martinez,larry.martinez@company.com,George Taylor,george.taylor@company.com,2026-03-26 10:54:40,Troubleshooting,Drifted,NONE,0,0,0,0,LOW,[],73.45,HIGH,44.12,0.0503,False,8.17,26.93,LOW,"Weighted rule, ML risk, and behavioral anomaly signals",,,,,,
DRF00062,Control-20,Vulnerability,enabled=False,enabled=False,Rollback,Medium,Mark Young,mark.young@company.com,Sanjana Verma,sanjana.verma@company.com,2026-03-26 10:54:40,Performance Tuning,Mitigated,NONE,0,0,0,0,LOW,[],38.92,MEDIUM,59.86,0.0552,False,0.27,13.66,LOW,"Weighted rule, ML risk, and behavioral anomaly signals",,,,,,
DRF00030,Control-34,Cloud_Security,enabled=True,enabled=True,Remove,Medium,Andrew Thompson,andrew.thompson@company.com,Aisha Lewis,aisha.lewis@company.com,2026-03-26 10:54:40,Performance Tuning,Remediated,ISO,0,0,0,88,HIGH,['restore cloud guardrail policy in policy-as-code and redeploy the policy template'],57.11,MEDIUM,40.91,0.0392,False,26.26,67.93,HIGH,"Weighted rule, ML risk, and behavioral anomaly signals",,,,,,
DRF00388,Control-65,Logging,enabled=False,enabled=False,Modify,Critical,Jason Thomas,jason.thomas@company.com,Gary Reddy,gary.reddy@company.com,2026-03-26 10:54:40,Troubleshooting,Under_Review,ISO,0,0,0,0,LOW,[],71.67,HIGH,55.02,0.0348,False,33.52,30.11,LOW,"Weighted rule, ML risk, and behavioral anomaly signals",,,,,,
DRF00413,Control-13,Cloud_Security,enabled=True,enabled=True,Disable,Medium,Aisha Moore,aisha.moore@company.com,Ryan Jones,ryan.jones@company.com,2026-03-26 10:54:40,Performance Tuning,Compliant,GDPR,0,0,0,88,HIGH,['restore cloud guardrail policy in policy-as-code and redeploy the policy template'],60.21,HIGH,39.91,0.05,False,8.78,66.39,HIGH,"Weighted rule, ML risk, and behavioral anomaly signals",,,,,,
DRF00213,Control-84,Cloud_Security,enabled=True,enabled=False,Update,Critical,Richard Taylor,richard.taylor@company.com,Nisha Bhat,nisha.bhat@company.com,2026-03-27 10:54:40,Emergency Fix,Under_Review,CIS,1,0,1,0,LOW,[],65.07,HIGH,57.36,0.0507,False,7.6,23.91,LOW,"Weighted rule, ML risk, and behavioral anomaly signals",,,,,,
DRF00477,Control-51,Vulnerability,enabled=False,enabled=True,Rollback,Medium,Yuki Rodriguez,yuki.rodriguez@company.com,Pooja Johnson,pooja.johnson@company.com,2026-03-27 10:54:40,Performance Tuning,Mitigated,NIST,0,0,0,0,LOW,[],44.81,MEDIUM,63.96,0.0432,False,19.75,18.65,LOW,"Weighted rule, ML risk, and behavioral anomaly signals",,,,,,
DRF00041,Control-56,Endpoint,enabled=True,enabled=True,Update,Critical,Andrew Garcia,andrew.garcia@company.com,Stephen Bhat,stephen.bhat@company.com,2026-03-27 10:54:40,Security Update,Drifted,NIST,1,0,0,0,LOW,[],67.38,HIGH,67.65,0.0432,False,19.82,78.0,HIGH,Critical unresolved drift floor applied,,,,,,
DRF00168,Control-72,Firewall,enabled=False,enabled=False,Modify,Critical,Neha Ramirez,neha.ramirez@company.com,Zainab Johnson,zainab.johnson@company.com,2026-03-27 10:54:40,Policy Change,Drifted,CIS,0,0,0,0,LOW,[],82.28,CRITICAL,47.2,0.0512,False,6.8,78.0,HIGH,Critical unresolved drift floor applied,,,,,,
DRF00099,Control-80,Network_Segmentation,enabled=False,enabled=False,Enable,Low,Gary Sharma,gary.sharma@company.com,Meera Harris,meera.harris@company.com,2026-03-28 10:54:40,Emergency Fix,Mitigated,ISO,0,0,1,0,LOW,[],20.97,LOW,81.11,0.0178,False,61.12,16.51,LOW,"Weighted rule, ML risk, and behavioral anomaly signals",,,,,,
DRF00165,Control-28,Vulnerability,enabled=True,enabled=True,Rollback,Medium,Larry Perez,larry.perez@company.com,Paul Taylor,paul.taylor@company.com,2026-03-28 10:54:40,Performance Tuning,Compliant,PCI,0,0,0,0,LOW,[],39.7,MEDIUM,65.4,0.0223,False,53.86,21.97,LOW,"Weighted rule, ML risk, and behavioral anomaly signals",,,,,,
DRF00480,Control-31,Cloud_Security,enabled=False,enabled=False,Update,High,Meera Patel,meera.patel@company.com,Meera Johnson,meera.johnson@company.com,2026-03-28 10:54:40,Security Update,Drifted,NONE,1,0,0,0,LOW,[],58.47,HIGH,41.14,0.0366,False,30.59,25.05,LOW,"Weighted rule, ML risk, and behavioral anomaly signals",,,,,,
DRF00312,Control-31,DLP,enabled=True,enabled=True,Disable,Low,Harsh Young,harsh.young@company.com,Robert Davis,robert.davis@company.com,2026-03-28 10:54:40,Policy Change,Mitigated,PCI,0,0,0,86,HIGH,['restore DLP policy from policy-as-code and redeploy to sensitive data repositories'],50.6,MEDIUM,57.8,0.0328,False,36.69,66.21,HIGH,"Weighted rule, ML risk, and behavioral anomaly signals",,,,,,
DRF00331,Control-2,DLP,enabled=False,enabled=False,Update,Low,Harsh Smith,harsh.smith@company.com,Timothy Verma,timothy.verma@company.com,2026-03-28 10:54:40,Emergency Fix,Under_Review,NONE,0,0,1,0,LOW,[],26.09,LOW,67.72,0.0306,False,40.33,15.18,LOW,"Weighted rule, ML risk, and behavioral anomaly signals",,,,,,
DRF00349,Control-18,Data_Protection,enabled=False,enabled=True,Disable,Medium,Sofia Garcia,sofia.garcia@company.com,Riya Davis,riya.davis@company.com,2026-03-28 10:54:40,Emergency Fix,Under_Review,CIS,0,0,1,0,LOW,[],77.31,HIGH,60.52,0.0332,False,36.17,42.0,MEDIUM,Unresolved medium-severity review floor applied,,,,,,
DRF00364,Control-88,Cloud_Security,enabled=False,enabled=True,Remove,High,Xiulan Johnson,xiulan.johnson@company.com,Neha Williams,neha.williams@company.com,2026-03-28 10:54:40,Security Update,Under_Review,NONE,1,0,0,88,HIGH,['restore cloud guardrail policy in policy-as-code and redeploy the policy template'],79.6,HIGH,47.41,0.0329,False,36.66,77.36,HIGH,"Weighted rule, ML risk, and behavioral anomaly signals",,,,,,
DRF00409,Control-70,Data_Protection,enabled=True,enabled=False,Enable,Medium,Sofia Taylor,sofia.taylor@company.com,Timothy Mishra,timothy.mishra@company.com,2026-03-28 10:54:40,Policy Change,Drifted,ISO,0,0,0,0,LOW,[],48.83,MEDIUM,52.58,0.0307,False,40.22,23.12,LOW,"Weighted rule, ML risk, and behavioral anomaly signals",,,,,,
DRF00377,Control-78,Endpoint,enabled=True,enabled=True,Rollback,High,Xiulan Young,xiulan.young@company.com,Charles White,charles.white@company.com,2026-03-29 10:54:40,Performance Tuning,Under_Review,NONE,0,0,0,0,LOW,[],60.38,HIGH,52.35,0.0171,False,62.29,30.48,LOW,"Weighted rule, ML risk, and behavioral anomaly signals",,,,,,
DRF00392,Control-58,Endpoint,enabled=True,enabled=True,Enable,High,Rajesh Singh,rajesh.singh@company.com,Kevin Pillai,kevin.pillai@company.com,2026-03-29 10:54:40,Policy Change,Compliant,NONE,0,0,0,0,LOW,[],38.37,MEDIUM,64.28,0.0234,False,52.05,21.24,LOW,"Weighted rule, ML risk, and behavioral anomaly signals",,,,,,
DRF00416,Control-91,Access_Control,enabled=False,enabled=True,Modify,High,Richard Menon,richard.menon@company.com,Zainab Gupta,zainab.gupta@company.com,2026-03-29 10:54:40,Emergency Fix,Under_Review,PCI,0,0,1,0,LOW,[],70.96,HIGH,62.15,0.0245,False,50.21,32.37,LOW,"Weighted rule, ML risk, and behavioral anomaly signals",,,,,,
DRF00442,Control-99,Vulnerability,enabled=False,enabled=False,Update,Medium,Pooja Ramirez,pooja.ramirez@company.com,Brian Sanchez,brian.sanchez@company.com,2026-03-30 10:54:40,Emergency Fix,Drifted,NONE,0,0,1,0,LOW,[],43.32,MEDIUM,68.16,0.0599,False,0.0,15.16,LOW,"Weighted rule, ML risk, and behavioral anomaly signals",,,,,,
DRF00381,Control-29,Encryption,enabled=True,enabled=False,Enable,Low,William Iyer,william.iyer@company.com,Meera Perez,meera.perez@company.com,2026-03-30 10:54:40,Security Update,Drifted,ISO,1,0,0,98,CRITICAL,"['aws kms enable-key-rotation --key-id <key-id>', 'gcloud kms keys update <key-name> --protection-level=hsm']",38.93,MEDIUM,61.95,0.0219,False,54.56,93.0,CRITICAL,Mandatory priority floor applied for Encryption Downgrade,,,,,,
DRF00026,Control-67,Vulnerability,enabled=False,enabled=True,Update,Critical,Amara Rao,amara.rao@company.com,Meera Jones,meera.jones@company.com,2026-03-30 10:54:40,Emergency Fix,Under_Review,NONE,0,0,1,0,LOW,[],52.39,MEDIUM,58.64,0.0599,False,0.0,18.34,LOW,"Weighted rule, ML risk, and behavioral anomaly signals",,,,,,
DRF00279,Control-65,Network_Segmentation,enabled=False,enabled=False,Rollback,Medium,Jacob Harris,jacob.harris@company.com,Nikhil Martinez,nikhil.martinez@company.com,2026-03-30 10:54:40,Security Update,Remediated,GDPR,1,0,0,0,LOW,[],28.0,LOW,62.44,0.0451,False,16.69,12.3,LOW,"Weighted rule, ML risk, and behavioral anomaly signals",,,,,,
DRF00048,Control-42,Encryption,enabled=True,enabled=False,Enable,Medium,Jonathan Clark,jonathan.clark@company.com,Deepika Jackson,deepika.jackson@company.com,2026-03-31 10:54:40,Policy Change,Compliant,NIST,0,0,0,98,CRITICAL,"['aws kms enable-key-rotation --key-id <key-id>', 'gcloud kms keys update <key-name> --protection-level=hsm']",26.86,LOW,65.59,0.0324,False,37.39,93.0,CRITICAL,Mandatory priority floor applied for Encryption Downgrade,,,,,,
DRF00366,Control-96,DLP,enabled=False,enabled=True,Disable,Low,Rajesh Harris,rajesh.harris@company.com,George Garcia,george.garcia@company.com,2026-03-31 10:54:40,Security Update,Under_Review,ISO,1,0,0,86,HIGH,['restore DLP policy from policy-as-code and redeploy to sensitive data repositories'],60.78,HIGH,43.13,0.0357,False,32.07,69.08,HIGH,"Weighted rule, ML risk, and behavioral anomaly signals",,,,,,
DRF00038,Control-75,Data_Protection,enabled=False,enabled=True,Modify,Info,George Patel,george.patel@company.com,George Bhat,george.bhat@company.com,2026-03-31 10:54:40,Performance Tuning,Drifted,NONE,0,0,0,0,LOW,[],42.58,MEDIUM,56.49,0.0425,False,20.94,18.04,LOW,"Weighted rule, ML risk, and behavioral anomaly signals",,,,,,
DRF00143,Control-64,Firewall,enabled=False,enabled=True,Enable,Medium,Pooja Lewis,pooja.lewis@company.com,Vikram Nair,vikram.nair@company.com,2026-03-31 10:54:40,Policy Change,Remediated,NONE,0,0,0,0,LOW,[],21.79,LOW,79.68,0.0499,False,8.91,8.96,LOW,"Weighted rule, ML risk, and behavioral anomaly signals",,,,,,
DRF00198,Control-68,Cloud_Security,enabled=True,enabled=False,Update,Medium,Timothy Lee,timothy.lee@company.com,Karan Menon,karan.menon@company.com,2026-03-31 10:54:40,Performance Tuning,Mitigated,NONE,1,0,0,0,LOW,[],32.44,LOW,49.07,0.0428,False,20.39,14.41,LOW,"Weighted rule, ML risk, and behavioral anomaly signals",,,,,,
DRF00481,Control-21,Vulnerability,enabled=True,enabled=False,Remove,Medium,Elena Rodriguez,elena.rodriguez@company.com,Vikram Thompson,vikram.thompson@company.com,2026-03-31 10:54:40,Emergency Fix,Drifted,GDPR,0,0,1,0,LOW,[],67.71,HIGH,66.29,0.0477,False,12.52,25.58,LOW,"Weighted rule, ML risk, and behavioral anomaly signals",,,,,,
DRF00428,Control-80,Network_Segmentation,enabled=False,enabled=True,Remove,Medium,Sofia Smith,sofia.smith@company.com,Larry Clark,larry.clark@company.com,2026-03-31 10:54:40,Security Update,Under_Review,NONE,1,0,0,0,LOW,[],61.06,HIGH,44.92,0.0521,False,5.4,42.0,MEDIUM,Unresolved medium-severity review floor applied,,,,,,
DRF00002,Control-18,Logging,enabled=True,enabled=False,Rollback,Low,Meera Williams,meera.williams@company.com,Timothy Miller,timothy.miller@company.com,2026-03-31 10:54:40,Security Update,Compliant,NONE,1,0,0,0,LOW,[],18.62,LOW,88.57,0.0484,False,11.28,8.21,LOW,"Weighted rule, ML risk, and behavioral anomaly signals",,,,,,
DRF00018,Control-28,Firewall,enabled=True,enabled=False,Update,Medium,Timothy Davis,timothy.davis@company.com,Mark Clark,mark.clark@company.com,2026-03-31 10:54:40,Policy Change,Mitigated,NIST,0,0,0,0,LOW,[],37.86,MEDIUM,60.45,0.0554,False,0.0,13.25,LOW,"Weighted rule, ML risk, and behavioral anomaly signals",,,,,,
DRF00208,Control-57,DLP,enabled=False,enabled=True,Enable,Low,Charles Pillai,charles.pillai@company.com,Amitabh Gonzalez,amitabh.gonzalez@company.com,2026-03-31 10:54:40,Performance Tuning,Compliant,ISO,0,0,0,0,LOW,[],18.46,LOW,89.42,0.0298,False,41.71,12.72,LOW,"Weighted rule, ML risk, and behavioral anomaly signals",,,,,,
DRF00484,Control-2,DLP,enabled=False,enabled=False,Rollback,High,George Lee,george.lee@company.com,Sophia Mishra,sophia.mishra@company.com,2026-04-01 10:54:40,Troubleshooting,Drifted,PCI,0,0,0,0,LOW,[],68.61,HIGH,76.71,0.0336,False,35.41,29.32,LOW,"Weighted rule, ML risk, and behavioral anomaly signals",,,,,,
DRF00310,Control-32,Vulnerability,enabled=False,enabled=False,Update,Medium,Andrew Taylor,andrew.taylor@company.com,Andrew Jackson,andrew.jackson@company.com,2026-04-01 10:54:40,Troubleshooting,Compliant,NONE,0,0,0,0,LOW,[],22.2,LOW,76.88,0.056,False,0.0,7.77,LOW,"Weighted rule, ML risk, and behavioral anomaly signals",,,,,,
DRF00114,Control-88,Endpoint,enabled=True,enabled=False,Update,Low,Timothy Wilson,timothy.wilson@company.com,Fatima Nair,fatima.nair@company.com,2026-04-01 10:54:40,Troubleshooting,Compliant,ISO,0,0,0,0,LOW,[],18.54,LOW,89.69,0.035,False,33.2,11.47,LOW,"Weighted rule, ML risk, and behavioral anomaly signals",,,,,,
DRF00385,Control-38,Network_Segmentation,enabled=True,enabled=False,Enable,Critical,William Bhat,william.bhat@company.com,Arjun Garcia,arjun.garcia@company.com,2026-04-01 10:54:40,Troubleshooting,Drifted,NONE,0,0,0,0,LOW,[],59.4,HIGH,51.87,0.0455,False,16.15,78.0,HIGH,Critical unresolved drift floor applied,,,,,,
DRF00167,Control-68,Logging,enabled=False,enabled=True,Update,Medium,Nicholas Patel,nicholas.patel@company.com,David Lee,david.lee@company.com,2026-04-01 10:54:40,Policy Change,Under_Review,NONE,0,0,0,0,LOW,[],38.12,MEDIUM,63.33,0.0518,False,5.81,42.0,MEDIUM,Unresolved medium-severity review floor applied,,,,,,
DRF00183,Control-51,Logging,enabled=True,enabled=True,Remove,Critical,Nadia Reddy,nadia.reddy@company.com,Daniel Mishra,daniel.mishra@company.com,2026-04-01 10:54:40,Policy Change,Remediated,ISO,0,0,0,97,CRITICAL,"['aws logs put-retention-policy --log-group-name <group> --retention-in-days 365', 'az monitor diagnostic-settings create --name <setting> --resource <resource-id>']",73.01,HIGH,48.17,0.0391,False,26.58,92.0,CRITICAL,Mandatory priority floor applied for Audit Logging Disabled,,,,,,
DRF00087,Control-54,Data_Protection,enabled=True,enabled=True,Rollback,High,Pooja Brown,pooja.brown@company.com,Jacob Davis,jacob.davis@company.com,2026-04-01 10:54:40,Performance Tuning,Drifted,NONE,0,0,0,0,LOW,[],65.71,HIGH,72.53,0.0515,False,6.25,23.94,LOW,"Weighted rule, ML risk, and behavioral anomaly signals",,,,,,
DRF00118,Control-82,DLP,enabled=True,enabled=True,Update,Low,Nisha Kumar,nisha.kumar@company.com,Priya Mishra,priya.mishra@company.com,2026-04-02 10:54:40,Security Update,Remediated,ISO,1,0,0,0,LOW,[],18.75,LOW,87.94,0.0534,False,3.2,7.04,LOW,"Weighted rule, ML risk, and behavioral anomaly signals",,,,,,
DRF00323,Control-13,Encryption,enabled=True,enabled=False,Rollback,High,Stephen Verma,stephen.verma@company.com,Amitabh Ghosh,amitabh.ghosh@company.com,2026-04-02 10:54:40,Policy Change,Drifted,NONE,0,0,0,98,CRITICAL,"['aws kms enable-key-rotation --key-id <key-id>', 'gcloud kms keys update <key-name> --protection-level=hsm']",65.57,HIGH,75.3,0.0528,False,4.2,93.0,CRITICAL,Mandatory priority floor applied for Encryption Downgrade,,,,,,
DRF00397,Control-89,Vulnerability,enabled=False,enabled=False,Remove,Medium,William Gonzalez,william.gonzalez@company.com,Mark Anderson,mark.anderson@company.com,2026-04-02 10:54:40,Emergency Fix,Mitigated,GDPR,0,0,1,0,LOW,[],60.15,HIGH,44.79,0.0511,False,6.96,22.1,LOW,"Weighted rule, ML risk, and behavioral anomaly signals",,,,,,
DRF00171,Control-12,Access_Control,enabled=False,enabled=True,Update,Info,Priya Robinson,priya.robinson@company.com,Varun Das,varun.das@company.com,2026-04-02 10:54:40,Emergency Fix,Remediated,ISO,0,0,1,0,LOW,[],17.81,LOW,91.08,0.0556,False,0.0,6.23,LOW,"Weighted rule, ML risk, and behavioral anomaly signals",,,,,,
DRF00187,Control-46,Firewall,enabled=False,enabled=False,Modify,Medium,Kenneth Gonzalez,kenneth.gonzalez@company.com,Meera Hernandez,meera.hernandez@company.com,2026-04-02 10:54:40,Emergency Fix,Remediated,NONE,0,0,1,0,LOW,[],32.81,LOW,47.41,0.0585,False,0.0,11.48,LOW,"Weighted rule, ML risk, and behavioral anomaly signals",,,,,,
DRF00179,Control-14,Network_Segmentation,enabled=False,enabled=True,Update,Critical,George Miller,george.miller@company.com,Nicholas Rodriguez,nicholas.rodriguez@company.com,2026-04-02 10:54:40,Security Update,Drifted,NONE,1,0,0,0,LOW,[],54.64,HIGH,42.99,0.0655,False,0.0,78.0,HIGH,Critical unresolved drift floor applied,,,,,,
DRF00232,Control-46,DLP,enabled=True,enabled=False,Disable,Info,Thomas Ghosh,thomas.ghosh@company.com,Aisha Pillai,aisha.pillai@company.com,2026-04-02 10:54:40,Emergency Fix,Drifted,CIS,0,0,1,86,HIGH,['restore DLP policy from policy-as-code and redeploy to sensitive data repositories'],65.79,HIGH,39.45,0.0518,False,5.73,66.89,HIGH,"Weighted rule, ML risk, and behavioral anomaly signals",,,,,,
DRF00211,Control-34,Logging,enabled=False,enabled=False,Modify,Medium,Raja Hernandez,raja.hernandez@company.com,Eric Iyer,eric.iyer@company.com,2026-04-02 10:54:40,Security Update,Under_Review,NIST,1,0,0,0,LOW,[],53.73,MEDIUM,57.99,0.0431,False,19.94,42.0,MEDIUM,Unresolved medium-severity review floor applied,,,,,,
DRF00313,Control-93,Access_Control,enabled=False,enabled=False,Modify,Low,Ryan Thomas,ryan.thomas@company.com,Amitabh Martinez,amitabh.martinez@company.com,2026-04-03 10:54:40,Emergency Fix,Compliant,NONE,0,0,1,0,LOW,[],20.56,LOW,83.35,0.0498,False,9.08,8.56,LOW,"Weighted rule, ML risk, and behavioral anomaly signals",,,,,,
DRF00419,Control-25,Access_Control,enabled=False,enabled=False,Remove,Medium,Nikhil Martinez,nikhil.martinez@company.com,Fatima Brown,fatima.brown@company.com,2026-04-03 10:54:40,Security Update,Remediated,CIS,1,0,0,0,LOW,[],50.69,MEDIUM,48.58,0.0598,False,0.0,17.74,LOW,"Weighted rule, ML risk, and behavioral anomaly signals",,,,,,
DRF00082,Control-17,Network_Segmentation,enabled=True,enabled=False,Remove,Medium,Anjali Thompson,anjali.thompson@company.com,Kenneth Sharma,kenneth.sharma@company.com,2026-04-03 10:54:40,Troubleshooting,Remediated,GDPR,0,0,0,0,LOW,[],56.69,MEDIUM,50.81,0.0498,False,9.05,21.2,LOW,"Weighted rule, ML risk, and behavioral anomaly signals",,,,,,
DRF00496,Control-14,Encryption,enabled=False,enabled=True,Enable,Info,Aisha Lewis,aisha.lewis@company.com,Richard Gupta,richard.gupta@company.com,2026-04-03 10:54:40,Policy Change,Under_Review,NONE,0,0,0,98,CRITICAL,"['aws kms enable-key-rotation --key-id <key-id>', 'gcloud kms keys update <key-name> --protection-level=hsm']",24.46,LOW,71.53,0.0478,False,12.36,93.0,CRITICAL,Mandatory priority floor applied for Encryption Downgrade,,,,,,
DRF00255,Control-22,Vulnerability,enabled=True,enabled=True,Remove,Medium,Neha Verma,neha.verma@company.com,Joshua Anderson,joshua.anderson@company.com,2026-04-03 10:54:40,Emergency Fix,Mitigated,ISO,0,0,1,0,LOW,[],58.12,MEDIUM,42.92,0.0508,False,7.44,21.46,LOW,"Weighted rule, ML risk, and behavioral anomaly signals",,,,,,
DRF00491,Control-88,Logging,enabled=True,enabled=False,Enable,Low,Fatima Sharma,fatima.sharma@company.com,Daniel Iyer,daniel.iyer@company.com,2026-04-04 10:54:40,Emergency Fix,Mitigated,NIST,0,0,1,0,LOW,[],25.62,LOW,67.61,0.028,False,44.63,15.66,LOW,"Weighted rule, ML risk, and behavioral anomaly signals",,,,,,
DRF00335,Control-54,Access_Control,enabled=False,enabled=False,Update,Info,Brian Singh,brian.singh@company.com,Steven Sharma,steven.sharma@company.com,2026-04-04 10:54:40,Troubleshooting,Remediated,NIST,0,0,0,0,LOW,[],22.8,LOW,77.79,0.0334,False,35.71,13.34,LOW,"Weighted rule, ML risk, and behavioral anomaly signals",,,,,,
DRF00260,Control-85,Endpoint,enabled=True,enabled=False,Remove,Medium,Deepika Das,deepika.das@company.com,Matthew Ghosh,matthew.ghosh@company.com,2026-04-04 10:54:40,Security Update,Drifted,GDPR,1,0,0,87,HIGH,['re-enable endpoint protection for the device and initiate a full malware scan'],73.93,HIGH,54.65,0.0247,False,50.04,76.88,HIGH,"Weighted rule, ML risk, and behavioral anomaly signals",,,,,,
DRF00363,Control-66,DLP,enabled=False,enabled=False,Enable,Medium,Ronald Thompson,ronald.thompson@company.com,Sophia Gupta,sophia.gupta@company.com,2026-04-04 10:54:40,Security Update,Remediated,PCI,1,0,0,0,LOW,[],24.4,LOW,71.9,0.0211,False,55.82,16.91,LOW,"Weighted rule, ML risk, and behavioral anomaly signals",,,,,,
DRF00396,Control-45,Endpoint,enabled=True,enabled=True,Rollback,Low,Elena Lewis,elena.lewis@company.com,Leila Martinez,leila.martinez@company.com,2026-04-04 10:54:40,Policy Change,Compliant,CIS,0,0,0,0,LOW,[],28.65,LOW,61.74,0.0325,False,37.24,15.61,LOW,"Weighted rule, ML risk, and behavioral anomaly signals",,,,,,
DRF00293,Control-13,Endpoint,enabled=True,enabled=False,Rollback,Medium,Gary Thomas,gary.thomas@company.com,Maria Moore,maria.moore@company.com,2026-04-04 10:54:40,Troubleshooting,Remediated,NIST,0,0,0,0,LOW,[],42.12,MEDIUM,67.3,0.0315,False,38.92,20.58,LOW,"Weighted rule, ML risk, and behavioral anomaly signals",,,,,,
DRF00116,Control-47,Network_Segmentation,enabled=True,enabled=False,Modify,Info,Brian Martinez,brian.martinez@company.com,Amitabh Moore,amitabh.moore@company.com,2026-04-04 10:54:40,Policy Change,Drifted,PCI,0,0,0,0,LOW,[],49.07,MEDIUM,66.57,0.028,False,44.56,23.86,LOW,"Weighted rule, ML risk, and behavioral anomaly signals",,,,,,
DRF00296,Control-93,Data_Protection,enabled=True,enabled=False,Rollback,Medium,Richard Rao,richard.rao@company.com,Brian Young,brian.young@company.com,2026-04-04 10:54:40,Emergency Fix,Remediated,NIST,0,0,1,0,LOW,[],40.97,MEDIUM,59.12,0.0345,False,33.97,19.43,LOW,"Weighted rule, ML risk, and behavioral anomaly signals",,,,,,
DRF00066,Control-59,Cloud_Security,enabled=False,enabled=False,Enable,Medium,David Moore,david.moore@company.com,Rajesh Clark,rajesh.clark@company.com,2026-04-04 10:54:40,Emergency Fix,Drifted,CIS,0,0,1,0,LOW,[],47.5,MEDIUM,71.38,0.0357,False,31.98,21.42,LOW,"Weighted rule, ML risk, and behavioral anomaly signals",,,,,,
DRF00486,Control-77,Vulnerability,enabled=True,enabled=True,Rollback,Info,Paul Davis,paul.davis@company.com,Rohan Martin,rohan.martin@company.com,2026-04-05 10:54:40,Policy Change,Drifted,NONE,0,0,0,0,LOW,[],37.36,LOW,44.0,0.0446,False,17.59,15.71,LOW,"Weighted rule, ML risk, and behavioral anomaly signals",,,,,,
DRF00133,Control-98,Logging,enabled=True,enabled=True,Disable,High,Anjali Rao,anjali.rao@company.com,Deepika Singh,deepika.singh@company.com,2026-04-05 10:54:40,Security Update,Remediated,NIST,1,0,0,97,CRITICAL,"['aws logs put-retention-policy --log-group-name <group> --retention-in-days 365', 'az monitor diagnostic-settings create --name <setting> --resource <resource-id>']",66.65,HIGH,39.49,0.0176,False,61.47,92.0,CRITICAL,Mandatory priority floor applied for Audit Logging Disabled,,,,,,
DRF00319,Control-47,Vulnerability,enabled=False,enabled=False,Update,Medium,Amara Moore,amara.moore@company.com,Jacob Sanchez,jacob.sanchez@company.com,2026-04-05 10:54:40,Performance Tuning,Compliant,NONE,0,0,0,0,LOW,[],25.08,LOW,69.02,0.0401,False,24.86,12.51,LOW,"Weighted rule, ML risk, and behavioral anomaly signals",,,,,,
DRF00148,Control-98,Vulnerability,enabled=True,enabled=True,Disable,High,Maria Gonzalez,maria.gonzalez@company.com,Jason Patel,jason.patel@company.com,2026-04-05 10:54:40,Security Update,Mitigated,GDPR,1,0,0,0,LOW,[],68.63,HIGH,59.36,0.0169,False,62.67,33.42,LOW,"Weighted rule, ML risk, and behavioral anomaly signals",,,,,,
DRF00081,Control-23,Vulnerability,enabled=True,enabled=False,Disable,High,Zainab Bhat,zainab.bhat@company.com,Deepika Martinez,deepika.martinez@company.com,2026-04-05 10:54:40,Emergency Fix,Drifted,NONE,0,0,1,0,LOW,[],75.27,HIGH,45.92,0.0365,False,30.7,30.95,LOW,"Weighted rule, ML risk, and behavioral anomaly signals",,,,,,
DRF00424,Control-79,Firewall,enabled=False,enabled=True,Update,Medium,Jason Martin,jason.martin@company.com,Matthew Ramirez,matthew.ramirez@company.com,2026-04-05 10:54:40,Emergency Fix,Compliant,NONE,0,0,1,0,LOW,[],25.11,LOW,71.99,0.036,False,31.52,13.52,LOW,"Weighted rule, ML risk, and behavioral anomaly signals",,,,,,
DRF00399,Control-29,Access_Control,enabled=False,enabled=False,Remove,High,Ronald Harris,ronald.harris@company.com,Yuki Thomas,yuki.thomas@company.com,2026-04-05 10:54:40,Security Update,Mitigated,NONE,1,0,0,0,LOW,[],67.3,HIGH,59.11,0.0342,False,34.43,28.72,LOW,"Weighted rule, ML risk, and behavioral anomaly signals",,,,,,
DRF00039,Control-75,Vulnerability,enabled=False,enabled=False,Rollback,Medium,Thomas Young,thomas.young@company.com,James Williams,james.williams@company.com,2026-04-05 10:54:40,Policy Change,Remediated,NONE,0,0,0,0,LOW,[],37.17,MEDIUM,58.13,0.0446,False,17.59,15.65,LOW,"Weighted rule, ML risk, and behavioral anomaly signals",,,,,,
DRF00071,Control-54,Data_Protection,enabled=False,enabled=True,Disable,Critical,Rajesh Sharma,rajesh.sharma@company.com,Deepika Das,deepika.das@company.com,2026-04-05 10:54:40,Security Update,Remediated,NONE,1,0,0,0,LOW,[],65.35,CRITICAL,32.94,0.0268,False,46.58,29.86,LOW,"Weighted rule, ML risk, and behavioral anomaly signals",,,,,,
DRF00372,Control-51,Network_Segmentation,enabled=False,enabled=False,Remove,Medium,David Robinson,david.robinson@company.com,Ronald Harris,ronald.harris@company.com,2026-04-05 10:54:40,Security Update,Remediated,CIS,1,0,0,0,LOW,[],51.48,MEDIUM,37.72,0.0299,False,41.55,24.25,LOW,"Weighted rule, ML risk, and behavioral anomaly signals",,,,,,
DRF00121,Control-46,Endpoint,enabled=False,enabled=True,Modify,Critical,Diya Gupta,diya.gupta@company.com,Riya Verma,riya.verma@company.com,2026-04-06 10:54:40,Troubleshooting,Remediated,NIST,0,0,0,0,LOW,[],59.07,HIGH,49.36,0.0249,False,49.58,28.11,LOW,"Weighted rule, ML risk, and behavioral anomaly signals",,,,,,
DRF00127,Control-10,DLP,enabled=False,enabled=True,Update,Critical,Paul Lee,paul.lee@company.com,Nadia Gupta,nadia.gupta@company.com,2026-04-06 10:54:40,Security Update,Compliant,NONE,1,0,0,0,LOW,[],32.39,LOW,49.09,0.0567,False,0.0,11.34,LOW,"Weighted rule, ML risk, and behavioral anomaly signals",,,,,,
DRF00487,Control-86,DLP,enabled=False,enabled=False,Disable,Critical,Rohan Gonzalez,rohan.gonzalez@company.com,Isha Patel,isha.patel@company.com,2026-04-06 10:54:40,Policy Change,Compliant,NONE,0,0,0,86,HIGH,['restore DLP policy from policy-as-code and redeploy to sensitive data repositories'],66.35,HIGH,39.8,0.0462,False,14.99,68.47,HIGH,"Weighted rule, ML risk, and behavioral anomaly signals",,,,,,
DRF00295,Control-78,DLP,enabled=True,enabled=False,Modify,High,Riya Sharma,riya.sharma@company.com,William Patel,william.patel@company.com,2026-04-06 10:54:40,Security Update,Mitigated,CIS,1,0,0,0,LOW,[],49.61,MEDIUM,59.79,0.039,False,26.66,21.36,LOW,"Weighted rule, ML risk, and behavioral anomaly signals",,,,,,
DRF00300,Control-34,Cloud_Security,enabled=False,enabled=False,Rollback,Critical,Amara Lopez,amara.lopez@company.com,Steven White,steven.white@company.com,2026-04-07 10:54:40,Security Update,Compliant,GDPR,1,0,0,0,LOW,[],47.32,MEDIUM,51.76,0.0486,False,11.0,18.21,LOW,"Weighted rule, ML risk, and behavioral anomaly signals",,,,,,
DRF00352,Control-51,Access_Control,enabled=True,enabled=True,Disable,High,Anthony Lee,anthony.lee@company.com,Jeffrey Thomas,jeffrey.thomas@company.com,2026-04-07 10:54:40,Emergency Fix,Remediated,CIS,0,0,1,0,LOW,[],72.42,HIGH,57.1,0.0433,False,19.59,28.29,LOW,"Weighted rule, ML risk, and behavioral anomaly signals",,,,,,
DRF00162,Control-95,Vulnerability,enabled=True,enabled=True,Rollback,Critical,David Sharma,david.sharma@company.com,Jeffrey Ramirez,jeffrey.ramirez@company.com,2026-04-07 10:54:40,Emergency Fix,Under_Review,NONE,0,0,1,0,LOW,[],62.39,HIGH,62.74,0.0585,False,0.0,21.84,LOW,"Weighted rule, ML risk, and behavioral anomaly signals",,,,,,
DRF00488,Control-33,DLP,enabled=True,enabled=True,Enable,Medium,Jeffrey Thomas,jeffrey.thomas@company.com,Donald Thompson,donald.thompson@company.com,2026-04-07 10:54:40,Performance Tuning,Remediated,CIS,0,0,0,0,LOW,[],31.44,LOW,51.0,0.0398,False,25.34,14.8,LOW,"Weighted rule, ML risk, and behavioral anomaly signals",,,,,,
DRF00289,Control-4,Access_Control,enabled=False,enabled=True,Update,Medium,Sofia Jackson,sofia.jackson@company.com,Isha Sanchez,isha.sanchez@company.com,2026-04-07 10:54:40,Policy Change,Remediated,NONE,0,0,0,0,LOW,[],24.58,LOW,69.79,0.0592,False,0.0,8.6,LOW,"Weighted rule, ML risk, and behavioral anomaly signals",,,,,,
DRF00206,Control-45,Endpoint,enabled=True,enabled=True,Modify,Medium,Priya Robinson,priya.robinson@company.com,Anjali Williams,anjali.williams@company.com,2026-04-07 10:54:40,Performance Tuning,Drifted,GDPR,0,0,0,0,LOW,[],62.51,HIGH,53.96,0.0387,False,27.21,25.96,LOW,"Weighted rule, ML risk, and behavioral anomaly signals",,,,,,
DRF00156,Control-80,Vulnerability,enabled=True,enabled=False,Remove,Critical,Charles Miller,charles.miller@company.com,Priya Lewis,priya.lewis@company.com,2026-04-07 10:54:40,Performance Tuning,Compliant,ISO,0,0,0,0,LOW,[],67.83,HIGH,67.3,0.0473,False,13.11,25.71,LOW,"Weighted rule, ML risk, and behavioral anomaly signals",,,,,,
DRF00240,Control-4,Network_Segmentation,enabled=True,enabled=True,Modify,Low,Brian Sharma,brian.sharma@company.com,Akshay Singh,akshay.singh@company.com,2026-04-07 10:54:40,Security Update,Drifted,PCI,1,0,0,0,LOW,[],50.3,MEDIUM,67.8,0.0486,False,11.06,19.26,LOW,"Weighted rule, ML risk, and behavioral anomaly signals",,,,,,
DRF00092,Control-89,Data_Protection,enabled=False,enabled=False,Modify,Low,Neha Ramirez,neha.ramirez@company.com,Jacob Pillai,jacob.pillai@company.com,2026-04-08 10:54:40,Emergency Fix,Mitigated,NIST,0,0,1,0,LOW,[],38.01,MEDIUM,53.85,0.0409,False,23.51,16.83,LOW,"Weighted rule, ML risk, and behavioral anomaly signals",,,,,,
DRF00089,Control-73,Logging,enabled=False,enabled=True,Disable,Medium,Aditya Taylor,aditya.taylor@company.com,Robert Patel,robert.patel@company.com,2026-04-08 10:54:40,Troubleshooting,Mitigated,NONE,0,0,0,97,CRITICAL,"['aws logs put-retention-policy --log-group-name <group> --retention-in-days 365', 'az monitor diagnostic-settings create --name <setting> --resource <resource-id>']",55.59,MEDIUM,36.74,0.0551,False,0.36,92.0,CRITICAL,Mandatory priority floor applied for Audit Logging Disabled,,,,,,
DRF00035,Control-50,Vulnerability,enabled=False,enabled=True,Update,Critical,Charles Mishra,charles.mishra@company.com,David Das,david.das@company.com,2026-04-08 10:54:40,Troubleshooting,Remediated,ISO,0,0,0,0,LOW,[],45.21,MEDIUM,64.13,0.0428,False,20.45,18.89,LOW,"Weighted rule, ML risk, and behavioral anomaly signals",,,,,,
DRF00235,Control-50,Data_Protection,enabled=True,enabled=False,Modify,High,Sanjana Bhat,sanjana.bhat@company.com,Kevin Jones,kevin.jones@company.com,2026-04-08 10:54:40,Security Update,Mitigated,ISO,1,0,0,0,LOW,[],47.88,MEDIUM,59.74,0.034,False,34.83,21.98,LOW,"Weighted rule, ML risk, and behavioral anomaly signals",,,,,,
DRF00214,Control-13,Logging,enabled=True,enabled=False,Enable,Medium,Edward Moore,edward.moore@company.com,Larry Pillai,larry.pillai@company.com,2026-04-08 10:54:40,Troubleshooting,Drifted,PCI,0,0,0,0,LOW,[],47.18,MEDIUM,62.95,0.0315,False,38.8,22.33,LOW,"Weighted rule, ML risk, and behavioral anomaly signals",,,,,,
DRF00275,Control-75,Data_Protection,enabled=True,enabled=False,Modify,Critical,Andrew Young,andrew.young@company.com,Thomas Thomas,thomas.thomas@company.com,2026-04-08 10:54:40,Policy Change,Remediated,NONE,0,0,0,0,LOW,[],49.84,MEDIUM,58.38,0.0534,False,3.2,17.92,LOW,"Weighted rule, ML risk, and behavioral anomaly signals",,,,,,
DRF00308,Control-35,Encryption,enabled=True,enabled=False,Disable,Medium,Anjali Anderson,anjali.anderson@company.com,Nikhil Clark,nikhil.clark@company.com,2026-04-08 10:54:40,Security Update,Compliant,NONE,1,0,0,98,CRITICAL,"['aws kms enable-key-rotation --key-id <key-id>', 'gcloud kms keys update <key-name> --protection-level=hsm']",35.89,LOW,50.53,0.046,False,15.26,93.0,CRITICAL,Mandatory priority floor applied for Encryption Downgrade,,,,,,
DRF00447,Control-59,Data_Protection,enabled=True,enabled=False,Update,Critical,Andrew Kumar,andrew.kumar@company.com,Raja Johnson,raja.johnson@company.com,2026-04-08 10:54:40,Policy Change,Remediated,NONE,0,0,0,0,LOW,[],41.5,MEDIUM,70.83,0.064,False,0.0,14.52,LOW,"Weighted rule, ML risk, and behavioral anomaly signals",,,,,,
DRF00378,Control-62,DLP,enabled=True,enabled=False,Disable,Medium,Robert Bhat,robert.bhat@company.com,Gary Patel,gary.patel@company.com,2026-04-08 10:54:40,Emergency Fix,Remediated,CIS,0,0,1,86,HIGH,['restore DLP policy from policy-as-code and redeploy to sensitive data repositories'],61.5,HIGH,48.38,0.0492,False,10.01,66.03,HIGH,"Weighted rule, ML risk, and behavioral anomaly signals",,,,,,
DRF00394,Control-22,Vulnerability,enabled=True,enabled=True,Disable,Low,Jacob Johnson,jacob.johnson@company.com,Sanjana Miller,sanjana.miller@company.com,2026-04-08 10:54:40,Troubleshooting,Remediated,PCI,0,0,0,0,LOW,[],43.73,MEDIUM,63.91,0.0379,False,28.39,19.56,LOW,"Weighted rule, ML risk, and behavioral anomaly signals",,,,,,
DRF00029,Control-40,Vulnerability,enabled=True,enabled=False,Update,Critical,Andrew Singh,andrew.singh@company.com,Paul Iyer,paul.iyer@company.com,2026-04-09 10:54:40,Performance Tuning,Remediated,NONE,0,0,0,0,LOW,[],39.9,MEDIUM,70.4,0.0658,False,0.0,13.96,LOW,"Weighted rule, ML risk, and behavioral anomaly signals",,,,,,
DRF00169,Control-24,DLP,enabled=False,enabled=True,Update,High,Christopher Jones,christopher.jones@company.com,Timothy Hernandez,timothy.hernandez@company.com,2026-04-09 10:54:40,Security Update,Compliant,NONE,1,0,0,0,LOW,[],29.54,LOW,54.66,0.0608,False,0.0,10.34,LOW,"Weighted rule, ML risk, and behavioral anomaly signals",,,,,,
DRF00181,Control-64,Endpoint,enabled=True,enabled=True,Update,Critical,Jeffrey Thomas,jeffrey.thomas@company.com,Aditya Robinson,aditya.robinson@company.com,2026-04-09 10:54:40,Policy Change,Remediated,NIST,0,0,0,0,LOW,[],45.75,MEDIUM,68.13,0.0495,False,9.63,17.46,LOW,"Weighted rule, ML risk, and behavioral anomaly signals",,,,,,
DRF00405,Control-34,DLP,enabled=False,enabled=False,Enable,Critical,Andrew Wilson,andrew.wilson@company.com,Xiulan Martinez,xiulan.martinez@company.com,2026-04-09 10:54:40,Troubleshooting,Drifted,ISO,0,0,0,0,LOW,[],64.71,HIGH,65.52,0.0474,False,13.02,78.0,HIGH,Critical unresolved drift floor applied,,,,,,
DRF00369,Control-73,Logging,enabled=True,enabled=False,Rollback,Medium,Arjun Gonzalez,arjun.gonzalez@company.com,Sanjana Gonzalez,sanjana.gonzalez@company.com,2026-04-09 10:54:40,Emergency Fix,Remediated,CIS,0,0,1,0,LOW,[],36.64,MEDIUM,58.81,0.0517,False,5.93,13.71,LOW,"Weighted rule, ML risk, and behavioral anomaly signals",,,,,,
DRF00079,Control-59,Firewall,enabled=True,enabled=True,Disable,Medium,Robert Gupta,robert.gupta@company.com,Riya Robinson,riya.robinson@company.com,2026-04-09 10:54:40,Security Update,Under_Review,CIS,1,0,0,0,LOW,[],75.67,HIGH,57.98,0.0501,False,8.55,42.0,MEDIUM,Unresolved medium-severity review floor applied,,,,,,
DRF00348,Control-18,Vulnerability,enabled=True,enabled=True,Update,Critical,Nadia Hernandez,nadia.hernandez@company.com,Harsh Menon,harsh.menon@company.com,2026-04-09 10:54:40,Performance Tuning,Compliant,PCI,0,0,0,0,LOW,[],44.65,MEDIUM,68.56,0.0553,False,0.1,15.64,LOW,"Weighted rule, ML risk, and behavioral anomaly signals",,,,,,
DRF00478,Control-69,Firewall,enabled=True,enabled=False,Update,Low,Christopher Williams,christopher.williams@company.com,Michael Williams,michael.williams@company.com,2026-04-10 10:54:40,Emergency Fix,Drifted,PCI,0,0,1,0,LOW,[],40.83,MEDIUM,73.2,0.0533,False,3.29,14.78,LOW,"Weighted rule, ML risk, and behavioral anomaly signals",,,,,,
DRF00173,Control-73,Data_Protection,enabled=False,enabled=False,Rollback,Low,Rohan Garcia,rohan.garcia@company.com,Isha Menon,isha.menon@company.com,2026-04-10 10:54:40,Policy Change,Compliant,NONE,0,0,0,0,LOW,[],19.66,LOW,86.7,0.0645,False,0.0,6.88,LOW,"Weighted rule, ML risk, and behavioral anomaly signals",,,,,,
DRF00270,Control-57,Network_Segmentation,enabled=True,enabled=True,Disable,Medium,Aditya Nair,aditya.nair@company.com,Arjun Gonzalez,arjun.gonzalez@company.com,2026-04-10 10:54:40,Policy Change,Compliant,NIST,0,0,0,0,LOW,[],54.35,MEDIUM,46.62,0.0452,False,16.49,21.5,LOW,"Weighted rule, ML risk, and behavioral anomaly signals",,,,,,
DRF00225,Control-18,Cloud_Security,enabled=True,enabled=True,Rollback,Medium,Diya Sanchez,diya.sanchez@company.com,Aditya Lopez,aditya.lopez@company.com,2026-04-10 10:54:40,Performance Tuning,Under_Review,PCI,0,0,0,0,LOW,[],50.21,MEDIUM,65.99,0.0349,False,33.37,42.0,MEDIUM,Unresolved medium-severity review floor applied,,,,,,
DRF00077,Control-59,Access_Control,enabled=False,enabled=True,Rollback,Medium,Sanjana Sanchez,sanjana.sanchez@company.com,Donald Lee,donald.lee@company.com,2026-04-10 10:54:40,Emergency Fix,Drifted,NONE,0,0,1,0,LOW,[],45.19,MEDIUM,48.69,0.0585,False,0.0,15.82,LOW,"Weighted rule, ML risk, and behavioral anomaly signals",,,,,,
DRF00194,Control-64,Data_Protection,enabled=False,enabled=False,Remove,Medium,Isha Moore,isha.moore@company.com,Andrew Iyer,andrew.iyer@company.com,2026-04-10 10:54:40,Security Update,Under_Review,NONE,1,0,0,0,LOW,[],67.23,HIGH,61.9,0.0489,False,10.58,42.0,MEDIUM,Unresolved medium-severity review floor applied,,,,,,
DRF00479,Control-46,Cloud_Security,enabled=False,enabled=False,Remove,High,Diya White,diya.white@company.com,Nadia Verma,nadia.verma@company.com,2026-04-10 10:54:40,Security Update,Mitigated,NIST,1,0,0,88,HIGH,['restore cloud guardrail policy in policy-as-code and redeploy the policy template'],74.87,HIGH,45.92,0.0542,False,1.83,70.48,HIGH,"Weighted rule, ML risk, and behavioral anomaly signals",,,,,,
DRF00329,Control-40,Firewall,enabled=True,enabled=False,Enable,Medium,Vikram Ramirez,vikram.ramirez@company.com,Anthony Patel,anthony.patel@company.com,2026-04-11 10:54:40,Emergency Fix,Remediated,ISO,0,0,1,0,LOW,[],33.48,MEDIUM,51.69,0.0191,False,59.12,20.59,LOW,"Weighted rule, ML risk, and behavioral anomaly signals",,,,,,
DRF00136,Control-25,Encryption,enabled=True,enabled=False,Rollback,Critical,Maria Sharma,maria.sharma@company.com,Sophia Moore,sophia.moore@company.com,2026-04-11 10:54:40,Emergency Fix,Under_Review,NIST,0,0,1,98,CRITICAL,"['aws kms enable-key-rotation --key-id <key-id>', 'gcloud kms keys update <key-name> --protection-level=hsm']",69.25,HIGH,69.6,0.0197,False,58.16,93.0,CRITICAL,Mandatory priority floor applied for Encryption Downgrade,,,,,,
DRF00230,Control-41,DLP,enabled=True,enabled=False,Enable,High,James Sanchez,james.sanchez@company.com,Sophia Thompson,sophia.thompson@company.com,2026-04-11 10:54:40,Performance Tuning,Remediated,NONE,0,0,0,0,LOW,[],38.25,MEDIUM,61.31,0.0251,False,49.28,20.78,LOW,"Weighted rule, ML risk, and behavioral anomaly signals",,,,,,
DRF00287,Control-48,Endpoint,enabled=True,enabled=False,Enable,Low,Ryan Nair,ryan.nair@company.com,Jason Kumar,jason.kumar@company.com,2026-04-12 10:54:40,Emergency Fix,Drifted,ISO,0,0,1,0,LOW,[],36.19,MEDIUM,59.34,0.01,False,73.93,23.76,LOW,"Weighted rule, ML risk, and behavioral anomaly signals",,,,,,
DRF00025,Control-1,Vulnerability,enabled=False,enabled=True,Disable,High,Akshay Sanchez,akshay.sanchez@company.com,Aditya Thompson,aditya.thompson@company.com,2026-04-12 10:54:40,Security Update,Remediated,NONE,1,0,0,0,LOW,[],47.39,LOW,38.97,0.0217,False,54.85,24.81,LOW,"Weighted rule, ML risk, and behavioral anomaly signals",,,,,,
DRF00269,Control-29,Vulnerability,enabled=True,enabled=False,Modify,Medium,Meera Menon,meera.menon@company.com,Donald Miller,donald.miller@company.com,2026-04-12 10:54:40,Performance Tuning,Under_Review,PCI,0,0,0,0,LOW,[],57.04,MEDIUM,57.56,0.0189,False,59.37,42.0,MEDIUM,Unresolved medium-severity review floor applied,,,,,,
DRF00367,Control-4,Firewall,enabled=False,enabled=True,Modify,Medium,Thomas Brown,thomas.brown@company.com,Nicholas Reddy,nicholas.reddy@company.com,2026-04-12 10:54:40,Emergency Fix,Remediated,GDPR,0,0,1,0,LOW,[],47.06,MEDIUM,62.61,0.0247,False,49.91,23.96,LOW,"Weighted rule, ML risk, and behavioral anomaly signals",,,,,,
DRF00125,Control-15,Vulnerability,enabled=False,enabled=False,Enable,Low,Joseph Perez,joseph.perez@company.com,Daniel Perez,daniel.perez@company.com,2026-04-12 10:54:40,Security Update,Compliant,NONE,1,0,0,0,LOW,[],19.72,LOW,86.07,0.0298,False,41.66,13.15,LOW,"Weighted rule, ML risk, and behavioral anomaly signals",,,,,,
DRF00417,Control-54,Logging,enabled=False,enabled=False,Modify,Critical,Anthony Menon,anthony.menon@company.com,Fatima Sanchez,fatima.sanchez@company.com,2026-04-12 10:54:40,Performance Tuning,Remediated,PCI,0,0,0,0,LOW,[],66.39,HIGH,61.58,0.0043,False,83.22,35.72,LOW,"Weighted rule, ML risk, and behavioral anomaly signals",,,,,,
DRF00274,Control-38,Logging,enabled=False,enabled=True,Update,Low,Donald Miller,donald.miller@company.com,Elena Johnson,elena.johnson@company.com,2026-04-13 10:54:40,Emergency Fix,Compliant,NONE,0,0,1,0,LOW,[],17.51,LOW,92.13,0.0525,False,4.68,6.83,LOW,"Weighted rule, ML risk, and behavioral anomaly signals",,,,,,
DRF00137,Control-68,DLP,enabled=True,enabled=False,Update,Medium,Sofia Harris,sofia.harris@company.com,Joseph Kumar,joseph.kumar@company.com,2026-04-13 10:54:40,Policy Change,Remediated,ISO,0,0,0,0,LOW,[],31.49,MEDIUM,50.06,0.0458,False,15.57,13.36,LOW,"Weighted rule, ML risk, and behavioral anomaly signals",,,,,,
DRF00205,Control-73,Firewall,enabled=False,enabled=True,Disable,Critical,Thomas Gupta,thomas.gupta@company.com,Joseph Reddy,joseph.reddy@company.com,2026-04-13 10:54:40,Security Update,Compliant,NONE,1,0,0,0,LOW,[],61.6,MEDIUM,30.9,0.0456,False,15.95,23.95,LOW,"Weighted rule, ML risk, and behavioral anomaly signals",,,,,,
DRF00426,Control-78,Data_Protection,enabled=False,enabled=True,Enable,Critical,Yuki Martinez,yuki.martinez@company.com,Isha Lee,isha.lee@company.com,2026-04-13 10:54:40,Emergency Fix,Compliant,NONE,0,0,1,0,LOW,[],37.27,MEDIUM,53.06,0.0383,False,27.86,17.22,LOW,"Weighted rule, ML risk, and behavioral anomaly signals",,,,,,
DRF00357,Control-24,Access_Control,enabled=False,enabled=True,Update,High,Nisha Das,nisha.das@company.com,Jonathan Sanchez,jonathan.sanchez@company.com,2026-04-13 10:54:40,Policy Change,Compliant,GDPR,0,0,0,0,LOW,[],38.35,MEDIUM,58.42,0.0602,False,0.0,13.42,LOW,"Weighted rule, ML risk, and behavioral anomaly signals",,,,,,
DRF00224,Control-33,Firewall,enabled=False,enabled=True,Update,Medium,Robert Robinson,robert.robinson@company.com,Sofia Lewis,sofia.lewis@company.com,2026-04-13 10:54:40,Policy Change,Under_Review,ISO,0,0,0,0,LOW,[],43.72,MEDIUM,80.98,0.0513,False,6.58,42.0,MEDIUM,Unresolved medium-severity review floor applied,,,,,,
DRF00414,Control-88,Access_Control,enabled=False,enabled=False,Remove,Low,Raja Moore,raja.moore@company.com,Maria Gupta,maria.gupta@company.com,2026-04-14 10:54:40,Emergency Fix,Remediated,GDPR,0,0,1,0,LOW,[],43.9,MEDIUM,63.64,0.0462,False,14.96,17.61,LOW,"Weighted rule, ML risk, and behavioral anomaly signals",,,,,,
DRF00272,Control-79,Logging,enabled=False,enabled=True,Rollback,Low,Daniel Das,daniel.das@company.com,Joseph Clark,joseph.clark@company.com,2026-04-14 10:54:40,Performance Tuning,Remediated,NIST,0,0,0,0,LOW,[],21.09,LOW,80.93,0.0438,False,18.9,10.22,LOW,"Weighted rule, ML risk, and behavioral anomaly signals",,,,,,
DRF00362,Control-84,Encryption,enabled=True,enabled=True,Update,Medium,Edward Reddy,edward.reddy@company.com,Timothy Nair,timothy.nair@company.com,2026-04-14 10:54:40,Emergency Fix,Compliant,PCI,0,0,1,0,LOW,[],26.8,LOW,64.05,0.0453,False,16.35,11.83,LOW,"Weighted rule, ML risk, and behavioral anomaly signals",,,,,,
DRF00384,Control-86,Vulnerability,enabled=True,enabled=False,Rollback,Medium,Jonathan Miller,jonathan.miller@company.com,Elena Nair,elena.nair@company.com,2026-04-14 10:54:40,Performance Tuning,Mitigated,NONE,0,0,0,0,LOW,[],40.0,MEDIUM,59.18,0.0556,False,0.0,14.0,LOW,"Weighted rule, ML risk, and behavioral anomaly signals",,,,,,
DRF00163,Control-32,Network_Segmentation,enabled=True,enabled=False,Update,Critical,Ryan Lee,ryan.lee@company.com,Nisha Singh,nisha.singh@company.com,2026-04-14 10:54:40,Policy Change,Drifted,PCI,0,0,0,0,LOW,[],63.61,HIGH,60.04,0.0607,False,0.0,78.0,HIGH,Critical unresolved drift floor applied,,,,,,
DRF00107,Control-94,Data_Protection,enabled=True,enabled=False,Update,Low,Andrew Lewis,andrew.lewis@company.com,Nikhil Anderson,nikhil.anderson@company.com,2026-04-14 10:54:40,Emergency Fix,Under_Review,ISO,0,0,1,0,LOW,[],37.69,MEDIUM,57.64,0.0403,False,24.53,16.87,LOW,"Weighted rule, ML risk, and behavioral anomaly signals",,,,,,
DRF00448,Control-59,Encryption,enabled=True,enabled=True,Remove,Medium,Akshay Ghosh,akshay.ghosh@company.com,Mark Sanchez,mark.sanchez@company.com,2026-04-14 10:54:40,Performance Tuning,Mitigated,PCI,0,0,0,0,LOW,[],62.33,HIGH,55.01,0.0401,False,24.85,25.54,LOW,"Weighted rule, ML risk, and behavioral anomaly signals",,,,,,
DRF00096,Control-6,Cloud_Security,enabled=True,enabled=False,Disable,High,Sanjana Sharma,sanjana.sharma@company.com,Pooja Lopez,pooja.lopez@company.com,2026-04-14 10:54:40,Performance Tuning,Remediated,CIS,0,0,0,88,HIGH,['restore cloud guardrail policy in policy-as-code and redeploy the policy template'],73.76,HIGH,56.4,0.0468,False,13.89,71.9,HIGH,"Weighted rule, ML risk, and behavioral anomaly signals",,,,,,
DRF00457,Control-70,Data_Protection,enabled=False,enabled=False,Disable,Medium,Arjun Harris,arjun.harris@company.com,Nikhil Williams,nikhil.williams@company.com,2026-04-15 10:54:40,Performance Tuning,Under_Review,ISO,0,0,0,0,LOW,[],74.47,HIGH,65.83,0.0317,False,38.55,42.0,MEDIUM,Unresolved medium-severity review floor applied,,,,,,
DRF00266,Control-36,Logging,enabled=True,enabled=True,Update,Medium,Harsh Patel,harsh.patel@company.com,Aisha Perez,aisha.perez@company.com,2026-04-15 10:54:40,Emergency Fix,Remediated,ISO,0,0,1,0,LOW,[],31.24,MEDIUM,48.87,0.0469,False,13.73,12.99,LOW,"Weighted rule, ML risk, and behavioral anomaly signals",,,,,,
DRF00047,Control-77,Cloud_Security,enabled=True,enabled=True,Modify,Critical,Charles Martin,charles.martin@company.com,Stephen Kumar,stephen.kumar@company.com,2026-04-15 10:54:40,Policy Change,Under_Review,CIS,0,0,0,0,LOW,[],76.07,HIGH,57.4,0.0531,False,3.71,27.18,LOW,"Weighted rule, ML risk, and behavioral anomaly signals",,,,,,
DRF00250,Control-17,Vulnerability,enabled=False,enabled=True,Rollback,High,Karan Nair,karan.nair@company.com,Deepika Patel,deepika.patel@company.com,2026-04-15 10:54:40,Policy Change,Mitigated,NONE,0,0,0,0,LOW,[],49.37,MEDIUM,58.09,0.0631,False,0.0,17.28,LOW,"Weighted rule, ML risk, and behavioral anomaly signals",,,,,,
DRF00241,Control-99,Cloud_Security,enabled=False,enabled=False,Modify,Low,Eric Jones,eric.jones@company.com,Mark Thomas,mark.thomas@company.com,2026-04-15 10:54:40,Security Update,Under_Review,ISO,1,0,0,0,LOW,[],47.47,MEDIUM,71.93,0.0415,False,22.53,19.99,LOW,"Weighted rule, ML risk, and behavioral anomaly signals",,,,,,
DRF00373,Control-87,Encryption,enabled=True,enabled=False,Enable,Critical,Yuki Kumar,yuki.kumar@company.com,Sanjana Harris,sanjana.harris@company.com,2026-04-15 10:54:40,Troubleshooting,Compliant,NONE,0,0,0,98,CRITICAL,"['aws kms enable-key-rotation --key-id <key-id>', 'gcloud kms keys update <key-name> --protection-level=hsm']",38.84,MEDIUM,54.3,0.0364,False,30.82,93.0,CRITICAL,Mandatory priority floor applied for Encryption Downgrade,,,,,,
DRF00380,Control-69,Data_Protection,enabled=False,enabled=False,Modify,Critical,Maria Brown,maria.brown@company.com,Kenneth Kumar,kenneth.kumar@company.com,2026-04-15 10:54:40,Security Update,Remediated,GDPR,1,0,0,0,LOW,[],50.49,MEDIUM,51.96,0.0485,False,11.1,19.34,LOW,"Weighted rule, ML risk, and behavioral anomaly signals",,,,,,
DRF00243,Control-28,Data_Protection,enabled=False,enabled=False,Modify,Medium,Michael Clark,michael.clark@company.com,Fatima Taylor,fatima.taylor@company.com,2026-04-15 10:54:40,Performance Tuning,Drifted,PCI,0,0,0,0,LOW,[],63.8,HIGH,55.84,0.0379,False,28.51,26.61,LOW,"Weighted rule, ML risk, and behavioral anomaly signals",,,,,,
DRF00104,Control-73,Access_Control,enabled=True,enabled=False,Enable,Low,Riya Reddy,riya.reddy@company.com,Gary Williams,gary.williams@company.com,2026-04-15 10:54:40,Performance Tuning,Under_Review,CIS,0,0,0,0,LOW,[],36.33,MEDIUM,55.7,0.044,False,18.45,15.48,LOW,"Weighted rule, ML risk, and behavioral anomaly signals",,,,,,
DRF00452,Control-16,Firewall,enabled=False,enabled=True,Modify,Low,Gary Lee,gary.lee@company.com,Zainab Davis,zainab.davis@company.com,2026-04-16 10:54:40,Emergency Fix,Mitigated,NONE,0,0,1,0,LOW,[],27.62,LOW,62.07,0.0585,False,0.0,9.67,LOW,"Weighted rule, ML risk, and behavioral anomaly signals",,,,,,
DRF00006,Control-41,Access_Control,enabled=True,enabled=False,Remove,High,Aisha Sharma,aisha.sharma@company.com,Andrew Singh,andrew.singh@company.com,2026-04-16 10:54:40,Emergency Fix,Mitigated,CIS,0,0,1,0,LOW,[],76.37,HIGH,47.85,0.062,False,0.0,26.73,LOW,"Weighted rule, ML risk, and behavioral anomaly signals",,,,,,
DRF00258,Control-49,Vulnerability,enabled=False,enabled=True,Enable,High,Jeffrey Das,jeffrey.das@company.com,Deepika Patel,deepika.patel@company.com,2026-04-16 10:54:40,Emergency Fix,Drifted,NONE,0,0,1,0,LOW,[],53.82,MEDIUM,48.76,0.0577,False,0.0,18.84,LOW,"Weighted rule, ML risk, and behavioral anomaly signals",,,,,,
DRF00456,Control-42,Logging,enabled=True,enabled=True,Disable,Critical,Donald Iyer,donald.iyer@company.com,Anjali Thompson,anjali.thompson@company.com,2026-04-16 10:54:40,Security Update,Drifted,NIST,1,0,0,97,CRITICAL,"['aws logs put-retention-policy --log-group-name <group> --retention-in-days 365', 'az monitor diagnostic-settings create --name <setting> --resource <resource-id>']",93.69,CRITICAL,86.76,0.0424,False,21.18,92.0,CRITICAL,Mandatory priority floor applied for Audit Logging Disabled,,,,,,
DRF00200,Control-20,DLP,enabled=False,enabled=False,Remove,Info,Edward Lopez,edward.lopez@company.com,Daniel Hernandez,daniel.hernandez@company.com,2026-04-16 10:54:40,Troubleshooting,Mitigated,ISO,0,0,0,86,HIGH,['restore DLP policy from policy-as-code and redeploy to sensitive data repositories'],43.74,MEDIUM,73.27,0.0526,False,4.49,58.98,MEDIUM,"Weighted rule, ML risk, and behavioral anomaly signals",,,,,,
DRF00465,Control-32,Vulnerability,enabled=True,enabled=True,Update,Low,Donald Miller,donald.miller@company.com,Xiulan Lopez,xiulan.lopez@company.com,2026-04-16 10:54:40,Security Update,Drifted,NONE,1,0,0,0,LOW,[],35.75,MEDIUM,53.49,0.0682,False,0.0,12.51,LOW,"Weighted rule, ML risk, and behavioral anomaly signals",,,,,,
DRF00259,Control-81,Access_Control,enabled=False,enabled=True,Rollback,Medium,Andrew Rao,andrew.rao@company.com,Nadia Pillai,nadia.pillai@company.com,2026-04-16 10:54:40,Security Update,Remediated,PCI,1,0,0,0,LOW,[],27.11,LOW,63.41,0.06,False,0.0,9.49,LOW,"Weighted rule, ML risk, and behavioral anomaly signals",,,,,,
DRF00432,Control-69,Logging,enabled=False,enabled=True,Enable,High,Kenneth Verma,kenneth.verma@company.com,Neha Ghosh,neha.ghosh@company.com,2026-04-17 10:54:40,Emergency Fix,Compliant,NONE,0,0,1,0,LOW,[],30.8,LOW,52.14,0.0508,False,7.42,11.89,LOW,"Weighted rule, ML risk, and behavioral anomaly signals",,,,,,
DRF00083,Control-25,Endpoint,enabled=True,enabled=False,Update,Medium,Jeffrey Thompson,jeffrey.thompson@company.com,Kenneth Anderson,kenneth.anderson@company.com,2026-04-17 10:54:40,Performance Tuning,Mitigated,CIS,0,0,0,0,LOW,[],36.88,MEDIUM,57.84,0.0482,False,11.75,14.67,LOW,"Weighted rule, ML risk, and behavioral anomaly signals",,,,,,
DRF00315,Control-41,Cloud_Security,enabled=True,enabled=False,Rollback,Low,Richard Iyer,richard.iyer@company.com,Charles Patel,charles.patel@company.com,2026-04-17 10:54:40,Troubleshooting,Drifted,CIS,0,0,0,0,LOW,[],42.42,MEDIUM,67.41,0.0508,False,7.41,15.96,LOW,"Weighted rule, ML risk, and behavioral anomaly signals",,,,,,
DRF00176,Control-47,Encryption,enabled=True,enabled=True,Update,Critical,Anjali Thompson,anjali.thompson@company.com,Nicholas Williams,nicholas.williams@company.com,2026-04-17 10:54:40,Emergency Fix,Remediated,ISO,0,0,1,0,LOW,[],46.96,MEDIUM,57.25,0.0498,False,8.99,17.78,LOW,"Weighted rule, ML risk, and behavioral anomaly signals",,,,,,
DRF00233,Control-49,Access_Control,enabled=True,enabled=False,Remove,Medium,Neha Verma,neha.verma@company.com,Leila White,leila.white@company.com,2026-04-17 10:54:40,Emergency Fix,Remediated,NIST,0,0,1,0,LOW,[],58.34,HIGH,47.45,0.0547,False,1.1,20.58,LOW,"Weighted rule, ML risk, and behavioral anomaly signals",,,,,,
DRF00074,Control-98,Access_Control,enabled=True,enabled=True,Rollback,Info,Anthony Rao,anthony.rao@company.com,Nadia Iyer,nadia.iyer@company.com,2026-04-17 10:54:40,Emergency Fix,Compliant,GDPR,0,0,1,0,LOW,[],22.81,LOW,78.47,0.0475,False,12.75,9.9,LOW,"Weighted rule, ML risk, and behavioral anomaly signals",,,,,,
DRF00008,Control-23,Access_Control,enabled=True,enabled=True,Modify,High,Nicholas Patel,nicholas.patel@company.com,Pooja Patel,pooja.patel@company.com,2026-04-17 10:54:40,Emergency Fix,Mitigated,ISO,0,0,1,0,LOW,[],51.93,MEDIUM,64.77,0.044,False,18.59,20.96,LOW,"Weighted rule, ML risk, and behavioral anomaly signals",,,,,,
DRF00353,Control-29,Cloud_Security,enabled=False,enabled=False,Rollback,Medium,Kenneth Anderson,kenneth.anderson@company.com,Larry Lewis,larry.lewis@company.com,2026-04-18 10:54:40,Troubleshooting,Mitigated,GDPR,0,0,0,0,LOW,[],47.67,MEDIUM,69.18,0.0423,False,21.3,19.88,LOW,"Weighted rule, ML risk, and behavioral anomaly signals",,,,,,
DRF00172,Control-25,Logging,enabled=False,enabled=False,Rollback,Medium,Jacob Clark,jacob.clark@company.com,Stephen Harris,stephen.harris@company.com,2026-04-18 10:54:40,Troubleshooting,Remediated,NIST,0,0,0,0,LOW,[],43.05,MEDIUM,65.49,0.0298,False,41.64,21.31,LOW,"Weighted rule, ML risk, and behavioral anomaly signals",,,,,,
DRF00267,Control-55,Logging,enabled=True,enabled=False,Remove,Critical,Meera Lewis,meera.lewis@company.com,Jonathan Jackson,jonathan.jackson@company.com,2026-04-18 10:54:40,Troubleshooting,Mitigated,GDPR,0,0,0,97,CRITICAL,"['aws logs put-retention-policy --log-group-name <group> --retention-in-days 365', 'az monitor diagnostic-settings create --name <setting> --resource <resource-id>']",85.16,CRITICAL,58.73,0.0288,False,43.27,92.0,CRITICAL,Mandatory priority floor applied for Audit Logging Disabled,,,,,,
DRF00007,Control-90,Access_Control,enabled=True,enabled=False,Modify,Medium,Andrew Smith,andrew.smith@company.com,Edward Wilson,edward.wilson@company.com,2026-04-18 10:54:40,Performance Tuning,Compliant,CIS,0,0,0,0,LOW,[],43.52,MEDIUM,59.85,0.0206,False,56.65,23.73,LOW,"Weighted rule, ML risk, and behavioral anomaly signals",,,,,,
DRF00011,Control-56,Firewall,enabled=True,enabled=True,Disable,Medium,Akshay Lopez,akshay.lopez@company.com,Kenneth Johnson,kenneth.johnson@company.com,2026-04-18 10:54:40,Emergency Fix,Drifted,GDPR,0,0,1,0,LOW,[],85.72,CRITICAL,57.46,0.0296,False,41.95,36.29,LOW,"Weighted rule, ML risk, and behavioral anomaly signals",,,,,,
DRF00010,Control-9,Data_Protection,enabled=True,enabled=True,Disable,High,James Clark,james.clark@company.com,Aditya Gonzalez,aditya.gonzalez@company.com,2026-04-18 10:54:40,Troubleshooting,Drifted,NIST,0,0,0,0,LOW,[],93.33,CRITICAL,82.83,0.0405,False,24.21,36.3,LOW,"Weighted rule, ML risk, and behavioral anomaly signals",,,,,,
DRF00302,Control-84,Firewall,enabled=False,enabled=False,Update,Low,Diya Smith,diya.smith@company.com,Harsh Robinson,harsh.robinson@company.com,2026-04-18 10:54:40,Security Update,Under_Review,NONE,1,0,0,0,LOW,[],25.63,LOW,68.07,0.0422,False,21.43,12.18,LOW,"Weighted rule, ML risk, and behavioral anomaly signals",,,,,,
DRF00072,Control-69,Logging,enabled=True,enabled=False,Disable,Medium,Christopher Verma,christopher.verma@company.com,Donald Moore,donald.moore@company.com,2026-04-19 10:54:40,Policy Change,Under_Review,NIST,0,0,0,97,CRITICAL,"['aws logs put-retention-policy --log-group-name <group> --retention-in-days 365', 'az monitor diagnostic-settings create --name <setting> --resource <resource-id>']",78.46,HIGH,46.94,0.0337,False,35.29,92.0,CRITICAL,Mandatory priority floor applied for Audit Logging Disabled,,,,,,
DRF00101,Control-11,Firewall,enabled=False,enabled=True,Disable,Medium,William Mishra,william.mishra@company.com,Diya Perez,diya.perez@company.com,2026-04-19 10:54:40,Performance Tuning,Mitigated,NIST,0,0,0,0,LOW,[],70.53,HIGH,58.34,0.0215,False,55.14,32.96,LOW,"Weighted rule, ML risk, and behavioral anomaly signals",,,,,,
DRF00495,Control-4,Encryption,enabled=False,enabled=False,Modify,Low,Donald Iyer,donald.iyer@company.com,Zainab Menon,zainab.menon@company.com,2026-04-19 10:54:40,Troubleshooting,Under_Review,CIS,0,0,0,98,CRITICAL,"['aws kms enable-key-rotation --key-id <key-id>', 'gcloud kms keys update <key-name> --protection-level=hsm']",48.17,MEDIUM,73.27,0.0089,False,75.7,93.0,CRITICAL,Mandatory priority floor applied for Encryption Downgrade,,,,,,
DRF00326,Control-88,Firewall,enabled=False,enabled=False,Rollback,Critical,Jason Patel,jason.patel@company.com,Harsh Martinez,harsh.martinez@company.com,2026-04-19 10:54:40,Troubleshooting,Drifted,NONE,0,0,0,0,LOW,[],66.54,HIGH,66.8,0.0438,False,18.8,78.0,HIGH,Critical unresolved drift floor applied,,,,,,
DRF00056,Control-84,Firewall,enabled=True,enabled=True,Enable,Low,Michael Thompson,michael.thompson@company.com,Yuki Menon,yuki.menon@company.com,2026-04-19 10:54:40,Troubleshooting,Mitigated,NIST,0,0,0,0,LOW,[],25.16,LOW,70.47,0.0218,False,54.65,17.0,LOW,"Weighted rule, ML risk, and behavioral anomaly signals",,,,,,
DRF00445,Control-84,DLP,enabled=True,enabled=False,Enable,Low,Matthew Clark,matthew.clark@company.com,Varun Mishra,varun.mishra@company.com,2026-04-19 10:54:40,Emergency Fix,Drifted,GDPR,0,0,1,0,LOW,[],38.84,MEDIUM,62.2,0.0146,False,66.39,23.55,LOW,"Weighted rule, ML risk, and behavioral anomaly signals",,,,,,
DRF00375,Control-72,Network_Segmentation,enabled=False,enabled=False,Modify,Low,Jacob Miller,jacob.miller@company.com,William Ghosh,william.ghosh@company.com,2026-04-20 10:54:40,Emergency Fix,Mitigated,ISO,0,0,1,0,LOW,[],38.64,MEDIUM,63.37,0.0372,False,29.59,17.96,LOW,"Weighted rule, ML risk, and behavioral anomaly signals",,,,,,
DRF00238,Control-39,DLP,enabled=True,enabled=False,Modify,Critical,Thomas Patel,thomas.patel@company.com,Kenneth Garcia,kenneth.garcia@company.com,2026-04-20 10:54:40,Security Update,Remediated,NONE,1,0,0,0,LOW,[],43.57,MEDIUM,50.52,0.0411,False,23.21,18.73,LOW,"Weighted rule, ML risk, and behavioral anomaly signals",,,,,,
DRF00434,Control-59,Access_Control,enabled=False,enabled=False,Disable,Low,Sophia Smith,sophia.smith@company.com,Ronald Ghosh,ronald.ghosh@company.com,2026-04-20 10:54:40,Troubleshooting,Under_Review,NIST,0,0,0,0,LOW,[],68.22,HIGH,64.91,0.0353,False,32.72,28.78,LOW,"Weighted rule, ML risk, and behavioral anomaly signals",,,,,,
,CloudTrail Disabled,Logging,approved_configuration,"{""request"": {""name"": ""organization-security-trail""}, ""response"": {}}",Disable,Critical,,,,,2026-06-12T02:14:31Z,Cloud API Activity,Drifted,NIST,0,0,0,100,CRITICAL,"['aws cloudtrail update-trail --name <trail-name> --is-logging TRUE', 'aws cloudtrail start-logging --name <trail-name>', 'aws logs put-retention-policy --log-group-name <group> --retention-in-days 365', 'az monitor diagnostic-settings create --name <setting> --resource <resource-id>']",92.32,CRITICAL,82.16,0.0344,False,56.38,95.0,CRITICAL,Mandatory priority floor applied for CloudTrail Disabled,configuration_change,AWS CloudTrail,aws-ct-001,arn:aws:sts::123456789012:assumed-role/OperationsAdmin/ops-session,,"{'aws_region': 'ap-south-1', 'source_ip': '198.51.100.17', 'raw_event_name': 'StopLogging'}"
,Firewall Rule Changed,Firewall,approved_configuration,"{""request"": {""groupId"": ""sg-0abc123"", ""ipPermissions"": [{""cidrIp"": ""0.0.0.0/0"", ""fromPort"": 22, ""toPort"": 22}]}, ""response"": {""return"": true}}",Modify,High,,,,,2026-06-12T03:08:15Z,Cloud API Activity,Drifted,NIST,0,0,0,88,HIGH,"['aws ec2 revoke-security-group-ingress --group-id <sg-id> --protocol tcp --cidr 0.0.0.0/0', 'az network nsg rule update --name <rule> --nsg-name <nsg> --priority 100']",76.72,HIGH,48.29,0.0275,False,100.0,84.99,HIGH,"Weighted rule, ML risk, and behavioral anomaly signals",configuration_change,AWS CloudTrail,aws-sg-002,arn:aws:iam::123456789012:user/cloud-operator,,"{'aws_region': 'ap-south-1', 'source_ip': '203.0.113.44', 'raw_event_name': 'AuthorizeSecurityGroupIngress'}"
,MFA Disabled,Access_Control,approved_configuration,"[{""key"": ""policy"", ""value"": ""Require MFA for administrators""}]",Disable,Critical,,,,,2026-06-12T01:42:00Z,Azure Control Plane Activity,Drifted,NIST,0,0,0,100,CRITICAL,"['aws iam enable-mfa-device --user-name <user> --serial-number <mfa-serial>', 'az ad user update --id <user> --force-change-password-next-login true', 'aws iam remove-user-from-group --user-name <user> --group-name <group>', 'gcloud projects remove-iam-policy-binding <project> --member=user:<user> --role=<role>']",90.96,CRITICAL,77.1,0.0333,False,64.49,95.0,CRITICAL,Mandatory priority floor applied for MFA Disabled,configuration_change,Azure Audit,azure-ca-001,{'user': {'userPrincipalName': 'cloud.admin@example.com'}},,"{'resource_id': None, 'category': None, 'raw_operation': 'Disable conditional access MFA policy'}"
,Microsoft.Authorization/roleAssignments/write,Cloud_Security,approved_configuration,"{""principal"": ""vendor-user"", ""roleDefinitionName"": ""Owner""}",Modify,Medium,,,,,2026-06-12T22:10:00Z,Azure Control Plane Activity,Drifted,NIST,0,0,0,0,LOW,[],62.01,MEDIUM,44.38,0.0436,False,0.0,21.7,LOW,"Weighted rule, ML risk, and behavioral anomaly signals",configuration_change,Azure Audit,azure-role-002,breakglass.operator@example.com,,"{'resource_id': '/subscriptions/example/providers/Microsoft.Authorization/roleAssignments/abc', 'category': 'Administrative', 'raw_operation': 'Microsoft.Authorization/roleAssignments/write'}"
